path,label,label_id,group,group_raw,orig_split,aug_idx,fold,role_f0,role_f1,role_f2,role_f3,role_f4,md5
train/Corrosion/100_10_JPG_jpg.rf.8O1YRpKNBKrsYzLtFqv3.jpg,Corrosion,0,P100,P100,train,10,3,val,val,val,test,train,67a9592ecaf33b4cca0bcc21204830b0
train/Corrosion/100_13_JPG_jpg.rf.BBMgtezA1t8gONobL0DR.jpg,Corrosion,0,P100,P100,train,13,3,val,val,val,test,train,50e314456cce54ae19cac67b7b5fc837
train/Corrosion/105_13_JPG_jpg.rf.8GMdkdAXYjTzN0w8EgxD.jpg,Corrosion,0,P105,P105,train,13,4,train,train,train,train,test,2ed3a6f3642e110f072ea5e14a47aafc
train/Corrosion/105_14_JPG_jpg.rf.18Xt05gQ9hTt2kA8EBOG.jpg,Corrosion,0,P105,P105,train,14,4,train,train,train,train,test,d5ed353fbd1b662570aa9b49d3900f8e
train/Corrosion/105_15_JPG_jpg.rf.kxtPTHFz92Q3HDub63Tb.jpg,Corrosion,0,P105,P105,train,15,4,train,train,train,train,test,6c4a8c5826d04a6f8f90a3fcaef380a2
train/Corrosion/105_17_JPG_jpg.rf.3GPVGEOz2MYc4vjqulUk.jpg,Corrosion,0,P105,P105,train,17,4,train,train,train,train,test,65bd6936cc0ef02954bf21f98e267086
train/Corrosion/105_19_JPG_jpg.rf.cv6ktRYRYLTz5uW8ckRy.jpg,Corrosion,0,P105,P105,train,19,4,train,train,train,train,test,67781aab5616d41472b5a8b444cd79bf
train/Corrosion/105_20_JPG_jpg.rf.1kcYWlM71xmUbdD9YjRP.jpg,Corrosion,0,P105,P105,train,20,4,train,train,train,train,test,2ec06d768341ebbe6e768d0deafec3a8
train/Corrosion/105_24_JPG_jpg.rf.C28wDFbedBiXpbK1dx4s.jpg,Corrosion,0,P105,P105,train,24,4,train,train,train,train,test,3b658da264e5e9d4f71debc6dcd9fddf
train/Corrosion/105_25_JPG_jpg.rf.bL0SKg79cGBjl5yonLmh.jpg,Corrosion,0,P105,P105,train,25,4,train,train,train,train,test,16a5a888ad673e4e7fa6fffde17ed31b
train/Corrosion/158_1_JPG_jpg.rf.2Z5CH896Ntqe9vkesiOx.jpg,Corrosion,0,P158,P158,train,1,0,test,train,train,train,train,6d279ab9b5f9de8b14a464e9b345130c
train/Corrosion/158_24_JPG_jpg.rf.Hyep3oSsJ7R8gL1S7AzI.jpg,Corrosion,0,P158,P158,train,24,0,test,train,train,train,train,809d2c5414d7a55eeb6951cde247c6a8
train/Corrosion/158_2_JPG_jpg.rf.N7KWHtA15qW6pfAaOtJV.jpg,Corrosion,0,P158,P158,train,2,0,test,train,train,train,train,c9f08fbc18c943f1b26f5423e07b6f28
train/Corrosion/158_5_JPG_jpg.rf.BYW2YtgvvBJz9X3dFGhc.jpg,Corrosion,0,P158,P158,train,5,0,test,train,train,train,train,ef09d20d2ede81c5c3b19ad0bd3f58a2
train/Corrosion/38_17_JPG_jpg.rf.Vh9wL7FBU8XfCbSbVid6.jpg,Corrosion,0,P38,P38,train,17,0,test,train,train,train,train,afdecb55f8d480963cf330f5ef0435ee
train/Corrosion/38_18_JPG_jpg.rf.iYeEdwAx7NvCwqjlerJd.jpg,Corrosion,0,P38,P38,train,18,0,test,train,train,train,train,94425d93dd3b79546ae9f820b699891a
train/Corrosion/38_4_JPG_jpg.rf.AG5DeK0bG9ggtOj9i9C9.jpg,Corrosion,0,P38,P38,train,4,0,test,train,train,train,train,b2aadacf7e3c26637a98377af9e7ba31
train/Corrosion/38_6_JPG_jpg.rf.D3QfACCUPT6xuz0SOG3C.jpg,Corrosion,0,P38,P38,train,6,0,test,train,train,train,train,b7ae3c48d7223b82322a523e9dfeb0dd
train/Corrosion/44_15_JPG_jpg.rf.sGJyIN0hjtcOKvzsbHdv.jpg,Corrosion,0,P44,P44,train,15,1,train,test,train,train,train,d0823d45d438f4be4ce3e2bc7a787704
train/Corrosion/44_16_JPG_jpg.rf.XYSnk3LBr3XCoGmBM4Xg.jpg,Corrosion,0,P44,P44,train,16,1,train,test,train,train,train,ec59e01acd949fbf04c4a6c3aa3b0ce0
train/Corrosion/44_19_JPG_jpg.rf.47ko5HSC79TlHYIueYCF.jpg,Corrosion,0,P44,P44,train,19,1,train,test,train,train,train,39e1c4001ab761bc2e1ba151d4f0d783
train/Corrosion/44_23_JPG_jpg.rf.9wsss8YZfyn89ZYGKXYZ.jpg,Corrosion,0,P44,P44,train,23,1,train,test,train,train,train,b89feda24122786f02833bf9f82db9f7
train/Corrosion/96_0_JPG_jpg.rf.8Kz46thzZvlAnT9O1Lnp.jpg,Corrosion,0,P96,P96,train,0,3,train,train,train,test,val,249c2aa0da46327345e758589895a431
train/Corrosion/96_10_JPG_jpg.rf.1PPDTdx8PFOT336vxdXk.jpg,Corrosion,0,P96,P96,train,10,3,train,train,train,test,val,fbe6e8cb4dfcecb533bf529e20146325
train/Corrosion/96_11_JPG_jpg.rf.17MpWOPzVfpcKiBz6nrr.jpg,Corrosion,0,P96,P96,train,11,3,train,train,train,test,val,76122c7e54ae2199f8ad5408c4b93cc8
train/Corrosion/96_16_JPG_jpg.rf.cWB30wdwFBKJZ0VmHHWt.jpg,Corrosion,0,P96,P96,train,16,3,train,train,train,test,val,29d9411b19e72356acb1af4cff1f533c
train/Corrosion/96_1_JPG_jpg.rf.adGkVYB26Xm61jrv8UNt.jpg,Corrosion,0,P96,P96,train,1,3,train,train,train,test,val,d7c34e003a0ed4a5e53ee63eff40c2e5
train/Corrosion/96_22_JPG_jpg.rf.50EatgIFmu5uUemFTs2g.jpg,Corrosion,0,P96,P96,train,22,3,train,train,train,test,val,1c35a53a47dff5112b44ca942ba6471e
train/Corrosion/96_24_JPG_jpg.rf.fizmWxVPMmWleScsqprE.jpg,Corrosion,0,P96,P96,train,24,3,train,train,train,test,val,bda1c3d13a43798e0e19958d5b5fc1f0
train/Corrosion/96_4_JPG_jpg.rf.vwANzP5FPh3jUiN4adjK.jpg,Corrosion,0,P96,P96,train,4,3,train,train,train,test,val,56e161c9c2da8f9b56446480496db457
train/Corrosion/96_6_JPG_jpg.rf.7La3pEiMOMtBzWao0m9M.jpg,Corrosion,0,P96,P96,train,6,3,train,train,train,test,val,f2891e8893fe113d67f247f4764c55da
train/Corrosion/96_7_JPG_jpg.rf.2oNL1krZEk4n80qYsRDe.jpg,Corrosion,0,P96,P96,train,7,3,train,train,train,test,val,98a631484bc33eca0b051033abaaa754
train/Corrosion/96_9_JPG_jpg.rf.kGbnB83HX0bejwUqNXi3.jpg,Corrosion,0,P96,P96,train,9,3,train,train,train,test,val,ed8aacef9704f245ac47ab4cea6e3733
train/Corrosion/97_0_JPG_jpg.rf.obTUxnmL5zLP1bukLEyj.jpg,Corrosion,0,P97,P97,train,0,2,train,train,test,train,train,f8c437c0f1aecc0fb8b31ad8c3c1362b
train/Corrosion/97_11_JPG_jpg.rf.iYDgxUsKPDkvqDrY8tfz.jpg,Corrosion,0,P97,P97,train,11,2,train,train,test,train,train,cca463e7d0ab3c5c76c5ae0f5dd8a5ea
train/Corrosion/97_12_JPG_jpg.rf.4JSxWLHf1BTQA7MJABPc.jpg,Corrosion,0,P97,P97,train,12,2,train,train,test,train,train,0634294ec17ac6bb542fce9fc753f0aa
train/Corrosion/97_13_JPG_jpg.rf.s0HuVtOMomqpz4vw3PAk.jpg,Corrosion,0,P97,P97,train,13,2,train,train,test,train,train,bf9ec0a56e20855ac78510f4fa187ace
train/Corrosion/97_15_JPG_jpg.rf.DH062TEoAvkPlbxC3u2r.jpg,Corrosion,0,P97,P97,train,15,2,train,train,test,train,train,b4b0c5f20d93e8196191be832dcc52b6
train/Corrosion/97_17_JPG_jpg.rf.sJiHdafzOQRZkehn2wIB.jpg,Corrosion,0,P97,P97,train,17,2,train,train,test,train,train,6823156eb2138ac87a9853e21871f90d
train/Corrosion/97_19_JPG_jpg.rf.j7gTaJpsaiZUDpPX6RVr.jpg,Corrosion,0,P97,P97,train,19,2,train,train,test,train,train,b4a2476fdbe1b95bef4b73ccbd4ae4d6
train/Corrosion/97_1_JPG_jpg.rf.q4Uf2Uq1gmfBy8kfJugm.jpg,Corrosion,0,P97,P97,train,1,2,train,train,test,train,train,cceb24d1837df6716b5abcde5e8fa1a9
train/Corrosion/97_20_JPG_jpg.rf.MhEWcdOn7geO2n9CDipI.jpg,Corrosion,0,P97,P97,train,20,2,train,train,test,train,train,b3693ef24c95fdb9fea0bd74073ec0d3
train/Corrosion/97_22_JPG_jpg.rf.hFyFincXWRoOASbHUu4I.jpg,Corrosion,0,P97,P97,train,22,2,train,train,test,train,train,73f6154b27564a998ea81a899534bc33
train/Corrosion/97_25_JPG_jpg.rf.UT1yrri3UrM0MCPx2g0r.jpg,Corrosion,0,P97,P97,train,25,2,train,train,test,train,train,3bffd517fc0aaf814fa5514c5edd59a0
train/Corrosion/97_2_JPG_jpg.rf.mgCt0T28KVtROLfkiq9H.jpg,Corrosion,0,P97,P97,train,2,2,train,train,test,train,train,4f01594a3792c95a032ba94364517476
train/Corrosion/97_3_JPG_jpg.rf.mrHTTcEHj9o7dwyOzk4X.jpg,Corrosion,0,P97,P97,train,3,2,train,train,test,train,train,a3257984f4e28454392229413fe226bf
train/Corrosion/97_6_JPG_jpg.rf.MJd5zly3mWxC890McbTS.jpg,Corrosion,0,P97,P97,train,6,2,train,train,test,train,train,1b04148ac54b6ff262068e3615ba3f88
train/Corrosion/97_7_JPG_jpg.rf.w3ZQkQq1aNHgaHpxel95.jpg,Corrosion,0,P97,P97,train,7,2,train,train,test,train,train,53935b3ae62c2cae6e6f32f7101c48ef
train/Corrosion/97_8_JPG_jpg.rf.Ssz84bxnEujEJTIslDg1.jpg,Corrosion,0,P97,P97,train,8,2,train,train,test,train,train,76fb3bd631096b803469d0d96ccf01ed
train/Corrosion/97_9_JPG_jpg.rf.4FgRryMEmLafabVK00HC.jpg,Corrosion,0,P97,P97,train,9,2,train,train,test,train,train,8f5fd97ff359968c3898f5841515e561
train/Corrosion/download_jpg.rf.Dcu6W6LnLyvZEvRQiTZG.jpg,Corrosion,0,S_download_jpg,S_download_jpg,train,-1,1,train,test,train,val,train,147018ddf8566c816546379ce264827d
train/Corrosion/images_jpg.rf.l8nqWdGejUohGKOlowAQ.jpg,Corrosion,0,S_images_jpg,S_images_jpg,train,-1,0,test,val,train,train,train,9a0fb77f243169058e2c1d04a0f61409
train/Corrosion/IMG_20230512_120123_jpg.rf.4vgiY1geEZ4hc0G2Een3.jpg,Corrosion,0,S_IMG_20230512_120123_jpg,S_IMG_20230512_120123_jpg,train,-1,1,val,test,val,train,train,d237a2c627329bbb941fd016962a03db
train/Corrosion/IMG_20230512_120248_jpg.rf.ubgMx7U312f2AWgo08Lz.jpg,Corrosion,0,S_IMG_20230512_120248_jpg,S_IMG_20230512_120248_jpg,train,-1,1,train,test,train,train,train,536f2a093b7bdff137f278f67b603590
train/Corrosion/IMG_20230512_131147_jpg.rf.YpC42Zbr7krXGDEdwrDZ.jpg,Corrosion,0,S_IMG_20230512_131147_jpg,S_IMG_20230512_131147_jpg,train,-1,1,train,test,val,train,train,6db93a315a5df44d2b9beaa989355703
train/Corrosion/IMG_20230512_131239_jpg.rf.eZBydM3SqYZj9CMPcmZA.jpg,Corrosion,0,S_IMG_20230512_131239_jpg,S_IMG_20230512_131239_jpg,train,-1,1,train,test,train,val,train,f2ae53e21d22d1a3701edd4f09457f8a
train/Corrosion/IMG_20230513_102131_jpg.rf.ksZixSUi2M55Ap5RPH53.jpg,Corrosion,0,S_IMG_20230513_102131_jpg,S_IMG_20230513_102131_jpg,train,-1,0,test,train,val,val,train,ccfc732a49c28c0d8300feb1a6de2ef6
train/Corrosion/IMG_20230513_102138_jpg.rf.P8SNmZaqCFASs41oYu9H.jpg,Corrosion,0,S_IMG_20230513_102138_jpg,S_IMG_20230513_102138_jpg,train,-1,1,train,test,train,train,train,b0113ff1949378692f044dd0e46e80aa
train/Corrosion/M4oCOg0_jpg.rf.HkJmIifyVMkeGjR08BGy.jpg,Corrosion,0,S_M4oCOg0_jpg,S_M4oCOg0_jpg,train,-1,0,test,train,train,train,train,467221282fee8513fdbf677933a1c648
train/Corrosion/M4oCOg0_jpg.rf.whtRDWAtCldwPDgkCXi1.jpg,Corrosion,0,S_M4oCOg0_jpg,S_M4oCOg0_jpg,train,-1,0,test,train,train,train,train,dce2daeee6bf79592175c4fc6aaf0e4a
train/Corrosion/M4oCOg0_jpg.rf.ygVAY48WBzuTj3uCD8Qp.jpg,Corrosion,0,S_M4oCOg0_jpg,S_M4oCOg0_jpg,train,-1,0,test,train,train,train,train,36c9b3c9ecb95c6a468aca9e1a7fa9d1
train/Crack/02__Crack_in_Between_Rotor_Seating_Areas-_Approx__Length_60mm_x_Thickness_12_5mm_jpg.rf.o3VWThOwQl4wradVfePN.jpg,Crack,1,P3,S_02__Crack_in_Between_Rotor_Seating_Areas-_Approx__Length_60mm_x_Thickness_12_5mm_jpg,train,-1,1,train,test,val,train,train,b82246db784714e75648f0ce5824742e
train/Crack/02__Crack_in_Between_Rotor_Seating_Areas-_Approx__Length_60mm_x_Thickness_12_5mm_jpg.rf.s6PX60AeNBqDBDVhPPMI.jpg,Crack,1,P3,S_02__Crack_in_Between_Rotor_Seating_Areas-_Approx__Length_60mm_x_Thickness_12_5mm_jpg,train,-1,1,train,test,val,train,train,7a927f9b1cffd779a98b65f3110350e8
train/Crack/103_10_JPG_jpg.rf.Zxl2sFDhCY3RYDX6CAEv.jpg,Crack,1,P103,P103,train,10,0,test,train,train,train,train,2006de422720716d8a12192d93d6d995
train/Crack/103_11_JPG_jpg.rf.9rw1xygBG6Bo8TmLXBYp.jpg,Crack,1,P103,P103,train,11,0,test,train,train,train,train,48241c035a27cc34c16419a177eec0c8
train/Crack/103_14_JPG_jpg.rf.rw32G8yaribOb3cltKgT.jpg,Crack,1,P103,P103,train,14,0,test,train,train,train,train,337eff12630abfda2a4f8274fee364bd
train/Crack/103_15_JPG_jpg.rf.87tqW9unFqZ4dlIDBS52.jpg,Crack,1,P103,P103,train,15,0,test,train,train,train,train,c2acd8f307926d11a70c36409f01a8b4
train/Crack/103_16_JPG_jpg.rf.iqZpi4UByNxAGVXSd4xr.jpg,Crack,1,P103,P103,train,16,0,test,train,train,train,train,858e31f119801b58fd7e97d32df295a6
train/Crack/103_17_JPG_jpg.rf.piLcUPMVPw9Wn8Onvl4e.jpg,Crack,1,P103,P103,train,17,0,test,train,train,train,train,904cf6ffc6655b4dba62ab9dcc13d466
train/Crack/103_19_JPG_jpg.rf.tbHoUulToZ08wa2aHOi6.jpg,Crack,1,P103,P103,train,19,0,test,train,train,train,train,0c34e535fc9179984cca4737d2803b9a
train/Crack/103_20_JPG_jpg.rf.9q7fcFBHgBjeh7zI6bea.jpg,Crack,1,P103,P103,train,20,0,test,train,train,train,train,20bb97d5c68e9be1f1ccaab68d3dce7e
train/Crack/103_22_JPG_jpg.rf.uriPVF0G5CM62AEStePn.jpg,Crack,1,P103,P103,train,22,0,test,train,train,train,train,bc0883a648e1166a0fb863f8c0e2bfa0
train/Crack/103_23_JPG_jpg.rf.ntks8aQH8W43wWFzgnDo.jpg,Crack,1,P103,P103,train,23,0,test,train,train,train,train,24be0cc519e3f9bba7fde856df330951
train/Crack/103_25_JPG_jpg.rf.ZNMNq4VeoFnWIhaKMSdO.jpg,Crack,1,P103,P103,train,25,0,test,train,train,train,train,9caa1b1e0366c4b378a8150743e3d65c
train/Crack/103_2_JPG_jpg.rf.qqfKdz38x95KQto7Nn7l.jpg,Crack,1,P103,P103,train,2,0,test,train,train,train,train,493c6a996efddd769217e4803fe8091a
train/Crack/104_0_JPG_jpg.rf.mfU1sEF8ztFEvgJQuRKX.jpg,Crack,1,P104,P104,train,0,4,train,train,train,train,test,168e16868920d228bbe37ca71676df9e
train/Crack/104_10_JPG_jpg.rf.EgZZskp90Fv6lpMwvUcQ.jpg,Crack,1,P104,P104,train,10,4,train,train,train,train,test,09e6dd19407a32f3ff7e174b947ff9be
train/Crack/104_12_JPG_jpg.rf.52NflGeU3vPKlZsLAVGI.jpg,Crack,1,P104,P104,train,12,4,train,train,train,train,test,897bfe6b4e9699eae24cf34ce730bc48
train/Crack/104_15_JPG_jpg.rf.K48dbHDUZHLSNqnDc3AZ.jpg,Crack,1,P104,P104,train,15,4,train,train,train,train,test,09030ebfccaeb9a72adac558b48ffb55
train/Crack/104_16_JPG_jpg.rf.UdFzBrvH76A3jZIEDNZp.jpg,Crack,1,P104,P104,train,16,4,train,train,train,train,test,93ee38c2a8cab56ac649e0a0682f811b
train/Crack/104_17_JPG_jpg.rf.uCUzREtHwboHMdCR0qz4.jpg,Crack,1,P104,P104,train,17,4,train,train,train,train,test,b887017820747ba7753e731369fa72ff
train/Crack/104_19_JPG_jpg.rf.aikSptVutwKM4gv3cIr0.jpg,Crack,1,P104,P104,train,19,4,train,train,train,train,test,c754cc00a318822d6c7db2567275a0c0
train/Crack/104_1_JPG_jpg.rf.eaMQ8OTZl9vd5jKaOsSj.jpg,Crack,1,P104,P104,train,1,4,train,train,train,train,test,60e1c82b4f8914d5d5aca0f3784f6b7b
train/Crack/104_21_JPG_jpg.rf.WnO3RssVVRvo90mvX0qg.jpg,Crack,1,P104,P104,train,21,4,train,train,train,train,test,71ee5f7e17e77e2d7c9d8709802c4f36
train/Crack/104_23_JPG_jpg.rf.FYj3h5DpRsIPHwFT9vxH.jpg,Crack,1,P104,P104,train,23,4,train,train,train,train,test,8014d36132c39c81e5820b54640068b1
train/Crack/104_24_JPG_jpg.rf.VcyUUHFmxbsRIE0YQzUd.jpg,Crack,1,P104,P104,train,24,4,train,train,train,train,test,6d249250d9ccb06728dde79646d50dcf
train/Crack/104_25_JPG_jpg.rf.iljzI83dG1ndmSLrTJq7.jpg,Crack,1,P104,P104,train,25,4,train,train,train,train,test,451bddbe865e497ad7a9d4268ba2236a
train/Crack/104_3_JPG_jpg.rf.rLbWZp9hXp5XttQhCmRd.jpg,Crack,1,P104,P104,train,3,4,train,train,train,train,test,f364c43133c537129904147337eff3a3
train/Crack/104_4_JPG_jpg.rf.rNR9pzuoLSMTiQekBS4T.jpg,Crack,1,P104,P104,train,4,4,train,train,train,train,test,680123872a560140092ca35461cf3d24
train/Crack/104_5_JPG_jpg.rf.1VejMw1aPkiOtI7lNIAc.jpg,Crack,1,P104,P104,train,5,4,train,train,train,train,test,20a5b932794129f18d6869234fa3cfe2
train/Crack/104_6_JPG_jpg.rf.BrfD6mpVtUmyxWq6K4Uh.jpg,Crack,1,P104,P104,train,6,4,train,train,train,train,test,20369273c05bdc33e6a9022824874978
train/Crack/104_7_JPG_jpg.rf.OU4gbXrkJfftMA01EtAw.jpg,Crack,1,P104,P104,train,7,4,train,train,train,train,test,893fc37fc46599a4ed5603caad3d5474
train/Crack/105_0_JPG_jpg.rf.vQQk8DIpTa84FbcWxAlL.jpg,Crack,1,P105,P105,train,0,4,train,train,train,train,test,7189988f05c4a9a773f1a640ad0300c9
train/Crack/105_10_JPG_jpg.rf.cZ5e6mnWbCd9cY0FrEAg.jpg,Crack,1,P105,P105,train,10,4,train,train,train,train,test,a8862f8811725b065a505198ef43e0fc
train/Crack/105_11_JPG_jpg.rf.3jIwmCDsMdgMxnWlCqYy.jpg,Crack,1,P105,P105,train,11,4,train,train,train,train,test,52ec043cb64bdf866528bd37c6e5bd4e
train/Crack/105_12_JPG_jpg.rf.ru1NmwAkrKPQrpFbXAHL.jpg,Crack,1,P105,P105,train,12,4,train,train,train,train,test,6afed2e04ca407806c92899fcf6c4aca
train/Crack/105_1_JPG_jpg.rf.buDENDBfwcqwZBu7Yvw1.jpg,Crack,1,P105,P105,train,1,4,train,train,train,train,test,42d7c3f796b82562e9e32bfb432e157d
train/Crack/105_2_JPG_jpg.rf.0i5ADDTl5pBrB5Y4Alte.jpg,Crack,1,P105,P105,train,2,4,train,train,train,train,test,d7e29f51c5236906d05dad1f9c91f25a
train/Crack/105_3_JPG_jpg.rf.GqItgq8ou7zMt05cY2R9.jpg,Crack,1,P105,P105,train,3,4,train,train,train,train,test,13163258121d4141e12dea26a4d5cf0e
train/Crack/105_4_JPG_jpg.rf.3MnWFIh9fZB0nVzSFhPX.jpg,Crack,1,P105,P105,train,4,4,train,train,train,train,test,240363ace168cc8dfee43020c93d6022
train/Crack/105_5_JPG_jpg.rf.sD8TjaENejVul6OX7um0.jpg,Crack,1,P105,P105,train,5,4,train,train,train,train,test,946d7b583db2ee63c8cd8e00c5bad3c6
train/Crack/105_8_JPG_jpg.rf.gvD5yYSUaUI3GFlXM3Oo.jpg,Crack,1,P105,P105,train,8,4,train,train,train,train,test,558d047c533ea625900cf50431ab54c6
train/Crack/107_0_JPG_jpg.rf.LGSTO2uQVbTV33AWFRCG.jpg,Crack,1,P107,P107,train,0,1,train,test,train,val,val,720ba71ff4839fef7674ceeb00867f06
train/Crack/107_10_JPG_jpg.rf.kxSp7whGJeD3fqASiGvX.jpg,Crack,1,P107,P107,train,10,1,train,test,train,val,val,3127af61d051690793ed6b1ad213a921
train/Crack/107_14_JPG_jpg.rf.cFHvU8xtgnh7bdRFb6wO.jpg,Crack,1,P107,P107,train,14,1,train,test,train,val,val,cd79d662f1b783a8830b45caeb0634c2
train/Crack/107_16_JPG_jpg.rf.cy1kDABPDnTgwcz7jxQf.jpg,Crack,1,P107,P107,train,16,1,train,test,train,val,val,82147eca8fe52d97461d28835f095e5d
train/Crack/107_17_JPG_jpg.rf.5umCePXMoGcSBdXXq82Q.jpg,Crack,1,P107,P107,train,17,1,train,test,train,val,val,f0bcc959c056c77be9b0438dddd60938
train/Crack/107_19_JPG_jpg.rf.jIBQk1Obce2JrDPwdnln.jpg,Crack,1,P107,P107,train,19,1,train,test,train,val,val,35f7434020fb2701280fd4df11833378
train/Crack/107_1_JPG_jpg.rf.8PFVyJp69WCXFv6nvlW1.jpg,Crack,1,P107,P107,train,1,1,train,test,train,val,val,5e9c85b39ce784f46a1c069abbf33886
train/Crack/107_21_JPG_jpg.rf.Vw92oKWfM0NCQMZVvh92.jpg,Crack,1,P107,P107,train,21,1,train,test,train,val,val,bd6f10d27fb7016b94c2c46f9cf40dee
train/Crack/107_25_JPG_jpg.rf.mU2o6VxUXGWVPjClpy1d.jpg,Crack,1,P107,P107,train,25,1,train,test,train,val,val,731e615be1ac4822e547f7363f5c242f
train/Crack/107_5_JPG_jpg.rf.uO9NRgLFywqFU4yLZ9z0.jpg,Crack,1,P107,P107,train,5,1,train,test,train,val,val,c8681cbc1fff48552c02fba4d88d9471
train/Crack/107_6_JPG_jpg.rf.As8WXp67I3PQ2fBmMlzi.jpg,Crack,1,P107,P107,train,6,1,train,test,train,val,val,f0b124b0e15e046b1625820760c65f10
train/Crack/107_7_JPG_jpg.rf.yqAPP75obOGheJdZ448Z.jpg,Crack,1,P107,P107,train,7,1,train,test,train,val,val,162f7071f2a8daf6cad743bedc933f4a
train/Crack/108_6_JPG_jpg.rf.8KwDt6SkukgNqH2YYd57.jpg,Crack,1,P108,P108,train,6,3,train,train,val,test,train,342709c8d6165cf6fff8bbcdda0a1519
train/Crack/109_14_JPG_jpg.rf.T8QMEl1i59Uokn16dYXR.jpg,Crack,1,P109,P109,train,14,4,val,train,train,train,test,a966d973e3eac22d659dc4703a211d29
train/Crack/109_16_JPG_jpg.rf.xk43res3eG8K0m1RCVVH.jpg,Crack,1,P109,P109,train,16,4,val,train,train,train,test,9d1e54dcc960bdd2d4a64049d878fc6d
train/Crack/109_19_JPG_jpg.rf.GxAYtihswHHMKASP6VfQ.jpg,Crack,1,P109,P109,train,19,4,val,train,train,train,test,d8c3f1ff11ee5d20b127ab89be919f6d
train/Crack/109_20_JPG_jpg.rf.YfNhHfwXHkhUbkkykt6E.jpg,Crack,1,P109,P109,train,20,4,val,train,train,train,test,beac49ffac26b84f2b2989963e6d544c
train/Crack/109_24_JPG_jpg.rf.c2PDiAsYOfbWBawAwKhK.jpg,Crack,1,P109,P109,train,24,4,val,train,train,train,test,01d30903721ca24e021a59731502e015
train/Crack/109_25_JPG_jpg.rf.RsWYCpvgXIWzTJmFfPxv.jpg,Crack,1,P109,P109,train,25,4,val,train,train,train,test,b2706405d0b712a5d79966646c737d37
train/Crack/109_5_JPG_jpg.rf.hhyqFBFLxFpbhKAAdgN0.jpg,Crack,1,P109,P109,train,5,4,val,train,train,train,test,de8e7664f2e8ea632937759ae5f86043
train/Crack/109_6_JPG_jpg.rf.2ckvUAy08RU6zlUhK1Bx.jpg,Crack,1,P109,P109,train,6,4,val,train,train,train,test,e39df80de6cce99abe5bc7d964dd7879
train/Crack/110_24_JPG_jpg.rf.eYcSWy8BLUJKzTJAq1Z3.jpg,Crack,1,P110,P110,train,24,0,test,train,train,train,train,e27cb56a33e6d03d15e9bdfa330e113b
train/Crack/110_6_JPG_jpg.rf.bpqjpXzc8pypvvlaIUZh.jpg,Crack,1,P110,P110,train,6,0,test,train,train,train,train,bb6552b658d38b0cd5fb84659ebdbc07
train/Crack/128_4_JPG_jpg.rf.q9dE1Jf0vHWjYWAqLY7e.jpg,Crack,1,P128,P128,train,4,3,val,train,train,test,train,bf963660cdd427d1590e19f6c57a5ae1
train/Crack/130_22_JPG_jpg.rf.pEIqojeqxRamPNm6KQnH.jpg,Crack,1,P130,P130,train,22,1,train,test,train,train,train,d2e37125755c3d069c03378f090a63fe
train/Crack/130_23_JPG_jpg.rf.vzwNmVxkHsv8ynLiie4G.jpg,Crack,1,P130,P130,train,23,1,train,test,train,train,train,c948990d07d1ea734fd8d51086d52ccb
train/Crack/130_25_JPG_jpg.rf.9uM3RkWjmKctKyQw7TuP.jpg,Crack,1,P130,P130,train,25,1,train,test,train,train,train,b9d1bb7a250e8800ef808afc546c5f1e
train/Crack/130_7_JPG_jpg.rf.K9bT6Y01dVfVZVkhtS1w.jpg,Crack,1,P130,P130,train,7,1,train,test,train,train,train,edce5addb052af02be14cfd513b4da7e
train/Crack/134_10_JPG_jpg.rf.3vqdLlsLBvprPmi3eIhG.jpg,Crack,1,P134,P134,train,10,1,train,test,val,train,train,a9aacce4922316221e6d7f5ce593804e
train/Crack/134_16_JPG_jpg.rf.0o6ySs8qhF6df5JW9ctK.jpg,Crack,1,P134,P134,train,16,1,train,test,val,train,train,deeff1a679b3a82e2322c5f9c27d0087
train/Crack/134_17_JPG_jpg.rf.q389L8EZjkSQpaifcPf3.jpg,Crack,1,P134,P134,train,17,1,train,test,val,train,train,9b8dd7074fe36fd9851fa956107865ed
train/Crack/134_19_JPG_jpg.rf.f3CdH3jXuEWdquZlirrG.jpg,Crack,1,P134,P134,train,19,1,train,test,val,train,train,ba2bbcd53de841749bc27c4c64e95679
train/Crack/134_24_JPG_jpg.rf.jXLAHyb8GD9LIcKgbL1a.jpg,Crack,1,P134,P134,train,24,1,train,test,val,train,train,1bd81b2c5c66d5c92b1220a686e7c902
train/Crack/134_2_JPG_jpg.rf.Zpu4USxGSveRvIQKEbXU.jpg,Crack,1,P134,P134,train,2,1,train,test,val,train,train,bfa927b9427a628c1f928fee60aec05b
train/Crack/134_4_JPG_jpg.rf.KivIeVfTzJdJeXVZ5mBH.jpg,Crack,1,P134,P134,train,4,1,train,test,val,train,train,2067de1f0853ad12a6dd270b60fd3570
train/Crack/134_5_JPG_jpg.rf.A4Cruu0O0PH5nDJUGlvJ.jpg,Crack,1,P134,P134,train,5,1,train,test,val,train,train,fa495bab081a51904b2edfe8a019205f
train/Crack/134_7_JPG_jpg.rf.GB4niz3FxFmqh3ztapuo.jpg,Crack,1,P134,P134,train,7,1,train,test,val,train,train,16b2c250eec8b0702713af756cec026d
train/Crack/134_8_JPG_jpg.rf.lLwGpTNjpBMvrleUnmrx.jpg,Crack,1,P134,P134,train,8,1,train,test,val,train,train,01a0cf44bb73a4a36894d8b565e5541a
train/Crack/134_9_JPG_jpg.rf.1HJ4WPBoU8HeBxG7xNrM.jpg,Crack,1,P134,P134,train,9,1,train,test,val,train,train,ac053cd367e8cd41e386e5043e04137c
train/Crack/135_0_JPG_jpg.rf.Wvx1d7J0eruQfbvq5KLa.jpg,Crack,1,P135,P135,train,0,2,train,train,test,train,train,bab5034683d907dff06d57ac50a48854
train/Crack/135_10_JPG_jpg.rf.xKbdLCzNYejCKnBrnb91.jpg,Crack,1,P135,P135,train,10,2,train,train,test,train,train,10871acc7ed759d532d20872707fff89
train/Crack/135_11_JPG_jpg.rf.ccolzHzD609oUHCZz0MT.jpg,Crack,1,P135,P135,train,11,2,train,train,test,train,train,f7d7f195264661f9f23ce1391856ed0e
train/Crack/135_14_JPG_jpg.rf.pnk7y0oEv9JaUbiEONX3.jpg,Crack,1,P135,P135,train,14,2,train,train,test,train,train,596a9c1020c29c31ba8b637ab271dc5a
train/Crack/135_17_JPG_jpg.rf.3hQkqKgb185yNk26Aq4u.jpg,Crack,1,P135,P135,train,17,2,train,train,test,train,train,a4b5a67f851588edfce1682e8d2932bb
train/Crack/135_18_JPG_jpg.rf.QHFvKibzvShzV6yJZUnO.jpg,Crack,1,P135,P135,train,18,2,train,train,test,train,train,549e7ab85132623fdefacf8781df2959
train/Crack/135_1_JPG_jpg.rf.2qcVPsWuTykrIOq1hdjn.jpg,Crack,1,P135,P135,train,1,2,train,train,test,train,train,53810a31c1e85d38738b66d6a85d8fe5
train/Crack/135_20_JPG_jpg.rf.DaccVjy07iodZrB92EQ6.jpg,Crack,1,P135,P135,train,20,2,train,train,test,train,train,4675391e623c9704f3b502659fbd35ae
train/Crack/135_21_JPG_jpg.rf.YUkfpEydEWEKhpPdrt74.jpg,Crack,1,P135,P135,train,21,2,train,train,test,train,train,48c1ea0e760058754da4e2e2ccbe631b
train/Crack/135_22_JPG_jpg.rf.jLgiFq36lcBbceMUS65F.jpg,Crack,1,P135,P135,train,22,2,train,train,test,train,train,ead5545752fbef3c1207047a030b6f7c
train/Crack/135_25_JPG_jpg.rf.PrVD7ilT9bA28fuTjmEe.jpg,Crack,1,P135,P135,train,25,2,train,train,test,train,train,74370784c5f3f7145d75f0c81e38f069
train/Crack/135_2_JPG_jpg.rf.jEaEGYzMeveiMNimTKHd.jpg,Crack,1,P135,P135,train,2,2,train,train,test,train,train,539c210963140b089033855d4df2adcd
train/Crack/135_3_JPG_jpg.rf.mdZCm4uOpYawmk6Jwi1F.jpg,Crack,1,P135,P135,train,3,2,train,train,test,train,train,f07928d0844ee64aab7530d02d26105a
train/Crack/135_4_JPG_jpg.rf.zfx8kUfBojOIXvl1Tibh.jpg,Crack,1,P135,P135,train,4,2,train,train,test,train,train,1e04929f1fb0cdbf7478d028d957aabf
train/Crack/135_5_JPG_jpg.rf.DLvOe05ypF5purAQZix6.jpg,Crack,1,P135,P135,train,5,2,train,train,test,train,train,f3355cba3e9edf0f136b55a5872b11c4
train/Crack/135_7_JPG_jpg.rf.hMuKhoUMTYDTyNHn2JPh.jpg,Crack,1,P135,P135,train,7,2,train,train,test,train,train,f7d8b4d39d85c965b02da5df38d57123
train/Crack/136_0_JPG_jpg.rf.LAmBsq8vwQrD9OfNUnSZ.jpg,Crack,1,P136,P136,train,0,2,train,train,test,train,train,73231698f8955226d3a0d9fd58e07566
train/Crack/136_15_JPG_jpg.rf.rZGLxR80V9EuYzn0jBNJ.jpg,Crack,1,P136,P136,train,15,2,train,train,test,train,train,8c7add9ddde530a8e8e017ab1d4ee2fc
train/Crack/136_17_JPG_jpg.rf.yCgSIXo3jYzvf8BbSsVh.jpg,Crack,1,P136,P136,train,17,2,train,train,test,train,train,040a58d8439a2242f41ac52dddf18961
train/Crack/136_19_JPG_jpg.rf.5k1IFTo9iHJ7Jyl8XNsG.jpg,Crack,1,P136,P136,train,19,2,train,train,test,train,train,1d36aa355dee65b7d4dc60f9aec5a623
train/Crack/136_23_JPG_jpg.rf.WKcBKAeLLJ05C5BXuMhk.jpg,Crack,1,P136,P136,train,23,2,train,train,test,train,train,7c7506e7f1db28c7d0571a47b95d4d54
train/Crack/136_25_JPG_jpg.rf.vwfGaKI0nO2L6wntvMfT.jpg,Crack,1,P136,P136,train,25,2,train,train,test,train,train,c7c1eee0afb4b87fc2407b8a9242ad61
train/Crack/136_2_JPG_jpg.rf.HPqDRfSFFuoYMGuTY1to.jpg,Crack,1,P136,P136,train,2,2,train,train,test,train,train,a9a61eb7e65d95375cbc9cea9ada7308
train/Crack/136_3_JPG_jpg.rf.ohh96TJZjDQqeXgbcmN5.jpg,Crack,1,P136,P136,train,3,2,train,train,test,train,train,a32c07f18ee6f38615e786bc18189154
train/Crack/136_4_JPG_jpg.rf.Kzv0LdpuyqcIUrD5HHkI.jpg,Crack,1,P136,P136,train,4,2,train,train,test,train,train,bd84210d52795b6d8231b662892420d7
train/Crack/136_5_JPG_jpg.rf.QJTWmURjLTJNR2SN9gVa.jpg,Crack,1,P136,P136,train,5,2,train,train,test,train,train,8553ab5779e85f3b9058367891124350
train/Crack/136_7_JPG_jpg.rf.YWdU38aFSR3ERb2ME23W.jpg,Crack,1,P136,P136,train,7,2,train,train,test,train,train,6780fe15fa519737961c6a9992ffaac0
train/Crack/136_9_JPG_jpg.rf.3MJE264DeBDhO4o6MF3q.jpg,Crack,1,P136,P136,train,9,2,train,train,test,train,train,732f7d36ce9069f008abc2df8b5dc02e
train/Crack/138_0_JPG_jpg.rf.usDQwZbzaMBytxdtkaft.jpg,Crack,1,P138,P138,train,0,3,train,train,train,test,train,25336567e7c6ce585148b5601c30ce4a
train/Crack/138_11_JPG_jpg.rf.6w4gzVp174r8Imo4IoCR.jpg,Crack,1,P138,P138,train,11,3,train,train,train,test,train,b6a4cdd2658d953d13d87a9a24e5f1b3
train/Crack/138_15_JPG_jpg.rf.EfirLqfiA5jsdRrGxsXo.jpg,Crack,1,P138,P138,train,15,3,train,train,train,test,train,a6aa04381817655b24c192a9af43f769
train/Crack/138_16_JPG_jpg.rf.NxNYw6n59i5oTyoOujoF.jpg,Crack,1,P138,P138,train,16,3,train,train,train,test,train,b9b2a850161a9046c117c203f36f2090
train/Crack/138_17_JPG_jpg.rf.NsfQTFRymvX2ZLHL8f6c.jpg,Crack,1,P138,P138,train,17,3,train,train,train,test,train,a8569ba67ad3f4161c70a033f88bc7cc
train/Crack/138_19_JPG_jpg.rf.ELrf6nKW97loGQjQaRjn.jpg,Crack,1,P138,P138,train,19,3,train,train,train,test,train,3def0cff351491b6c78e34fb1317ccc7
train/Crack/138_1_JPG_jpg.rf.oOCDQW106LZURnx5mAXt.jpg,Crack,1,P138,P138,train,1,3,train,train,train,test,train,4482ed6cd72cc7693e0df6ac70971314
train/Crack/138_22_JPG_jpg.rf.sp0lGA6tXP7LEn0pPRD8.jpg,Crack,1,P138,P138,train,22,3,train,train,train,test,train,4361b857bd43ab338aee8c79bda4c2ad
train/Crack/138_25_JPG_jpg.rf.w8TtvUK6fSEBopCX15tV.jpg,Crack,1,P138,P138,train,25,3,train,train,train,test,train,ab0ee49ed129616eacb138e41ac49cdb
train/Crack/138_3_JPG_jpg.rf.NUyGE2aKpoLxE24kh6cj.jpg,Crack,1,P138,P138,train,3,3,train,train,train,test,train,ec136a50732561685d55e448c35a3030
train/Crack/138_4_JPG_jpg.rf.G3ZlRDVNiUQEo0XfKYTb.jpg,Crack,1,P138,P138,train,4,3,train,train,train,test,train,a5c36c1dec673e3cbb1902fc529f77e1
train/Crack/138_5_JPG_jpg.rf.WpG4dE9WuE9nKrbG7AqP.jpg,Crack,1,P138,P138,train,5,3,train,train,train,test,train,75f622a65d7fd40adc54bbbfcbae974e
train/Crack/138_7_JPG_jpg.rf.PoYRPbEONOaJCJe1YRhG.jpg,Crack,1,P138,P138,train,7,3,train,train,train,test,train,00a50c23047adeeab6faff3b1625bd3e
train/Crack/140_0_JPG_jpg.rf.lzd1PfvQQAC2djpJzwCD.jpg,Crack,1,P140,P140,train,0,0,test,train,train,train,train,7d98177cf0c824e0dcfcd115af7a34e2
train/Crack/140_12_JPG_jpg.rf.C1GHTpv1Ium9gCBNFrB1.jpg,Crack,1,P140,P140,train,12,0,test,train,train,train,train,4e81603a6985fd59c9fbbb85c2129472
train/Crack/140_14_JPG_jpg.rf.ORJWAT2JqoNS5N02upVl.jpg,Crack,1,P140,P140,train,14,0,test,train,train,train,train,f29a71b45cc03b62700b430ef08f4463
train/Crack/140_15_JPG_jpg.rf.UV9Lt1FwTyBgTGwhgkq8.jpg,Crack,1,P140,P140,train,15,0,test,train,train,train,train,f1b3a6002ec20fc7b800d1c998cd28ac
train/Crack/140_16_JPG_jpg.rf.aSBm8c0oNs8iNB1GkRfB.jpg,Crack,1,P140,P140,train,16,0,test,train,train,train,train,45b3c40a0f79f67b497e040704050bab
train/Crack/140_18_JPG_jpg.rf.jhQxMxlv7R1T42EzF9sH.jpg,Crack,1,P140,P140,train,18,0,test,train,train,train,train,a776a6adee3f7aa90c390aa2981bd9f5
train/Crack/140_1_JPG_jpg.rf.YKTU5ErI14hQZAujkk3c.jpg,Crack,1,P140,P140,train,1,0,test,train,train,train,train,99726c7cad415d191684bd6c91ddda08
train/Crack/140_22_JPG_jpg.rf.HtKzdlAddwuyFYUwksJZ.jpg,Crack,1,P140,P140,train,22,0,test,train,train,train,train,36a581d00bbda553ed9a47bbab338346
train/Crack/140_25_JPG_jpg.rf.93RWzjbvQ6bFCNPStOMm.jpg,Crack,1,P140,P140,train,25,0,test,train,train,train,train,2094b257e2dc52b5e50180a26828b5c0
train/Crack/140_2_JPG_jpg.rf.bvECqwtVB8SQxE49wuMS.jpg,Crack,1,P140,P140,train,2,0,test,train,train,train,train,97b09f7f8f4f9367484cd52d6ed38eec
train/Crack/140_3_JPG_jpg.rf.3XurWw4Jl9Ln7SzpmYRF.jpg,Crack,1,P140,P140,train,3,0,test,train,train,train,train,8a092518d570d2957d244f881348c5be
train/Crack/140_5_JPG_jpg.rf.UdWHCzrEpfZPG2GbRiXu.jpg,Crack,1,P140,P140,train,5,0,test,train,train,train,train,10352736d1e2490e82973c3763b1c1bc
train/Crack/140_7_JPG_jpg.rf.GupxGDF2Mlv2MWtvvaQG.jpg,Crack,1,P140,P140,train,7,0,test,train,train,train,train,6384c551ba4b51537b1f3398eb949914
train/Crack/142_0_JPG_jpg.rf.AjnHfBDTN3Xp8N2ZWeD2.jpg,Crack,1,P142,P142,train,0,3,train,train,train,test,train,60794394c0c4f9260549532a4a9e196b
train/Crack/142_10_JPG_jpg.rf.GKc6iPsUKqGIt9wAp2DV.jpg,Crack,1,P142,P142,train,10,3,train,train,train,test,train,918294248dee4080b1e12760cd3cc331
train/Crack/142_14_JPG_jpg.rf.VxYK53nD4VE74Juiw1DN.jpg,Crack,1,P142,P142,train,14,3,train,train,train,test,train,a5ad2168211882aa9ad770bb50407b82
train/Crack/142_15_JPG_jpg.rf.KFsz78dyzjvx8Ue6hD2m.jpg,Crack,1,P142,P142,train,15,3,train,train,train,test,train,14edc31066e6700e61044586fe832cde
train/Crack/142_16_JPG_jpg.rf.uyqZmhfaJDJ1XaJsZX7d.jpg,Crack,1,P142,P142,train,16,3,train,train,train,test,train,57603d4fdea01f8b2b321b4ca2dc177a
train/Crack/142_17_JPG_jpg.rf.0cC6XvqIQSX2HYOD5A2y.jpg,Crack,1,P142,P142,train,17,3,train,train,train,test,train,2ee8f3faacc99de06595a61fbbfde124
train/Crack/142_19_JPG_jpg.rf.RGIb90Ins9dHCLg1fANo.jpg,Crack,1,P142,P142,train,19,3,train,train,train,test,train,16ddbe380ddacf1f36bc29a47b7736d4
train/Crack/142_1_JPG_jpg.rf.TJTeQXQYc1Frgoe0HyUb.jpg,Crack,1,P142,P142,train,1,3,train,train,train,test,train,1b5b6f345e879b0a7923a7888dbca909
train/Crack/142_21_JPG_jpg.rf.CGfcA3uFgXv386dtZNH4.jpg,Crack,1,P142,P142,train,21,3,train,train,train,test,train,15317e0988790c6c98ca7d9aa93d864a
train/Crack/142_2_JPG_jpg.rf.hznCwrKsqJ8SxMHBzQGt.jpg,Crack,1,P142,P142,train,2,3,train,train,train,test,train,041f94a14b7768433bc23df07b8abe22
train/Crack/142_4_JPG_jpg.rf.UtbEfgbpwNVgLzMACLd0.jpg,Crack,1,P142,P142,train,4,3,train,train,train,test,train,83ca777c8996512c00a3ef987c50cdb8
train/Crack/142_5_JPG_jpg.rf.D6qsAuVPFfQb8DFFEo4N.jpg,Crack,1,P142,P142,train,5,3,train,train,train,test,train,0ad4ac6f804bf05846cf2b6488038c29
train/Crack/142_8_JPG_jpg.rf.LA16L1B4rwyTMdul2t6F.jpg,Crack,1,P142,P142,train,8,3,train,train,train,test,train,c1257928a72465a87199769a177bbd7d
train/Crack/143_0_JPG_jpg.rf.deFkAOsgF3C8EkuJlURd.jpg,Crack,1,P143,P143,train,0,0,test,train,train,train,train,97835fce3655f6d9e371f8216bdfef42
train/Crack/143_10_JPG_jpg.rf.xiKP2BInXHLAJJ8fsvnX.jpg,Crack,1,P143,P143,train,10,0,test,train,train,train,train,f0488615e9e6d5cb632603ba8b1fce33
train/Crack/143_11_JPG_jpg.rf.UGsB8rZ2wvbmlnlT3SFQ.jpg,Crack,1,P143,P143,train,11,0,test,train,train,train,train,4985a6c503213cad47f3295cb27ea94d
train/Crack/143_12_JPG_jpg.rf.QAtfJikOM5mzKkDHp2TS.jpg,Crack,1,P143,P143,train,12,0,test,train,train,train,train,423ba768861ec8a829169259e38f179e
train/Crack/143_14_JPG_jpg.rf.XTLecKf8SnyJqHzIvUWL.jpg,Crack,1,P143,P143,train,14,0,test,train,train,train,train,041c888ea8929d2e64220e95924d4d68
train/Crack/143_16_JPG_jpg.rf.IBgFgtggQ2uINMRVDJYW.jpg,Crack,1,P143,P143,train,16,0,test,train,train,train,train,9310d0345ddb2ab8078ca3c6ba01b0cd
train/Crack/143_19_JPG_jpg.rf.EnsaKGzszQXJElLwrop0.jpg,Crack,1,P143,P143,train,19,0,test,train,train,train,train,721baadb4b60772898bf6946c32b711f
train/Crack/143_1_JPG_jpg.rf.nu5xOh8x39vDgzVpH47o.jpg,Crack,1,P143,P143,train,1,0,test,train,train,train,train,e4a244a1c03ba144bef2195075e0cceb
train/Crack/143_22_JPG_jpg.rf.TCEN8WI7vpZPaK1PCimT.jpg,Crack,1,P143,P143,train,22,0,test,train,train,train,train,15936f528cb15b7585ca7aa8379670d6
train/Crack/143_23_JPG_jpg.rf.9TxpSss1TmpSssAsbpqV.jpg,Crack,1,P143,P143,train,23,0,test,train,train,train,train,6dac0f02345b9723a0e3ea34674c82d6
train/Crack/143_25_JPG_jpg.rf.WZFK3BCH9xscMhjl3K1H.jpg,Crack,1,P143,P143,train,25,0,test,train,train,train,train,799b70d14d46feabc113c3458fc82ada
train/Crack/143_4_JPG_jpg.rf.VLvxvF0XxXQ574aqEhXl.jpg,Crack,1,P143,P143,train,4,0,test,train,train,train,train,5f368f1b1fb96870651426b92c18065b
train/Crack/143_6_JPG_jpg.rf.hLlBVMPlsHtqLRXLbmdG.jpg,Crack,1,P143,P143,train,6,0,test,train,train,train,train,307ec7e6dc711cff3b61040add4fc3b7
train/Crack/143_7_JPG_jpg.rf.vE5TIZjwnZCLkdckJCPa.jpg,Crack,1,P143,P143,train,7,0,test,train,train,train,train,68714dd34a83b6a604ba4fa0d737c1e6
train/Crack/143_9_JPG_jpg.rf.YtHjfpnNvXla52KM2jde.jpg,Crack,1,P143,P143,train,9,0,test,train,train,train,train,222e2a18fe9dcf08b2438287fc93960b
train/Crack/144_11_JPG_jpg.rf.y1MOUU3OOAeDCuEA1mXH.jpg,Crack,1,P144,P144,train,11,4,train,val,val,train,test,84f17c695f833e3a7f1412106156b157
train/Crack/144_14_JPG_jpg.rf.YsuTkPiTZ8O9DGyUXpQH.jpg,Crack,1,P144,P144,train,14,4,train,val,val,train,test,8201ad1e9618d0f93d50dfe54976ba09
train/Crack/144_18_JPG_jpg.rf.lXqhO4cqaZuwWXARIfRF.jpg,Crack,1,P144,P144,train,18,4,train,val,val,train,test,be2e188dccbbefedb68579ea6afaf52c
train/Crack/144_1_JPG_jpg.rf.NVL0ezOnKMEblnqbu51t.jpg,Crack,1,P144,P144,train,1,4,train,val,val,train,test,5253339498ef39c0db2f667ebc96552d
train/Crack/144_23_JPG_jpg.rf.QXRibJZT37IaoJXXDHS0.jpg,Crack,1,P144,P144,train,23,4,train,val,val,train,test,1e2b816aa4e79e76bc9b082a77a16a21
train/Crack/144_25_JPG_jpg.rf.IPvrG9j7BW21QP7EETnP.jpg,Crack,1,P144,P144,train,25,4,train,val,val,train,test,ae56e123dcdb6bf64a275f44c312c36c
train/Crack/144_2_JPG_jpg.rf.sAZKhvliKapsLrBWSwKu.jpg,Crack,1,P144,P144,train,2,4,train,val,val,train,test,07dc8a800996de2d0b533ea98088cecb
train/Crack/144_3_JPG_jpg.rf.mG2J6gSd3RPlcUuQHuYT.jpg,Crack,1,P144,P144,train,3,4,train,val,val,train,test,a40ce9d4c95f6ec51e47bac44644d112
train/Crack/144_4_JPG_jpg.rf.HflXVdHltyMCk6FERExR.jpg,Crack,1,P144,P144,train,4,4,train,val,val,train,test,1ba18650f21b4fd1dd8138c041d8dd61
train/Crack/144_7_JPG_jpg.rf.fCyUBcz3lTMJ0q5XThyQ.jpg,Crack,1,P144,P144,train,7,4,train,val,val,train,test,86954be4d25df351c19d15c36102d2b0
train/Crack/144_8_JPG_jpg.rf.11iq2YrOoYzcv0J1l05y.jpg,Crack,1,P144,P144,train,8,4,train,val,val,train,test,d2c3dacd529e03e88dd1789caae22c0b
train/Crack/145_0_JPG_jpg.rf.B9220437ZAZdkpB3HX3N.jpg,Crack,1,P145,P145,train,0,2,train,val,test,train,train,6039faa138a9d4cd22c73ce774171920
train/Crack/145_10_JPG_jpg.rf.mCbKbxwtoET6OkpS9g82.jpg,Crack,1,P145,P145,train,10,2,train,val,test,train,train,2eaa169065ad0ec81c630e8641a9a7ae
train/Crack/145_12_JPG_jpg.rf.NIXlsd51qkAWDBvx2IhC.jpg,Crack,1,P145,P145,train,12,2,train,val,test,train,train,e6fddd772c4f18aa42ee2c29129ac547
train/Crack/145_13_JPG_jpg.rf.Y9HNQ8j4k2aSL9zQO2E4.jpg,Crack,1,P145,P145,train,13,2,train,val,test,train,train,61b41279b86b25404ec204243e91e7d2
train/Crack/145_14_JPG_jpg.rf.rLQWglyBaceQb3ZuelDI.jpg,Crack,1,P145,P145,train,14,2,train,val,test,train,train,38dbdfa5d0b9ee10f8a2e92a9594cac1
train/Crack/145_15_JPG_jpg.rf.sLYaCWjHKMWFwjnAIBr1.jpg,Crack,1,P145,P145,train,15,2,train,val,test,train,train,b98563e04b2c18a797a806c813cb9b63
train/Crack/145_16_JPG_jpg.rf.cbb39mQaLEtw5iNdK2J0.jpg,Crack,1,P145,P145,train,16,2,train,val,test,train,train,269680e3a9971e6920d8ebe2bcc13c56
train/Crack/145_17_JPG_jpg.rf.CSyDqeTQQEf4BZXMQLGP.jpg,Crack,1,P145,P145,train,17,2,train,val,test,train,train,05815f6056bed6a78cc2c48646714a85
train/Crack/145_1_JPG_jpg.rf.vIzVy6sECAj8okhDv4U6.jpg,Crack,1,P145,P145,train,1,2,train,val,test,train,train,32f21c5250f930ce56a279c510cb2e22
train/Crack/145_21_JPG_jpg.rf.D0xmI0KeNsYaMlMWUX8T.jpg,Crack,1,P145,P145,train,21,2,train,val,test,train,train,d91e15d07b94a828ff419fdbf93ddc4f
train/Crack/145_23_JPG_jpg.rf.Zztc0Rc7Wi4zpIY69pS2.jpg,Crack,1,P145,P145,train,23,2,train,val,test,train,train,f99a321de8d0ec27be2e3f0ef9a2a4ec
train/Crack/145_25_JPG_jpg.rf.chaqqCCGqAxnv2DUf9Fi.jpg,Crack,1,P145,P145,train,25,2,train,val,test,train,train,a18be075d2501e3d9f1be99352a2bf3e
train/Crack/145_5_JPG_jpg.rf.qBVI6I4SS7DOGv1pPnHC.jpg,Crack,1,P145,P145,train,5,2,train,val,test,train,train,9107c1d649c3d9cf07f2ac20e0d94666
train/Crack/145_6_JPG_jpg.rf.nVMbkn1GyZDdMz7pvfjA.jpg,Crack,1,P145,P145,train,6,2,train,val,test,train,train,60b36f493a4e9cb4653b0348283f7124
train/Crack/145_7_JPG_jpg.rf.CH57UmucZVvytSVVtmCA.jpg,Crack,1,P145,P145,train,7,2,train,val,test,train,train,06909afc6efea48ac4a85726fd7e4a8e
train/Crack/145_8_JPG_jpg.rf.WKpovSzXEG332XgbDJGS.jpg,Crack,1,P145,P145,train,8,2,train,val,test,train,train,8f16279fdff9f65281439fc1a0138535
train/Crack/146_0_JPG_jpg.rf.ZX0ZGG4d725kDedEIce5.jpg,Crack,1,P146,P146,train,0,3,val,train,train,test,train,5a27e7e97f5132a3b3c85b549fa2f955
train/Crack/146_11_JPG_jpg.rf.UtewkM8QuvQuFINTOAhx.jpg,Crack,1,P146,P146,train,11,3,val,train,train,test,train,05731413dacb0d5130ad5bcac8bf5ac9
train/Crack/146_13_JPG_jpg.rf.yF1Zxl0AQ1xkHHOvwFzZ.jpg,Crack,1,P146,P146,train,13,3,val,train,train,test,train,1d140e5de0c3cac64845a0f6b0f235e5
train/Crack/146_14_JPG_jpg.rf.ny7AjAONi6QZi4Ws4pag.jpg,Crack,1,P146,P146,train,14,3,val,train,train,test,train,0b4d89fdaad944c37532481585adad8f
train/Crack/146_16_JPG_jpg.rf.kxDWnZlQE9ScWniI6Ey6.jpg,Crack,1,P146,P146,train,16,3,val,train,train,test,train,ca75a2df2b814a2576d31db5ba35eff4
train/Crack/146_1_JPG_jpg.rf.aHCTTD5QgYAJsxnSGeJ0.jpg,Crack,1,P146,P146,train,1,3,val,train,train,test,train,1c7332d8d9180a5163b25096a27c4a40
train/Crack/146_20_JPG_jpg.rf.S57OnNhWKRin3sW30Jq5.jpg,Crack,1,P146,P146,train,20,3,val,train,train,test,train,9d894211b207270ea245f0b525d30b4a
train/Crack/146_21_JPG_jpg.rf.NV0rSlpvYaxtLKqdhlwp.jpg,Crack,1,P146,P146,train,21,3,val,train,train,test,train,9161ff73eaed1a1a33271d8b5d419e9b
train/Crack/146_22_JPG_jpg.rf.Bseumbd9qZuyCO6JL1Jy.jpg,Crack,1,P146,P146,train,22,3,val,train,train,test,train,b5825f36adf99507a486de59323e9c5e
train/Crack/146_23_JPG_jpg.rf.8OZLlw4v6vUPbtWpLsmt.jpg,Crack,1,P146,P146,train,23,3,val,train,train,test,train,dbda80c58e0c08d5ea9218658e04a88f
train/Crack/146_24_JPG_jpg.rf.lyViFcIKFGdhjbcYGwSN.jpg,Crack,1,P146,P146,train,24,3,val,train,train,test,train,7ac5c51abbc9c5a3a84a6a626d490c1a
train/Crack/146_3_JPG_jpg.rf.1NCUEkCKXnPUAmzCTFva.jpg,Crack,1,P146,P146,train,3,3,val,train,train,test,train,c9e7534fc32dc35174bb6353d335afeb
train/Crack/146_4_JPG_jpg.rf.PhuMdfhWHql9PqHqvSVO.jpg,Crack,1,P146,P146,train,4,3,val,train,train,test,train,a534141c01be74b9bd2f27b9581bf1e8
train/Crack/146_5_JPG_jpg.rf.jFdlbbYb22UkA0q7BYnb.jpg,Crack,1,P146,P146,train,5,3,val,train,train,test,train,5c52293b583833a7b16644fb915fc5e4
train/Crack/146_7_JPG_jpg.rf.vcwKDBgag4KMadrGhiiL.jpg,Crack,1,P146,P146,train,7,3,val,train,train,test,train,075ef31124067df11bcb6279f1cc1315
train/Crack/146_9_JPG_jpg.rf.lTow9cITTrIoKA55O09E.jpg,Crack,1,P146,P146,train,9,3,val,train,train,test,train,65d15b3626a3bded06cfe48a2bbe101d
train/Crack/147_0_JPG_jpg.rf.xm5moICFEaGqllVDOLzh.jpg,Crack,1,P147,P147,train,0,1,train,test,train,train,train,b44748e05cae2d39e879271d20c742e5
train/Crack/147_10_JPG_jpg.rf.lCbsoEISx6PTDbmdu2Ww.jpg,Crack,1,P147,P147,train,10,1,train,test,train,train,train,dd47120a46e4db3524d6bed97d961087
train/Crack/147_11_JPG_jpg.rf.MQm7lhtOfVrVbJVUWVJc.jpg,Crack,1,P147,P147,train,11,1,train,test,train,train,train,0afac01c824c6ef923f873c3455652cd
train/Crack/147_12_JPG_jpg.rf.XnzqeujTPNgb37Iaufkl.jpg,Crack,1,P147,P147,train,12,1,train,test,train,train,train,957d473c236c1a2cba004cb24ffcd32a
train/Crack/147_15_JPG_jpg.rf.N7hEc2WRHp4kNvSEtvmx.jpg,Crack,1,P147,P147,train,15,1,train,test,train,train,train,34ec399832e41bbc5260cb2795792d62
train/Crack/147_16_JPG_jpg.rf.xuufovQ30AkZQuPLuZOS.jpg,Crack,1,P147,P147,train,16,1,train,test,train,train,train,0da4d27caa062ba0fce4329df35c0358
train/Crack/147_17_JPG_jpg.rf.4P6Hfg9aN8Eb37ZWQ535.jpg,Crack,1,P147,P147,train,17,1,train,test,train,train,train,427a57bc9873b714dcbc2eb1617b3234
train/Crack/147_19_JPG_jpg.rf.2dEHrC2i2KyLNZ5TM2CA.jpg,Crack,1,P147,P147,train,19,1,train,test,train,train,train,dad813f74c7314ce8b4cc983ccac8dfe
train/Crack/147_20_JPG_jpg.rf.tWwhiyNwXf66HZ7VP3fr.jpg,Crack,1,P147,P147,train,20,1,train,test,train,train,train,ff787d548870411264f5b75d47adaf49
train/Crack/147_21_JPG_jpg.rf.vyBFD4ATmOVVLOI4cUUy.jpg,Crack,1,P147,P147,train,21,1,train,test,train,train,train,c7d93a58a33fa738c7859bada431605a
train/Crack/147_22_JPG_jpg.rf.VLbeGgZOfqbD0VFwo0oa.jpg,Crack,1,P147,P147,train,22,1,train,test,train,train,train,015f80986301976d3defbacf38471dc6
train/Crack/147_23_JPG_jpg.rf.NZZY27uU6fvp2XGdshFJ.jpg,Crack,1,P147,P147,train,23,1,train,test,train,train,train,454a9aca1b1bcfb8b275d9b233d99962
train/Crack/147_24_JPG_jpg.rf.qhv6DNU1KS6SvgTUfvlz.jpg,Crack,1,P147,P147,train,24,1,train,test,train,train,train,4d39a8c023485b92162fcb565bc1c705
train/Crack/147_25_JPG_jpg.rf.9ahdZiQi5kNrlSnA8BPZ.jpg,Crack,1,P147,P147,train,25,1,train,test,train,train,train,4b1f398c6465a9566d7b609dcf68f68f
train/Crack/147_2_JPG_jpg.rf.VCFQja0hIYaCFOZmCLkS.jpg,Crack,1,P147,P147,train,2,1,train,test,train,train,train,1d0be9009ff1c054c74b8945d291cea6
train/Crack/147_3_JPG_jpg.rf.46IRYW6U4avtGRCWm6DL.jpg,Crack,1,P147,P147,train,3,1,train,test,train,train,train,cda934c0863160a0e470525d6104522b
train/Crack/147_4_JPG_jpg.rf.zDCJXVJJ8RP13XWyU4tu.jpg,Crack,1,P147,P147,train,4,1,train,test,train,train,train,87731ec357f3ba2afd465ecdd0312459
train/Crack/147_5_JPG_jpg.rf.Oo5hjTpSYkLHrA0Vu1xC.jpg,Crack,1,P147,P147,train,5,1,train,test,train,train,train,ea2d825a8dc071d0fcb7c0544e6ade96
train/Crack/147_6_JPG_jpg.rf.uZi8rSTvnTd3LEo3EEx7.jpg,Crack,1,P147,P147,train,6,1,train,test,train,train,train,11bf64e205bf6a6088fed8a13b53e926
train/Crack/147_7_JPG_jpg.rf.xwNpK8gYb8tvXlpdsg26.jpg,Crack,1,P147,P147,train,7,1,train,test,train,train,train,ec77f49a27c89f4fc5e2add6ad000443
train/Crack/147_8_JPG_jpg.rf.hByuGwUzvB3UdQeLSZdb.jpg,Crack,1,P147,P147,train,8,1,train,test,train,train,train,7431f331e006d0c3c0d0500f3fa9e4a5
train/Crack/147_9_JPG_jpg.rf.SVzZzBhSr5zMHyBbMtsg.jpg,Crack,1,P147,P147,train,9,1,train,test,train,train,train,19cb2603e2eb1c6851715073e5c648f2
train/Crack/148_0_JPG_jpg.rf.CPdQD7CBG3ClXbEmK3p9.jpg,Crack,1,P148,P148,train,0,1,train,test,train,train,val,6ebf08816c6fcb0dc030609b9b5cf133
train/Crack/148_11_JPG_jpg.rf.Z95BFf9phfOBZ46hwkeU.jpg,Crack,1,P148,P148,train,11,1,train,test,train,train,val,17411088b811d7d70df48f169eea2245
train/Crack/148_12_JPG_jpg.rf.sZfDHni78QDlEN6gecvJ.jpg,Crack,1,P148,P148,train,12,1,train,test,train,train,val,837171a1143022d70a0484f43d5c6b50
train/Crack/148_14_JPG_jpg.rf.dPStoNi9EI241U6x7iOH.jpg,Crack,1,P148,P148,train,14,1,train,test,train,train,val,fb489d68a84ef8e276e88f760926725c
train/Crack/148_16_JPG_jpg.rf.bdAeevdtzsd6W2JgbW8K.jpg,Crack,1,P148,P148,train,16,1,train,test,train,train,val,01055c1462cfa350a0f90fed37850841
train/Crack/148_17_JPG_jpg.rf.TaqDiPT9c1hEF1XoHigE.jpg,Crack,1,P148,P148,train,17,1,train,test,train,train,val,ff548c7dcb0ea5fc73899d9203a6f6c7
train/Crack/148_18_JPG_jpg.rf.J4XmQQtFPC78AeESx6Wu.jpg,Crack,1,P148,P148,train,18,1,train,test,train,train,val,3efd157b9be3f61249013cf0e2899efe
train/Crack/148_1_JPG_jpg.rf.B8cOMzGnYVFUyXKplGJx.jpg,Crack,1,P148,P148,train,1,1,train,test,train,train,val,2cca6d1151e2c446a287f99a051ee2e5
train/Crack/148_20_JPG_jpg.rf.nhsfrOT6c0CU2vQf3pWQ.jpg,Crack,1,P148,P148,train,20,1,train,test,train,train,val,57ddda0e6515b43d3226fd263a17c0b6
train/Crack/148_21_JPG_jpg.rf.SFMWFOxah7qaujDxDIVK.jpg,Crack,1,P148,P148,train,21,1,train,test,train,train,val,ad59e7fb6db4032432eda3aa0cc8fce1
train/Crack/148_22_JPG_jpg.rf.UQyNxWJpxSPQJ1OEn2SS.jpg,Crack,1,P148,P148,train,22,1,train,test,train,train,val,d4fbd7a7f3d40d8975ad7f78be7af3f4
train/Crack/148_23_JPG_jpg.rf.tWvJ3ZJ8mcNNWFGXL2T8.jpg,Crack,1,P148,P148,train,23,1,train,test,train,train,val,788c83608cd08e68a41302d627049a1f
train/Crack/148_2_JPG_jpg.rf.vryefSLdr3jsJRFolD2U.jpg,Crack,1,P148,P148,train,2,1,train,test,train,train,val,5b7d219956d40242b1d2bca41ae943f5
train/Crack/148_3_JPG_jpg.rf.QQDZVZRQToCVLtbXMvqR.jpg,Crack,1,P148,P148,train,3,1,train,test,train,train,val,f46bea5d341dcef30a1f85d48d97cca9
train/Crack/148_4_JPG_jpg.rf.37VUztD0oLBGyCqduHoa.jpg,Crack,1,P148,P148,train,4,1,train,test,train,train,val,24f58387c4f62d37ea660618e7724378
train/Crack/148_5_JPG_jpg.rf.VaTxOtUCcvVtH5aV08AY.jpg,Crack,1,P148,P148,train,5,1,train,test,train,train,val,5d735ca33753d552874ff6e7a15e4871
train/Crack/148_6_JPG_jpg.rf.VxQlX6MKLwpXycszjYLF.jpg,Crack,1,P148,P148,train,6,1,train,test,train,train,val,7cad048638c93e2383556c5b5e840ee1
train/Crack/148_7_JPG_jpg.rf.HHr1OjrT8533zFOSdFv1.jpg,Crack,1,P148,P148,train,7,1,train,test,train,train,val,63d2ffd852dd14e8541fee4b69295dd5
train/Crack/148_9_JPG_jpg.rf.fVpML87CDh513XWUsevD.jpg,Crack,1,P148,P148,train,9,1,train,test,train,train,val,2a4378ebcafccc6c72ac4ae8a6e06e1f
train/Crack/149_10_JPG_jpg.rf.3CoG2ADyR5x1sBw7W8Ni.jpg,Crack,1,P149,P149,train,10,1,train,test,train,train,train,c9452b48e0850df61f00ce95c72983ce
train/Crack/149_12_JPG_jpg.rf.sC49WCOdytjebhzVM5sH.jpg,Crack,1,P149,P149,train,12,1,train,test,train,train,train,0992630bd3e34b0c1320310978f6fca3
train/Crack/149_14_JPG_jpg.rf.ULV67DmrRQg8Ncw1ynnq.jpg,Crack,1,P149,P149,train,14,1,train,test,train,train,train,9e0a8a2dc606a2ca09dc00eaec417cf6
train/Crack/149_15_JPG_jpg.rf.8V0hpfO9Qja1PNE4oVSG.jpg,Crack,1,P149,P149,train,15,1,train,test,train,train,train,8311543dc8a6836e50715706ee096e74
train/Crack/149_16_JPG_jpg.rf.pTnBEZhWdYrVtX8rQmaN.jpg,Crack,1,P149,P149,train,16,1,train,test,train,train,train,899dad5bca04da17c9eff9cd451189b7
train/Crack/149_17_JPG_jpg.rf.ExF7qp8GS9S3TVM8P0C4.jpg,Crack,1,P149,P149,train,17,1,train,test,train,train,train,9d2ab978b72089b31b0f64d8981b8cbf
train/Crack/149_18_JPG_jpg.rf.CRxoGNYuR9FwSXSwTbD2.jpg,Crack,1,P149,P149,train,18,1,train,test,train,train,train,e7b184abb9c2e7293e96e222b77f6f94
train/Crack/149_20_JPG_jpg.rf.jSp7BA0Z62DCjf3aq9yo.jpg,Crack,1,P149,P149,train,20,1,train,test,train,train,train,2fa7889c1f70d2a1b407636077aabcf7
train/Crack/149_21_JPG_jpg.rf.C4F55dKAQVF2EPgyic3X.jpg,Crack,1,P149,P149,train,21,1,train,test,train,train,train,1b4efc080248a429c71fbb2da0df4a80
train/Crack/149_22_JPG_jpg.rf.oPXF6wH5T9tKnyL0lq0H.jpg,Crack,1,P149,P149,train,22,1,train,test,train,train,train,2d48197dddb60e80dec56034f351e2dd
train/Crack/149_24_JPG_jpg.rf.7ghmfEDpy7QYmXEdlnPr.jpg,Crack,1,P149,P149,train,24,1,train,test,train,train,train,b4078615816f54e2fbef2d26b329f96e
train/Crack/149_25_JPG_jpg.rf.L3pzfdctaNWywWM0yVrG.jpg,Crack,1,P149,P149,train,25,1,train,test,train,train,train,4b14c62edd87630d2c64679ef1523a76
train/Crack/149_5_JPG_jpg.rf.jI9ZPQcLwCysAbLkxqPV.jpg,Crack,1,P149,P149,train,5,1,train,test,train,train,train,9c18ad98b9e014072a474cef6d16eb7e
train/Crack/149_6_JPG_jpg.rf.BlziYjok3UGpjm8Jb0BX.jpg,Crack,1,P149,P149,train,6,1,train,test,train,train,train,41500ebd865cdfb549b0d1e51cbf1da4
train/Crack/149_7_JPG_jpg.rf.EorY5LZ7Fo0she0NWGWS.jpg,Crack,1,P149,P149,train,7,1,train,test,train,train,train,eabb1f26ea8bc26120c7212ab0a1ad84
train/Crack/149_8_JPG_jpg.rf.Jze8BKlEGe6cmzoC66BZ.jpg,Crack,1,P149,P149,train,8,1,train,test,train,train,train,acbe2c544b874b7dd6db39357aca0cc0
train/Crack/14_1_JPG_jpg.rf.yiSKGgLjyPHqk35yfiiy.jpg,Crack,1,P14,P14,train,1,2,train,train,test,train,train,f7de562328a216ca18a54264c75afb6b
train/Crack/14_23_JPG_jpg.rf.v3iVEetl07LeyQu6jQhS.jpg,Crack,1,P14,P14,train,23,2,train,train,test,train,train,35f4c7b6644c20fe64b3bfbb55ba07f1
train/Crack/150_10_JPG_jpg.rf.ck8mb33mCyBLBLok6BqV.jpg,Crack,1,P150,P150,train,10,3,train,train,train,test,train,0e7eebd54914cb86794dad22e7e23e08
train/Crack/150_11_JPG_jpg.rf.GXUW3rTNWARFMHzZd4Pt.jpg,Crack,1,P150,P150,train,11,3,train,train,train,test,train,b01ff978e37620369322904f22665b3a
train/Crack/150_13_JPG_jpg.rf.lvavL7R0WzjvhhrrEAAv.jpg,Crack,1,P150,P150,train,13,3,train,train,train,test,train,e4e291ed875910bd248179d18bf977af
train/Crack/150_15_JPG_jpg.rf.u6tk6YnmvOuoI4kp7PtF.jpg,Crack,1,P150,P150,train,15,3,train,train,train,test,train,634385f6ac92eb9a4bfc79a691d4379b
train/Crack/150_16_JPG_jpg.rf.u6BX8qwQOq5RBZvY29AC.jpg,Crack,1,P150,P150,train,16,3,train,train,train,test,train,27391418d9a8602e0cb354fd427817df
train/Crack/150_19_JPG_jpg.rf.GDHt2GzlFr013J3PcQ6D.jpg,Crack,1,P150,P150,train,19,3,train,train,train,test,train,1d123d717bc553ed27d5184010f8e2e0
train/Crack/150_1_JPG_jpg.rf.q5wnB40mbfQ2HDVHKapB.jpg,Crack,1,P150,P150,train,1,3,train,train,train,test,train,7211f57f786a91bdcdf970b124db19d5
train/Crack/150_20_JPG_jpg.rf.vXjVISsNLGTQogWw2wsx.jpg,Crack,1,P150,P150,train,20,3,train,train,train,test,train,dc9fc62e50e207c95c8e512aa18c11f7
train/Crack/150_22_JPG_jpg.rf.LaYtwwBdsO7BL0T7L8vM.jpg,Crack,1,P150,P150,train,22,3,train,train,train,test,train,4ce2614cdf268f3af5dac100dd838540
train/Crack/150_23_JPG_jpg.rf.cD11z8o1c3Xg6LkQp8kw.jpg,Crack,1,P150,P150,train,23,3,train,train,train,test,train,3447492f1fa15a18b940f70cfb97ee4d
train/Crack/150_24_JPG_jpg.rf.Dl9Fm7XfM1jZoC1sMAYc.jpg,Crack,1,P150,P150,train,24,3,train,train,train,test,train,5ef0323a29c2ea469b027c828bc7a591
train/Crack/150_25_JPG_jpg.rf.P64sDh52X3ySQz2IjNKU.jpg,Crack,1,P150,P150,train,25,3,train,train,train,test,train,0d2952a7f3cbd316991f7244f4a039fd
train/Crack/150_2_JPG_jpg.rf.EDrZWvLkj0zwCZ8oo8Mq.jpg,Crack,1,P150,P150,train,2,3,train,train,train,test,train,096f309d507dbbd57eba749178567107
train/Crack/150_3_JPG_jpg.rf.tS1JF5UDNkIftFnvPNw7.jpg,Crack,1,P150,P150,train,3,3,train,train,train,test,train,08af80a783d2b3c9c0f51e8b809d743e
train/Crack/150_4_JPG_jpg.rf.0R2fW4O6XlKnrZppKPil.jpg,Crack,1,P150,P150,train,4,3,train,train,train,test,train,7bbeb0708f49787d720d848875dd3f6e
train/Crack/150_5_JPG_jpg.rf.sDWUfbK3lhPmx8krr4sE.jpg,Crack,1,P150,P150,train,5,3,train,train,train,test,train,33be58c628844afd9e74dc31f9b6ec06
train/Crack/150_6_JPG_jpg.rf.7UKjcNTJBRDSJ3MpnP1t.jpg,Crack,1,P150,P150,train,6,3,train,train,train,test,train,540607a268282e5441a5df4c0abe9223
train/Crack/150_7_JPG_jpg.rf.6H4RbDErp7jqPWS8EjES.jpg,Crack,1,P150,P150,train,7,3,train,train,train,test,train,7dd797c252449d47b2d71336d1382309
train/Crack/150_8_JPG_jpg.rf.Os4aSKEzymVUgK0DpxcJ.jpg,Crack,1,P150,P150,train,8,3,train,train,train,test,train,4a13a77792e97cb661ef423c9b3a5e1b
train/Crack/150_9_JPG_jpg.rf.VDuIOrV1nFWjJBRjznik.jpg,Crack,1,P150,P150,train,9,3,train,train,train,test,train,39c6a115956007ba4fe29dfb9f175151
train/Crack/151_11_JPG_jpg.rf.8JNBy4L0ISBtmL86f3av.jpg,Crack,1,P151,P151,train,11,1,train,test,train,train,train,bfc2c705f4916683f0fbc7abcc4c3d79
train/Crack/151_13_JPG_jpg.rf.n9slueRGnFbRHAHrjCKs.jpg,Crack,1,P151,P151,train,13,1,train,test,train,train,train,bca9797ac7da83185c2c2e048042a91a
train/Crack/151_14_JPG_jpg.rf.gWgSPPAYciMZTo3Hu7yF.jpg,Crack,1,P151,P151,train,14,1,train,test,train,train,train,c9fa087b93a7214357cde9ab95e4a07a
train/Crack/151_18_JPG_jpg.rf.ARkB5P4eexopnva6whCD.jpg,Crack,1,P151,P151,train,18,1,train,test,train,train,train,5ecd91b263748e33df713f560ca92698
train/Crack/151_19_JPG_jpg.rf.f6UbJTgST37Woayu0QlX.jpg,Crack,1,P151,P151,train,19,1,train,test,train,train,train,a08e4bff22a5f21c4700c7a12352a339
train/Crack/151_1_JPG_jpg.rf.huIuq80cOT2YdeRQCGt1.jpg,Crack,1,P151,P151,train,1,1,train,test,train,train,train,ab0beb063e1aa2ab0792e39ff256b288
train/Crack/151_21_JPG_jpg.rf.F4NU0YpnE6yUk7Xv8PrD.jpg,Crack,1,P151,P151,train,21,1,train,test,train,train,train,04a510bff2dfc57c01c6ffd7af81b3fc
train/Crack/151_22_JPG_jpg.rf.5kTGMiaymySqq8nLa923.jpg,Crack,1,P151,P151,train,22,1,train,test,train,train,train,b69169bc10ff02258dff8435f1878c31
train/Crack/151_23_JPG_jpg.rf.qxrB7GvVYxiu08bhB3TP.jpg,Crack,1,P151,P151,train,23,1,train,test,train,train,train,3e1e46a215556fdbd37490455905737a
train/Crack/151_3_JPG_jpg.rf.yNNsS9lNCYIDaXLcl2hx.jpg,Crack,1,P151,P151,train,3,1,train,test,train,train,train,1c0ec26ef4e5f9b91d80d11d34dce88f
train/Crack/151_4_JPG_jpg.rf.wxpKQev5V034EZjxAVFZ.jpg,Crack,1,P151,P151,train,4,1,train,test,train,train,train,e6abb651a8cfac19949f3d0e09e09a32
train/Crack/151_5_JPG_jpg.rf.xYmTEwlVX3I6kW3x3c9H.jpg,Crack,1,P151,P151,train,5,1,train,test,train,train,train,82d92a45a135bd1ff37ccba5ee8943fd
train/Crack/151_6_JPG_jpg.rf.vRpip0OUwmJmLv2zsJvx.jpg,Crack,1,P151,P151,train,6,1,train,test,train,train,train,daed2c3aa6afae199846d74971e94f03
train/Crack/152_0_JPG_jpg.rf.vHc01Wu9fd02dQz2XOZ3.jpg,Crack,1,P152,P152,train,0,1,train,test,train,train,train,f8fc44ac9b9a7eb9ca6539d4f0784ab0
train/Crack/152_10_JPG_jpg.rf.GrSlR2dsdVjYCPWYJHBS.jpg,Crack,1,P152,P152,train,10,1,train,test,train,train,train,808f8684aae02c7f674fa775f95078ae
train/Crack/154_11_JPG_jpg.rf.aZV3oayJi9hOEyMb5Q1F.jpg,Crack,1,P154,P154,train,11,1,train,test,train,train,train,3c403018c03f840000e9a4cf39ff058d
train/Crack/154_12_JPG_jpg.rf.WeVq1Wyol7RXiEFC8IOu.jpg,Crack,1,P154,P154,train,12,1,train,test,train,train,train,035a61250044e3eb9e834cf0e74d2167
train/Crack/154_14_JPG_jpg.rf.nGFtWCLLcOb5cWFBwdUP.jpg,Crack,1,P154,P154,train,14,1,train,test,train,train,train,fa00d56f17e3ca1c04c2aacda6c93bff
train/Crack/154_16_JPG_jpg.rf.VHIXWSx9NHXJqGaQS5kp.jpg,Crack,1,P154,P154,train,16,1,train,test,train,train,train,d1eb68febdb09671e2ad9e15cee08d65
train/Crack/154_17_JPG_jpg.rf.eeLQ3cIwbAZ91SLy858T.jpg,Crack,1,P154,P154,train,17,1,train,test,train,train,train,6f1187290da3ba77aba67b2dfc6b5c12
train/Crack/154_18_JPG_jpg.rf.OyICgyU4cox2Ff2R4g98.jpg,Crack,1,P154,P154,train,18,1,train,test,train,train,train,c020301d0c2bc9f22ad78129abead4d2
train/Crack/154_19_JPG_jpg.rf.yLipJZPsP9eeBLACpAW1.jpg,Crack,1,P154,P154,train,19,1,train,test,train,train,train,e532d96c87d3ab342a9a7fb99f0eccc9
train/Crack/154_1_JPG_jpg.rf.L2XzIDpmbWuCC2o0ktUw.jpg,Crack,1,P154,P154,train,1,1,train,test,train,train,train,a20b0a7e9db0385440f3b521cdda076b
train/Crack/154_24_JPG_jpg.rf.wgmVLPND3vXPM0PzoY8r.jpg,Crack,1,P154,P154,train,24,1,train,test,train,train,train,bd19d8c666e84a915d7d43a59d00b066
train/Crack/154_25_JPG_jpg.rf.kfpn2WGwZLITv6YAgrC2.jpg,Crack,1,P154,P154,train,25,1,train,test,train,train,train,d96fb98e53fcd5b1a3177618507c4822
train/Crack/154_5_JPG_jpg.rf.gcrdfYo0ZMpQ15TwDJzP.jpg,Crack,1,P154,P154,train,5,1,train,test,train,train,train,5081812a8d526bfa7a7ff1b826a2caaa
train/Crack/154_6_JPG_jpg.rf.AQ093qxu3q7geXuKZVcB.jpg,Crack,1,P154,P154,train,6,1,train,test,train,train,train,a2580672f3288301449967e7109a7a29
train/Crack/154_8_JPG_jpg.rf.3CuURYoOwi7gPcNpJaN6.jpg,Crack,1,P154,P154,train,8,1,train,test,train,train,train,05905b5e6045700ece04dc498a4742d2
train/Crack/154_9_JPG_jpg.rf.GNN2oW98I4u1kQDA7AU1.jpg,Crack,1,P154,P154,train,9,1,train,test,train,train,train,8066f2855fbc88f53ccf81c26f338060
train/Crack/155_11_JPG_jpg.rf.KMdXJF6Dg51gTny2nzfz.jpg,Crack,1,P155,P155,train,11,2,train,train,test,train,train,e35e5d0326d31b6affbf3b299cd80fef
train/Crack/155_12_JPG_jpg.rf.C5JJCe1sOVccyxtq5Eab.jpg,Crack,1,P155,P155,train,12,2,train,train,test,train,train,41190ce55ad396705907b872fffcddea
train/Crack/155_13_JPG_jpg.rf.yVpV414m1Wzqa5phwuuX.jpg,Crack,1,P155,P155,train,13,2,train,train,test,train,train,dc160afef86fc40cff817a594b3cc985
train/Crack/155_14_JPG_jpg.rf.HdfKnMAtHQI5IVM5rVBs.jpg,Crack,1,P155,P155,train,14,2,train,train,test,train,train,9c4f068571642b4decbd83d782702431
train/Crack/155_15_JPG_jpg.rf.g8oyFg6KRWXusXHNVxSl.jpg,Crack,1,P155,P155,train,15,2,train,train,test,train,train,1a8b47ccbd52fa9ac82abdc4e60460b2
train/Crack/155_16_JPG_jpg.rf.VR7o0lKiD6NCjgIUo1T7.jpg,Crack,1,P155,P155,train,16,2,train,train,test,train,train,f2b914a9a03004214f41261a5759697f
train/Crack/155_18_JPG_jpg.rf.yRwNquStZaWu4BVeU5zb.jpg,Crack,1,P155,P155,train,18,2,train,train,test,train,train,8e15db2ef4e01e83616fb59d4e82d456
train/Crack/155_19_JPG_jpg.rf.J2Qv47hqz9dHLs543peG.jpg,Crack,1,P155,P155,train,19,2,train,train,test,train,train,9cac8dd48520b93160994cc46af06544
train/Crack/155_1_JPG_jpg.rf.maoKIDfygvPzUGn1QDR9.jpg,Crack,1,P155,P155,train,1,2,train,train,test,train,train,7b858750514e93de09ea16331ec08c27
train/Crack/155_20_JPG_jpg.rf.bh54dn2m5saWy6fVHYP4.jpg,Crack,1,P155,P155,train,20,2,train,train,test,train,train,e8f291e4fc55dbd9d86eddffabb41214
train/Crack/155_21_JPG_jpg.rf.fBXegcxEvN0NOFHq4Wb6.jpg,Crack,1,P155,P155,train,21,2,train,train,test,train,train,7065f2b9aa97c048ae943956f0137a8d
train/Crack/155_22_JPG_jpg.rf.2ZcD85XgGOYk9YS7D8Pa.jpg,Crack,1,P155,P155,train,22,2,train,train,test,train,train,918c6965b8aab69023dc538bf72c5840
train/Crack/155_23_JPG_jpg.rf.Ht4emy9riaMPrdloMnt7.jpg,Crack,1,P155,P155,train,23,2,train,train,test,train,train,622dc45cb1fbb5219d485dad464c5015
train/Crack/155_24_JPG_jpg.rf.De6ly2BkHDgEzZUgx03k.jpg,Crack,1,P155,P155,train,24,2,train,train,test,train,train,e4056b1b8ccd8702a1d907b4f6fee6c1
train/Crack/155_25_JPG_jpg.rf.kbSVdiakdamuu6cc4bma.jpg,Crack,1,P155,P155,train,25,2,train,train,test,train,train,5fbcc7952530e16b317a59a3a12a4a00
train/Crack/155_2_JPG_jpg.rf.2HQ5X3pMQiBKxVBlgEJu.jpg,Crack,1,P155,P155,train,2,2,train,train,test,train,train,daefdcc73559f1040463778af3b0e6d8
train/Crack/155_5_JPG_jpg.rf.FbAwGtnSGVXLRAmaEzki.jpg,Crack,1,P155,P155,train,5,2,train,train,test,train,train,7fdfbaa4ba2685c944e59c3dba3cff67
train/Crack/155_8_JPG_jpg.rf.RzZpL4yo9cnIjbAgXYrk.jpg,Crack,1,P155,P155,train,8,2,train,train,test,train,train,fedaa154846bea51587210cdeff75f5c
train/Crack/155_9_JPG_jpg.rf.eCBXKVXokS6adVugXPiN.jpg,Crack,1,P155,P155,train,9,2,train,train,test,train,train,ceb1c9dea6413cf3cfd7b4f2fcacaee6
train/Crack/156_0_JPG_jpg.rf.08nZxyyHoCwRt1lfiSmB.jpg,Crack,1,P156,P156,train,0,3,train,train,train,test,train,dc831ba97408311216704355b320eafc
train/Crack/156_10_JPG_jpg.rf.t1LvrS7ctBXTRLIG7g0C.jpg,Crack,1,P156,P156,train,10,3,train,train,train,test,train,a984a67939af4ae500bfb1601b11cd38
train/Crack/156_11_JPG_jpg.rf.6BU0QEfAGriWxyF1YAm5.jpg,Crack,1,P156,P156,train,11,3,train,train,train,test,train,e9a6f9a993799365d6d06bc6f7e2e0fc
train/Crack/156_12_JPG_jpg.rf.ackWuKJCtYr2guh728eF.jpg,Crack,1,P156,P156,train,12,3,train,train,train,test,train,90238bf6ee400b418c7bae84cefb8a80
train/Crack/156_13_JPG_jpg.rf.6kC8lV5HfCSxtu31tiN0.jpg,Crack,1,P156,P156,train,13,3,train,train,train,test,train,d53c3e19d9299b7b5df683d67c006091
train/Crack/156_14_JPG_jpg.rf.T0hWdAyz1Yx3SrXUc0D2.jpg,Crack,1,P156,P156,train,14,3,train,train,train,test,train,9b6c38134042deadca560e162d818597
train/Crack/156_15_JPG_jpg.rf.NqpUg5tBQdV1ZZikkswn.jpg,Crack,1,P156,P156,train,15,3,train,train,train,test,train,8084ec10881e51b4471368e5a44f0013
train/Crack/156_17_JPG_jpg.rf.B2G297dUvOd76sFGogz0.jpg,Crack,1,P156,P156,train,17,3,train,train,train,test,train,ebfdd92f53b1c482a0543550d53a0e23
train/Crack/156_18_JPG_jpg.rf.XbfSW7hMkNdpx11nLf0K.jpg,Crack,1,P156,P156,train,18,3,train,train,train,test,train,c6f3ec632afe801bcce62e442a7d7a50
train/Crack/156_19_JPG_jpg.rf.pzFSyrYXX2H7MVaxBamc.jpg,Crack,1,P156,P156,train,19,3,train,train,train,test,train,c4f52f3645dad52bf4c29e8bc33e782c
train/Crack/156_20_JPG_jpg.rf.CnwXKItsy0nyEOYV0FAq.jpg,Crack,1,P156,P156,train,20,3,train,train,train,test,train,a8d581de875d34a8fc842a7b660e7a64
train/Crack/156_21_JPG_jpg.rf.qPmmHiOxQv6BT5d5tQjT.jpg,Crack,1,P156,P156,train,21,3,train,train,train,test,train,098bde27220ddd5c2f2d94134e9d36a8
train/Crack/156_22_JPG_jpg.rf.SdjJlOccZGnkKfq5r5oe.jpg,Crack,1,P156,P156,train,22,3,train,train,train,test,train,464b8ff446f6ad9cff8aa7b9a237ffc1
train/Crack/156_25_JPG_jpg.rf.3pyDI9Fl4LCvPgt0ePV5.jpg,Crack,1,P156,P156,train,25,3,train,train,train,test,train,811e795210c94e9dcbc89faa5d56f079
train/Crack/156_6_JPG_jpg.rf.SCE6Rqb8EpK2chpO0Qf6.jpg,Crack,1,P156,P156,train,6,3,train,train,train,test,train,da64dcb1b243ebe8738910cbb70676fa
train/Crack/156_7_JPG_jpg.rf.7bWacbgUSFGNzd6xbdhz.jpg,Crack,1,P156,P156,train,7,3,train,train,train,test,train,4f8415e95a14e4ec835e5de26d578d2a
train/Crack/156_8_JPG_jpg.rf.6RiWc5jW7AVmP0eKOeNq.jpg,Crack,1,P156,P156,train,8,3,train,train,train,test,train,0f76545fd5a15aa206419f1a8f8ffbcb
train/Crack/157_10_JPG_jpg.rf.eijz2S1Oct8MtDMsHXLC.jpg,Crack,1,P157,P157,train,10,2,train,train,test,val,train,e7123cfe9a3573d15a763818ed8d7a78
train/Crack/157_11_JPG_jpg.rf.wqWIrqJJTAOXSCQKa6Km.jpg,Crack,1,P157,P157,train,11,2,train,train,test,val,train,c4571ec058177f5691b1dda75bee4d23
train/Crack/157_12_JPG_jpg.rf.h0TU9pCIflN6uBisCSPp.jpg,Crack,1,P157,P157,train,12,2,train,train,test,val,train,7d4790cf5c23d310840f518e4e06e599
train/Crack/157_13_JPG_jpg.rf.7gZPZTnc1eZjbuZD2mqF.jpg,Crack,1,P157,P157,train,13,2,train,train,test,val,train,98aba920b37f044d6afd8d3d5d2ae964
train/Crack/157_16_JPG_jpg.rf.JB8WUJfHKcDx4DCouxdz.jpg,Crack,1,P157,P157,train,16,2,train,train,test,val,train,2e9e6d7ee83f5e1de64408cd7b56d556
train/Crack/157_18_JPG_jpg.rf.0gyUPNTiA7JXrBzaCS5z.jpg,Crack,1,P157,P157,train,18,2,train,train,test,val,train,be486b146071db3a18b1d4f84ae4d51d
train/Crack/157_19_JPG_jpg.rf.mo2RvCU8Hj0wN5fnUdh2.jpg,Crack,1,P157,P157,train,19,2,train,train,test,val,train,89f708d88fdb7096ff1f3f2a58db3fbb
train/Crack/157_1_JPG_jpg.rf.1MGeq0VUvAxpHi3uxj0L.jpg,Crack,1,P157,P157,train,1,2,train,train,test,val,train,19697098c5329928102f685af66a984d
train/Crack/157_20_JPG_jpg.rf.djEcrgPdCFOACFEG1XM9.jpg,Crack,1,P157,P157,train,20,2,train,train,test,val,train,2db50dd8ee575931f4195e964f4c145e
train/Crack/157_21_JPG_jpg.rf.COloY0Bj9XXJuZcjJk3o.jpg,Crack,1,P157,P157,train,21,2,train,train,test,val,train,99052ebdcc6734f01636975c220f0ce3
train/Crack/157_23_JPG_jpg.rf.2Snh46PQcyJ3hh76h1IE.jpg,Crack,1,P157,P157,train,23,2,train,train,test,val,train,a92c0b83e34dcfdb374e3a7d91f14f6e
train/Crack/157_2_JPG_jpg.rf.AUeGG6hblnHpWTpsX4Fb.jpg,Crack,1,P157,P157,train,2,2,train,train,test,val,train,c69629638b8ccdd00ede528131ac6c8e
train/Crack/157_3_JPG_jpg.rf.rprSBwS2wurhZ80w80NC.jpg,Crack,1,P157,P157,train,3,2,train,train,test,val,train,4f39155dd7972fe0bbbadde763fe1aa3
train/Crack/157_4_JPG_jpg.rf.0os9eJ7oAS0KBgwApzS6.jpg,Crack,1,P157,P157,train,4,2,train,train,test,val,train,c4194d943374e5ae165fca89a1486f27
train/Crack/157_7_JPG_jpg.rf.foalQPjAfZbtVszbTitb.jpg,Crack,1,P157,P157,train,7,2,train,train,test,val,train,66359617030174b2670b00f809566b55
train/Crack/157_9_JPG_jpg.rf.Vc6qQ91f4AXUXxUZIB0W.jpg,Crack,1,P157,P157,train,9,2,train,train,test,val,train,91c9e28bbcfc94fed08347b014961b8e
train/Crack/158_10_JPG - Copy_jpg.rf.VAaqNgAhXwztH2IVKuco.jpg,Crack,1,P158,P158,train,10,0,test,train,train,train,train,6acffdef523889aa5279f3228085d9db
train/Crack/158_11_JPG_jpg.rf.cdz4rG5vlfXplSpDeVha.jpg,Crack,1,P158,P158,train,11,0,test,train,train,train,train,7e824b927a876f8a8e87ae7cad67cfb1
train/Crack/158_14_JPG_jpg.rf.DT5aGJtPO8qwnasn8BcK.jpg,Crack,1,P158,P158,train,14,0,test,train,train,train,train,e99131c1df7d06ffb300f603fe6d590f
train/Crack/158_15_JPG_jpg.rf.qknygAquK6RIkAw0Q2oO.jpg,Crack,1,P158,P158,train,15,0,test,train,train,train,train,86fba501a8add5dafc1b9301fd2d0b96
train/Crack/158_16_JPG_jpg.rf.qhUEnVpDhCjQnmrBJdmE.jpg,Crack,1,P158,P158,train,16,0,test,train,train,train,train,e929412bce50be3a63d1369e72412bda
train/Crack/158_17_JPG_jpg.rf.ahwqvn4eJcbd3KofpT5g.jpg,Crack,1,P158,P158,train,17,0,test,train,train,train,train,f74831a06546f7376544dc127629c758
train/Crack/158_18_JPG_jpg.rf.TYNK6xxG22Q87qLGU9Kf.jpg,Crack,1,P158,P158,train,18,0,test,train,train,train,train,3c2585c7289af7c6b424b82a8bb905d1
train/Crack/158_19_JPG_jpg.rf.SlAHa2f9oeBGdlzWRAGT.jpg,Crack,1,P158,P158,train,19,0,test,train,train,train,train,d96f169d2831cc8b5453e9cee8271fa6
train/Crack/158_21_JPG_jpg.rf.ncpGveTRuUSBV0CEKADL.jpg,Crack,1,P158,P158,train,21,0,test,train,train,train,train,3049725e7e53d34f7902f7b16239d703
train/Crack/158_22_JPG_jpg.rf.tRD12EQySJBXSKgbqysb.jpg,Crack,1,P158,P158,train,22,0,test,train,train,train,train,c86596685995c7587319f33b92a93d26
train/Crack/158_23_JPG - Copy_jpg.rf.7X3secZMKmZRqvVBKPd6.jpg,Crack,1,P158,P158,train,23,0,test,train,train,train,train,f8758d2b0aedd27963662136da8a89e7
train/Crack/158_25_JPG_jpg.rf.IRggtOxMaJ0vUV4tL5aN.jpg,Crack,1,P158,P158,train,25,0,test,train,train,train,train,5f3d29350085fbd93aa0ca63e37cce05
train/Crack/158_4_JPG - Copy_jpg.rf.IcV46dsAwTX5hLS4iuKW.jpg,Crack,1,P158,P158,train,4,0,test,train,train,train,train,a4c2db1080e2f76c4e36f6334e54de25
train/Crack/158_6_JPG - Copy_jpg.rf.klGymPt3ZxKxOGiYURbD.jpg,Crack,1,P158,P158,train,6,0,test,train,train,train,train,24d6d56912a1864d6590c36d5c7a4d7f
train/Crack/158_7_JPG - Copy_jpg.rf.aEj3PraiirkDgjOOgjUK.jpg,Crack,1,P158,P158,train,7,0,test,train,train,train,train,cd32510b534ee3fc155f4b8b347b0bd5
train/Crack/159_0_JPG_jpg.rf.zUr18eb80WeitPCF8teJ.jpg,Crack,1,P159,P159,train,0,2,train,train,test,train,train,9ca5535cefdd14638f40debca14e80b7
train/Crack/159_10_JPG_jpg.rf.Op0JUzeZDWdiYFSuIe1s.jpg,Crack,1,P159,P159,train,10,2,train,train,test,train,train,3fa6d32d9cd4045dae725e8148f8078c
train/Crack/159_12_JPG_jpg.rf.4PPZRmq1OH0VeKOKUsfQ.jpg,Crack,1,P159,P159,train,12,2,train,train,test,train,train,d59e813426e6d0598e42f939b8a6123e
train/Crack/159_17_JPG_jpg.rf.sBtHoXOAgboRrAbEuyD7.jpg,Crack,1,P159,P159,train,17,2,train,train,test,train,train,6dd422c664086044cbc988171b6e4818
train/Crack/159_18_JPG_jpg.rf.CJA4HWtsnwpUszTVQ6ks.jpg,Crack,1,P159,P159,train,18,2,train,train,test,train,train,7a941f40c22bcb604c318936d77e1f35
train/Crack/159_19_JPG_jpg.rf.OgniyVz6g84DD5CnTVMj.jpg,Crack,1,P159,P159,train,19,2,train,train,test,train,train,3c7b8bb58ea9ca17c063828391a72499
train/Crack/159_1_JPG_jpg.rf.oTThSDcigAWWsygjlbDk.jpg,Crack,1,P159,P159,train,1,2,train,train,test,train,train,52bd25be54ea1c13015d54a6c6cdb57a
train/Crack/159_20_JPG_jpg.rf.jNfrNmGvSBqSbbTdB8h0.jpg,Crack,1,P159,P159,train,20,2,train,train,test,train,train,5391821805719b76cd0cb576c5f20451
train/Crack/159_21_JPG_jpg.rf.SpUtAOmOJKyybf2MKnoB.jpg,Crack,1,P159,P159,train,21,2,train,train,test,train,train,fd9af7a6cecde307cbf2c8fbb6b48fee
train/Crack/159_22_JPG_jpg.rf.2SrHeUA0WOMbNHV13bdC.jpg,Crack,1,P159,P159,train,22,2,train,train,test,train,train,cf41f57fee71e5f0980d123a5ee12fe5
train/Crack/159_23_JPG_jpg.rf.wzuy61KzLGrc35h7UBq0.jpg,Crack,1,P159,P159,train,23,2,train,train,test,train,train,04dba368058f21b902178714d8f848aa
train/Crack/159_24_JPG_jpg.rf.ig1o6zHlNIpWSSeTwwx8.jpg,Crack,1,P159,P159,train,24,2,train,train,test,train,train,672c44b78e0e8e602b04d6e7533cd70c
train/Crack/159_25_JPG_jpg.rf.kv85iNQmSxSkYkhOhm0p.jpg,Crack,1,P159,P159,train,25,2,train,train,test,train,train,593e343ad2b9876c194b49fd12db0f68
train/Crack/159_2_JPG_jpg.rf.5NHbKcNXbWKixiL6t0WD.jpg,Crack,1,P159,P159,train,2,2,train,train,test,train,train,63fa8d7a993d9567d9f46063dca20abe
train/Crack/159_3_JPG_jpg.rf.q0td54NeIvPBd6EpRCYQ.jpg,Crack,1,P159,P159,train,3,2,train,train,test,train,train,cddcdc41380f3b8c70f2389352eb1e03
train/Crack/159_4_JPG_jpg.rf.tcx3rK82KCVfvsHWdi3S.jpg,Crack,1,P159,P159,train,4,2,train,train,test,train,train,0e753cf4b503f32d63514fcdcba6c091
train/Crack/159_5_JPG_jpg.rf.uAqnHvqOuR2GZNIhIaId.jpg,Crack,1,P159,P159,train,5,2,train,train,test,train,train,84d99b512b705e98e24f5a04c46ce7d8
train/Crack/159_6_JPG_jpg.rf.7XkIZqxqz56seaCLQXaT.jpg,Crack,1,P159,P159,train,6,2,train,train,test,train,train,0ebad2c01a3a411428f887a2aad9a179
train/Crack/159_7_JPG_jpg.rf.XKCBMYPRhYVjmMqtncgl.jpg,Crack,1,P159,P159,train,7,2,train,train,test,train,train,b5f02a98ea3ca593283e87c81d83a7ed
train/Crack/159_8_JPG_jpg.rf.AK1DZM4bdJWh5vv1C9G2.jpg,Crack,1,P159,P159,train,8,2,train,train,test,train,train,27247bc9024d8bccd7f431bd372e90f6
train/Crack/15_25_JPG_jpg.rf.ODDcgatW8AQSXfjHfNoY.jpg,Crack,1,P15,P15,train,25,2,val,train,test,train,train,1b49de2bff0271ea34a5ab4b98d05a4e
train/Crack/160_12_JPG_jpg.rf.v07kcK2u3aHVQ3w4BbFx.jpg,Crack,1,P160,P160,train,12,3,train,train,val,test,train,a42efba07f55104b77a7fb76342412e6
train/Crack/160_13_JPG_jpg.rf.i47II5LtxHp4EXpDf2W0.jpg,Crack,1,P160,P160,train,13,3,train,train,val,test,train,7d3c5c59a334c652a4dba735c4fddfc4
train/Crack/160_14_JPG_jpg.rf.6ofvx8euW3qCPfSEuIgZ.jpg,Crack,1,P160,P160,train,14,3,train,train,val,test,train,f7b69d26882730d92609f78f999bdcf2
train/Crack/160_15_JPG_jpg.rf.by1ECRacKLuhOAtzJK45.jpg,Crack,1,P160,P160,train,15,3,train,train,val,test,train,6f6d1073820cfd563baaabb245be1fa8
train/Crack/160_16_JPG_jpg.rf.ORphJYNztGZnR1PFPKGS.jpg,Crack,1,P160,P160,train,16,3,train,train,val,test,train,456479717edadaba2955a5ce89712817
train/Crack/160_17_JPG_jpg.rf.0gsYmzJtgKAucry2hY4F.jpg,Crack,1,P160,P160,train,17,3,train,train,val,test,train,42c8f0c0c76fd00523d9fe1e186134e8
train/Crack/160_18_JPG_jpg.rf.Lc29YpK8x3Jm3Q8VO1R2.jpg,Crack,1,P160,P160,train,18,3,train,train,val,test,train,3fab52863f2e8bbb53cc09204239e21a
train/Crack/160_20_JPG_jpg.rf.z8rUnV6Aq1EYvoxykkfF.jpg,Crack,1,P160,P160,train,20,3,train,train,val,test,train,f6e59b8c61b1e5523e2c578b1ab8e197
train/Crack/160_23_JPG_jpg.rf.TYUGpPQ2itZfUatSuWeK.jpg,Crack,1,P160,P160,train,23,3,train,train,val,test,train,77dd5272ada82e60e30960af66832edc
train/Crack/160_3_JPG_jpg.rf.RzMFpBZFku1YjGXQucRL.jpg,Crack,1,P160,P160,train,3,3,train,train,val,test,train,67d90454914fd9f42b234ddb65b7fe46
train/Crack/160_5_JPG_jpg.rf.Z4UvCRvYVT2thFwT3fTH.jpg,Crack,1,P160,P160,train,5,3,train,train,val,test,train,a7cb9ca4e8b02b94987306ea28310a5b
train/Crack/160_7_JPG_jpg.rf.2Ks39bKyhgzD7eLnLKTb.jpg,Crack,1,P160,P160,train,7,3,train,train,val,test,train,4611641c103b6d5d7e9916a88e050258
train/Crack/160_9_JPG_jpg.rf.cDDvQn6rBqXHGJGACv5K.jpg,Crack,1,P160,P160,train,9,3,train,train,val,test,train,1df423441b9a394d38f085bc6c3e4bd6
train/Crack/161_0_JPG_jpg.rf.itzsjcfZ3Sbt7Lx8FAGL.jpg,Crack,1,P161,P161,train,0,3,train,train,train,test,train,42eca875cc5a6271ab7b9d770d7b4ef6
train/Crack/161_10_JPG_jpg.rf.Vflp6f3db2ZeT1ulqDiy.jpg,Crack,1,P161,P161,train,10,3,train,train,train,test,train,531e8548c48fbb0700af326223c5a7de
train/Crack/161_13_JPG_jpg.rf.Z3sWbxfvB9QbSlM5a5wV.jpg,Crack,1,P161,P161,train,13,3,train,train,train,test,train,36cc8033e483458b00f98e7ed0365953
train/Crack/161_14_JPG_jpg.rf.djn3ZDtvN2QjpdXs5PBl.jpg,Crack,1,P161,P161,train,14,3,train,train,train,test,train,9bd47f14f5998e38a6742e01360d2eda
train/Crack/161_15_JPG_jpg.rf.Tiv7layntW3Q0Y70arWN.jpg,Crack,1,P161,P161,train,15,3,train,train,train,test,train,fd7e869b3835258cb745aab6ba7e3e5e
train/Crack/161_17_JPG_jpg.rf.ergzC1JPw2jknZAYmVRN.jpg,Crack,1,P161,P161,train,17,3,train,train,train,test,train,a94e58e7182a8f9689775bd993f26aaa
train/Crack/161_18_JPG_jpg.rf.vKfo6U5dJA0r4Y01rT7R.jpg,Crack,1,P161,P161,train,18,3,train,train,train,test,train,a44f944c24c85447b47e88ceabc896c1
train/Crack/161_1_JPG_jpg.rf.BS2dsz0ULichLAWtV9Zc.jpg,Crack,1,P161,P161,train,1,3,train,train,train,test,train,337b4881b13eda3aad68cc8cfb3c6ef3
train/Crack/161_20_JPG_jpg.rf.CoxejkdK3wF5zNTyF7GC.jpg,Crack,1,P161,P161,train,20,3,train,train,train,test,train,b68fd1d49f3d4b96c1519d212870c803
train/Crack/161_23_JPG_jpg.rf.8UTaVaUqM1icWj5VssuA.jpg,Crack,1,P161,P161,train,23,3,train,train,train,test,train,81795344266c41557aedb5b322a45046
train/Crack/161_24_JPG_jpg.rf.oy906lrgyhUgQsa80e94.jpg,Crack,1,P161,P161,train,24,3,train,train,train,test,train,00b75caafba0b713aa5031f7eed0cd73
train/Crack/161_25_JPG_jpg.rf.HwfT9pvFNFMmx4JMPfmg.jpg,Crack,1,P161,P161,train,25,3,train,train,train,test,train,ed47f52c69fd6c8fd1c5aa3df6018476
train/Crack/161_3_JPG_jpg.rf.fmmVMhJHGKkuI7yYVZKY.jpg,Crack,1,P161,P161,train,3,3,train,train,train,test,train,dd9dfd85d51e97628e28e8258cb45e5f
train/Crack/161_4_JPG_jpg.rf.IP5lrNmBYe3qgMs7rvkN.jpg,Crack,1,P161,P161,train,4,3,train,train,train,test,train,409922da8311c892312fe2c1aa20fd9c
train/Crack/161_5_JPG_jpg.rf.J2k2Slz4qscZv6u5qVcO.jpg,Crack,1,P161,P161,train,5,3,train,train,train,test,train,0e7aa502b0e0dea73de34b4cccfed756
train/Crack/161_6_JPG_jpg.rf.N9xxDlP2nAvnlop9Ja6q.jpg,Crack,1,P161,P161,train,6,3,train,train,train,test,train,279632378c5f8ac8bb27069383ec5e33
train/Crack/161_7_JPG_jpg.rf.gq0vgS2tR5RrNECmWort.jpg,Crack,1,P161,P161,train,7,3,train,train,train,test,train,23d95b23f41fb28fe0058e836820ad07
train/Crack/161_8_JPG_jpg.rf.9zH0NZavSZzPSkTsQey1.jpg,Crack,1,P161,P161,train,8,3,train,train,train,test,train,1d477381c36cf751fa23d0da1422e9ec
train/Crack/162_0_JPG_jpg.rf.wa1lpbdWgSEwcdIYNMam.jpg,Crack,1,P162,P162,train,0,4,train,train,train,train,test,6079f64e086be97b3596fddd7451fc85
train/Crack/162_10_JPG_jpg.rf.7ujcQoHs2AZbV2p9pNyk.jpg,Crack,1,P162,P162,train,10,4,train,train,train,train,test,74e2ab3590906b024269877226d2d1a6
train/Crack/162_11_JPG_jpg.rf.XK1ALvKIW0YTZNhUTgNe.jpg,Crack,1,P162,P162,train,11,4,train,train,train,train,test,c145163796b8599d1940bcc4188c335d
train/Crack/162_12_JPG_jpg.rf.EYxk6m77fZB9DWi6ddd6.jpg,Crack,1,P162,P162,train,12,4,train,train,train,train,test,fffee4ee5c57fbe945bc8ab7646ac50e
train/Crack/162_13_JPG_jpg.rf.aMpNyuyKtAs1cFMTuxlP.jpg,Crack,1,P162,P162,train,13,4,train,train,train,train,test,dacd30943ccef8c1b0416949dff24574
train/Crack/162_14_JPG_jpg.rf.d2Wq1SyHkDRdZJ2nawBk.jpg,Crack,1,P162,P162,train,14,4,train,train,train,train,test,846599565a13817715d28ba5f123e9fa
train/Crack/162_15_JPG_jpg.rf.1dzuuSyzR82e95K4Xbt0.jpg,Crack,1,P162,P162,train,15,4,train,train,train,train,test,a88b75bca1aca4f67d204ebc752d9819
train/Crack/162_16_JPG_jpg.rf.ncAW0tT3ygZHnkrzGUlF.jpg,Crack,1,P162,P162,train,16,4,train,train,train,train,test,19e309516bef203b4150d26c938f101f
train/Crack/162_17_JPG_jpg.rf.qvF4FSc3zW8zLQHor0IB.jpg,Crack,1,P162,P162,train,17,4,train,train,train,train,test,7002cd27b33cca83b585ced864a4d4ad
train/Crack/162_19_JPG_jpg.rf.0MButbSWIf5HJUBpe0LA.jpg,Crack,1,P162,P162,train,19,4,train,train,train,train,test,b4109fb4de636cf4d666bd5774d9620c
train/Crack/162_1_JPG_jpg.rf.zcv4ixbp4OW2X0NSFoOo.jpg,Crack,1,P162,P162,train,1,4,train,train,train,train,test,d2e62a6272672a895f7f81d0e07bbbef
train/Crack/162_20_JPG_jpg.rf.ZXHDQbnhRlYgsq2Tqmfs.jpg,Crack,1,P162,P162,train,20,4,train,train,train,train,test,83e9c38c47e108cf0dd44fa4c4dab02e
train/Crack/162_22_JPG_jpg.rf.c3WHmk9tzhDUwQQNt6gX.jpg,Crack,1,P162,P162,train,22,4,train,train,train,train,test,60396392630192846659f80c8a22ad4d
train/Crack/162_23_JPG_jpg.rf.dfbTKituZ0it6CYX9ZL4.jpg,Crack,1,P162,P162,train,23,4,train,train,train,train,test,65bf09194b7195fd2e0ab3baf864c60c
train/Crack/162_24_JPG_jpg.rf.OXV7YhrYFxUxmxYauAHr.jpg,Crack,1,P162,P162,train,24,4,train,train,train,train,test,5703e645b0d7bb18f7e9daed2b6cc673
train/Crack/162_25_JPG_jpg.rf.EZFsQfh8WZ6UjqsCjnzu.jpg,Crack,1,P162,P162,train,25,4,train,train,train,train,test,3e75dbc8789cb4c40751d6e2308b698e
train/Crack/162_2_JPG_jpg.rf.d6w8jf8EkKkSXkq7QITi.jpg,Crack,1,P162,P162,train,2,4,train,train,train,train,test,aab6c2c53bddeeed711d89c8e611c22a
train/Crack/162_3_JPG_jpg.rf.mSPz7tcdPfGodza5o5DV.jpg,Crack,1,P162,P162,train,3,4,train,train,train,train,test,ee73a5cb2f44779ce3bc17598c185d86
train/Crack/162_4_JPG_jpg.rf.gcyjhzYcNpuOhdDZblOM.jpg,Crack,1,P162,P162,train,4,4,train,train,train,train,test,377fd5e7d0b5b233567e0098dd4dc305
train/Crack/162_5_JPG_jpg.rf.P5JVEKahul3fl9Bzu9vz.jpg,Crack,1,P162,P162,train,5,4,train,train,train,train,test,62647ab53075a476d361d8d57ad2d950
train/Crack/162_6_JPG_jpg.rf.OkqJiCtZ9zH19hpEIks4.jpg,Crack,1,P162,P162,train,6,4,train,train,train,train,test,0cb908a3cc580c3dd7a57bb5bf1a755f
train/Crack/162_7_JPG_jpg.rf.zmCPPR7KHD2h3NUVBKZY.jpg,Crack,1,P162,P162,train,7,4,train,train,train,train,test,d607d938ea19da128fea6a58f6e3ced8
train/Crack/162_9_JPG_jpg.rf.VhpwxlSupbaEvp25BSlt.jpg,Crack,1,P162,P162,train,9,4,train,train,train,train,test,9130e0f38d42315ceb49545bbc2e4a51
train/Crack/164_0_JPG_jpg.rf.CBsIyZQ5kPIP5uuC0Rd4.jpg,Crack,1,P164,P164,train,0,3,train,train,train,test,val,18c512d68bae5a03ac3ddb901f5086a9
train/Crack/164_10_JPG_jpg.rf.nMsj3ZwAN4JvCFfpu9Ms.jpg,Crack,1,P164,P164,train,10,3,train,train,train,test,val,54cb84b937826bc64a08845fdd33aee9
train/Crack/164_11_JPG_jpg.rf.xalng0kfblkYHTSGLosB.jpg,Crack,1,P164,P164,train,11,3,train,train,train,test,val,1690faf9524f8e00756eecc97163204f
train/Crack/164_12_JPG_jpg.rf.epdGDO1sYYDj4wqo12t0.jpg,Crack,1,P164,P164,train,12,3,train,train,train,test,val,dd2f4771ae283a346fdb226277382a29
train/Crack/164_13_JPG_jpg.rf.uqOLsfqbNxhUsjmxsbCR.jpg,Crack,1,P164,P164,train,13,3,train,train,train,test,val,4ccdacd6661df0cf9fbfd75183e06caf
train/Crack/164_14_JPG_jpg.rf.D5T7yYOOzVPOlJIro4do.jpg,Crack,1,P164,P164,train,14,3,train,train,train,test,val,5b1ed01ce1a3b07bd8181a458060f984
train/Crack/164_15_JPG_jpg.rf.6yD7lEYgg3JtDK3NJzhY.jpg,Crack,1,P164,P164,train,15,3,train,train,train,test,val,1e5e7e47d019671803ff477852693426
train/Crack/164_16_JPG_jpg.rf.dzXdprQA9B5M8n640hzP.jpg,Crack,1,P164,P164,train,16,3,train,train,train,test,val,6f091ecad3f185c6df13bc3cb471dc01
train/Crack/164_19_JPG_jpg.rf.t2rXscBjsud07fUwpqWp.jpg,Crack,1,P164,P164,train,19,3,train,train,train,test,val,360f1a21dbd6e995d01fbd678ce256d2
train/Crack/164_20_JPG_jpg.rf.0mDyrjUTJAopJdiMg9pZ.jpg,Crack,1,P164,P164,train,20,3,train,train,train,test,val,111553355bd35c46f64b5b0ff4fb78c0
train/Crack/164_21_JPG_jpg.rf.mEtki3v7jEDmv3WUoqbR.jpg,Crack,1,P164,P164,train,21,3,train,train,train,test,val,f5f0c49901e239d2dceaa996034ad3d6
train/Crack/164_22_JPG_jpg.rf.vdKcLt8cnc4kg9CbpFq9.jpg,Crack,1,P164,P164,train,22,3,train,train,train,test,val,ed955060936e8c9ccbf86c1aa105add1
train/Crack/164_23_JPG_jpg.rf.Mo4tMI4RhkJOSSIUwHii.jpg,Crack,1,P164,P164,train,23,3,train,train,train,test,val,47edf259699c74b0011dd39f7504dbff
train/Crack/164_25_JPG_jpg.rf.fULmb7uxzF0ponG4LNrw.jpg,Crack,1,P164,P164,train,25,3,train,train,train,test,val,099adf9cca9afa8c02bda0d9faca69dd
train/Crack/164_2_JPG_jpg.rf.EGKfsufBCeqMjyBcfXJO.jpg,Crack,1,P164,P164,train,2,3,train,train,train,test,val,b2cd1657c016a9ef2499dcf6bd7834f1
train/Crack/164_3_JPG_jpg.rf.v1Nj1cKOaEOj67pqjQqd.jpg,Crack,1,P164,P164,train,3,3,train,train,train,test,val,61b377c83325b5687ef936935336f93f
train/Crack/164_5_JPG_jpg.rf.QgTR2oBvSotI4WcSMdN7.jpg,Crack,1,P164,P164,train,5,3,train,train,train,test,val,bbd4236b5606513f2cd6179fa81f71fe
train/Crack/164_7_JPG_jpg.rf.DboMmI6MIMUqKM2MaQUH.jpg,Crack,1,P164,P164,train,7,3,train,train,train,test,val,508ff9bc810b81acde667666fdbb17a2
train/Crack/164_9_JPG_jpg.rf.PHwd7mKMcX906Hz1gmRV.jpg,Crack,1,P164,P164,train,9,3,train,train,train,test,val,72f3aebc326e23ee7c06a18bac98739e
train/Crack/165_11_JPG_jpg.rf.FV70u9aSJ7i78kBSbinM.jpg,Crack,1,P165,P165,train,11,0,test,train,train,train,val,21deef6f771960bc5cdbc4ce532fbdad
train/Crack/165_12_JPG_jpg.rf.MVepQiYo64pttGTzgjjW.jpg,Crack,1,P165,P165,train,12,0,test,train,train,train,val,2bbea56c0abbd57271ec3294616de444
train/Crack/165_13_JPG_jpg.rf.662ObbV3qyzWX58jsgZG.jpg,Crack,1,P165,P165,train,13,0,test,train,train,train,val,53a78ef2e1367d65e26906760314ae65
train/Crack/165_14_JPG_jpg.rf.iIfyBU4NKpITunCbKkjh.jpg,Crack,1,P165,P165,train,14,0,test,train,train,train,val,5464a2aedadcab72fcfc1fc4fd4c2cc7
train/Crack/165_15_JPG_jpg.rf.MLgNvQHM0oYIcoDPAViA.jpg,Crack,1,P165,P165,train,15,0,test,train,train,train,val,37c09521c50d9031be1866ca6e651db6
train/Crack/165_19_JPG_jpg.rf.yjoEWdhDtnBG4bCw1LZ6.jpg,Crack,1,P165,P165,train,19,0,test,train,train,train,val,e74cc2ca716dae5bdad1aec9ca7ea5a9
train/Crack/165_1_JPG_jpg.rf.qL48QyUIjuwJk1YDryhg.jpg,Crack,1,P165,P165,train,1,0,test,train,train,train,val,8be6d553e9d1ec319085b4bc79289da9
train/Crack/165_20_JPG_jpg.rf.wAgZ0gHb2T38PThEv9E3.jpg,Crack,1,P165,P165,train,20,0,test,train,train,train,val,3dc2881ad2f831f255fe05e3e0707e0b
train/Crack/165_21_JPG_jpg.rf.u3gpMsks6Bt3Kg4yZj1q.jpg,Crack,1,P165,P165,train,21,0,test,train,train,train,val,7cf47c5f0191ea4f0d1136820e40a586
train/Crack/165_22_JPG_jpg.rf.3g8YkqTQLtDaTULV1KDv.jpg,Crack,1,P165,P165,train,22,0,test,train,train,train,val,ccad30d84db206b17a7f0603d5faee49
train/Crack/165_3_JPG_jpg.rf.RIK2uAvTyn657l0aqfUk.jpg,Crack,1,P165,P165,train,3,0,test,train,train,train,val,a8c3bcc31ac08f13041ca53b3dfe1e51
train/Crack/165_5_JPG_jpg.rf.rMgi6uGfMIVYMJo7tLGd.jpg,Crack,1,P165,P165,train,5,0,test,train,train,train,val,dbdcb824b5cf5715c9366a2a226a1369
train/Crack/165_6_JPG_jpg.rf.0KnKAdPAT10RkT1dPgZy.jpg,Crack,1,P165,P165,train,6,0,test,train,train,train,val,9bfd65e9bba5b694e7b7aac97a94af9f
train/Crack/165_7_JPG_jpg.rf.HRkfGIsnWECLtBD709O3.jpg,Crack,1,P165,P165,train,7,0,test,train,train,train,val,e3be9e2b646b6295758608aad5992a4f
train/Crack/165_8_JPG_jpg.rf.dj7GR96tuPX3FtT69nXU.jpg,Crack,1,P165,P165,train,8,0,test,train,train,train,val,cea16e9a8e4f936ce59f3046efc0f983
train/Crack/165_9_JPG_jpg.rf.wTD5FebERb3dhHWbN3jT.jpg,Crack,1,P165,P165,train,9,0,test,train,train,train,val,573938d468efb952e6407b5dff4708aa
train/Crack/166_10_JPG_jpg.rf.pWERNBtpQzNCFOYoZh5s.jpg,Crack,1,P166,P166,train,10,2,train,train,test,train,train,7998b4ec8592a74868aac00ee40eb9c2
train/Crack/166_12_JPG_jpg.rf.CjGtoIKXvpK5McNJEmUu.jpg,Crack,1,P166,P166,train,12,2,train,train,test,train,train,5863986a4785b58fac854dedb147cc26
train/Crack/166_14_JPG_jpg.rf.R2QEhceg2smeX0Zgt3pg.jpg,Crack,1,P166,P166,train,14,2,train,train,test,train,train,17eb3d84126616538d28f23a4877e72b
train/Crack/166_16_JPG_jpg.rf.TD6g3dRKnLEM1MJrT1FG.jpg,Crack,1,P166,P166,train,16,2,train,train,test,train,train,5f2400dadc4ff4a4f1849590f5653671
train/Crack/166_1_JPG_jpg.rf.SpegFODqvgF8N25Mbx2h.jpg,Crack,1,P166,P166,train,1,2,train,train,test,train,train,0f45bc49ea9fed11826ee8d3f3547ade
train/Crack/166_22_JPG_jpg.rf.YAjJTTdWsTdVr8RobTqT.jpg,Crack,1,P166,P166,train,22,2,train,train,test,train,train,4c4e894399af6ad3da38f68bdfac0ec4
train/Crack/166_24_JPG_jpg.rf.5wDU4dgthHHZvkD0rtEC.jpg,Crack,1,P166,P166,train,24,2,train,train,test,train,train,8656e34e4f6f2f73b5b172efb539097a
train/Crack/166_25_JPG_jpg.rf.yMz08FYmPzwJK4DXZ3eX.jpg,Crack,1,P166,P166,train,25,2,train,train,test,train,train,2c304e2c6ccf8c35ca4e66ec42a498cd
train/Crack/166_4_JPG_jpg.rf.bsJ4bDOXmbVDBUabEnVy.jpg,Crack,1,P166,P166,train,4,2,train,train,test,train,train,59563f8cd86d8208b48bd3f8b10d0d4b
train/Crack/166_7_JPG_jpg.rf.o66ZwQiwg5vpdv8OpXmp.jpg,Crack,1,P166,P166,train,7,2,train,train,test,train,train,a9068d1c85f6c31259f49bce5d310a39
train/Crack/167_10_JPG_jpg.rf.wPwoBKKsIS14IremriKW.jpg,Crack,1,P167,P167,train,10,3,val,train,train,test,train,879bb14677e7b9c1d1eb2e481adf39dd
train/Crack/167_12_JPG_jpg.rf.uE40rxfuv32l3iXFE42n.jpg,Crack,1,P167,P167,train,12,3,val,train,train,test,train,03425a8567c380701325030b3324ccb2
train/Crack/167_13_JPG_jpg.rf.AGtntcCscAwkp9fLnKQa.jpg,Crack,1,P167,P167,train,13,3,val,train,train,test,train,2a18f90d90aa28570e67d2bc7fdcec25
train/Crack/167_22_JPG_jpg.rf.Mfy3bZXMuYI9A0ZIrVC1.jpg,Crack,1,P167,P167,train,22,3,val,train,train,test,train,80037c15d923144f5c86dfb1e8994ea4
train/Crack/167_23_JPG_jpg.rf.mdThBqA8wTbhBJYqjbqb.jpg,Crack,1,P167,P167,train,23,3,val,train,train,test,train,17314098424788aa79953fb4e24bb031
train/Crack/167_25_JPG_jpg.rf.ggsBqzZZGc8bMult0Llp.jpg,Crack,1,P167,P167,train,25,3,val,train,train,test,train,e282a3189983fad32c9a589b5112f5c6
train/Crack/167_3_JPG_jpg.rf.zwKjr4z0hJzY3quO7vGF.jpg,Crack,1,P167,P167,train,3,3,val,train,train,test,train,d58a391204433b87918558b27e49ebaf
train/Crack/167_6_JPG_jpg.rf.v9biD8rtNVQfK01nJXcN.jpg,Crack,1,P167,P167,train,6,3,val,train,train,test,train,96084d39d36df8e9f2d8fea320c64efb
train/Crack/167_7_JPG_jpg.rf.Qlmi09yGm9LpkiwUUcFT.jpg,Crack,1,P167,P167,train,7,3,val,train,train,test,train,999705e5c42a61850e29beadfd529de4
train/Crack/167_8_JPG_jpg.rf.lhvBygy5m8tpNTEZAAIl.jpg,Crack,1,P167,P167,train,8,3,val,train,train,test,train,bacf2ca1f281acd9d140194be0828c99
train/Crack/167_9_JPG_jpg.rf.1yP0ySMnEzjlnPYXJZMl.jpg,Crack,1,P167,P167,train,9,3,val,train,train,test,train,9ad0c4cf9c8593d38a01e8e4a2dc7b07
train/Crack/168_0_JPG_jpg.rf.w9nk9rxPtwNSY6G5RrTe.jpg,Crack,1,P168,P168,train,0,4,train,train,train,train,test,f0f4e4c8b0d31053121c66b3cb698ece
train/Crack/168_10_JPG_jpg.rf.inYwLIq5L8jc2ezLl8cj.jpg,Crack,1,P168,P168,train,10,4,train,train,train,train,test,c17ca90d877935280b259df04b4abc1e
train/Crack/168_19_JPG_jpg.rf.QkgJ0rBzM3Z3cMZvdGWw.jpg,Crack,1,P168,P168,train,19,4,train,train,train,train,test,3a258aa10d3ec965a701c71c92153571
train/Crack/168_20_JPG_jpg.rf.0zhtGghqTWum6VZlA4TZ.jpg,Crack,1,P168,P168,train,20,4,train,train,train,train,test,155a02ab4297cc1d1cc39771533615ac
train/Crack/168_22_JPG_jpg.rf.1BjA8LYRPbgCD22SNB4c.jpg,Crack,1,P168,P168,train,22,4,train,train,train,train,test,467a5ee9fa9dbc49d5762a52084aed63
train/Crack/168_23_JPG_jpg.rf.fZkB68zr1lKBEHJtRfDm.jpg,Crack,1,P168,P168,train,23,4,train,train,train,train,test,0d2c30a2afe8b5b27518b6ddd0f11ee4
train/Crack/168_24_JPG_jpg.rf.RGY947vHqLUqtKIfkU0V.jpg,Crack,1,P168,P168,train,24,4,train,train,train,train,test,dae2762ed6ff78996b1f29ce64224514
train/Crack/168_25_JPG_jpg.rf.Qmw5A8h2IMnp4McY7jrK.jpg,Crack,1,P168,P168,train,25,4,train,train,train,train,test,25be2bd0ac0d52b0b3bc715e8ee53e4d
train/Crack/168_2_JPG_jpg.rf.EDe46R4jzYeTqSMXWhcD.jpg,Crack,1,P168,P168,train,2,4,train,train,train,train,test,8e8d8691afe70d0bee69f55dc664e4fc
train/Crack/168_6_JPG_jpg.rf.NCXLvp31cJGYB9t1x53n.jpg,Crack,1,P168,P168,train,6,4,train,train,train,train,test,6132bc729fa4a787e6051116a3ddd68d
train/Crack/168_8_JPG_jpg.rf.487kJN07jgsqiiMZ00hj.jpg,Crack,1,P168,P168,train,8,4,train,train,train,train,test,5d27d8f519c2b0035ce21e0536f7023c
train/Crack/168_9_JPG_jpg.rf.b96dnkY7BwzySpj8vfEm.jpg,Crack,1,P168,P168,train,9,4,train,train,train,train,test,d32a06b195c0722edae1de68e0aec30b
train/Crack/169_11_JPG_jpg.rf.fjBbYIDNTjtj3ofxeuSP.jpg,Crack,1,P169,P169,train,11,4,train,train,train,train,test,19a86e97d2f27e3bed271125271b9a15
train/Crack/169_12_JPG_jpg.rf.CIExeUcY5w6C4N7nL6st.jpg,Crack,1,P169,P169,train,12,4,train,train,train,train,test,4a9273fd53b8f4320f3fa7cb73100de0
train/Crack/169_13_JPG_jpg.rf.tkyhshrsF4MgkopULO4W.jpg,Crack,1,P169,P169,train,13,4,train,train,train,train,test,777580927d3447397efba0443f956bb8
train/Crack/169_14_JPG_jpg.rf.YSH8fCkNLXR6qkuUv4oV.jpg,Crack,1,P169,P169,train,14,4,train,train,train,train,test,f71222a38106a1cd369d54ad50906012
train/Crack/169_15_JPG_jpg.rf.Rd7cszLU095Lje7fBxOg.jpg,Crack,1,P169,P169,train,15,4,train,train,train,train,test,76dcd82fd6aecbab08828ead7934b627
train/Crack/169_16_JPG_jpg.rf.zLgHffx5VvRySg2pyF1e.jpg,Crack,1,P169,P169,train,16,4,train,train,train,train,test,6ad2b71da0c34963459dc5e1c13f0ba9
train/Crack/169_17_JPG_jpg.rf.ct1gJCNdBOphKYnUMCDI.jpg,Crack,1,P169,P169,train,17,4,train,train,train,train,test,cd52775429897c9fe1da667b5f75d280
train/Crack/169_19_JPG_jpg.rf.9QI89jSvZstcWmpzR8m6.jpg,Crack,1,P169,P169,train,19,4,train,train,train,train,test,3461a111bbe7ed28b5c01f67163e9f4e
train/Crack/169_1_JPG_jpg.rf.bVI2N9RfPV2qEaZgx80q.jpg,Crack,1,P169,P169,train,1,4,train,train,train,train,test,c351a9598acc1cb49a4c671a31b263d7
train/Crack/169_20_JPG_jpg.rf.qHVMq5oXuP6ajp6OcSdh.jpg,Crack,1,P169,P169,train,20,4,train,train,train,train,test,56115fed88a5343daf32767d2d074fe5
train/Crack/169_21_JPG_jpg.rf.2pT5JLRMOAbESNNvP6gd.jpg,Crack,1,P169,P169,train,21,4,train,train,train,train,test,42a116611b9f22311173dbe0a97fb147
train/Crack/169_23_JPG_jpg.rf.NH1pRJ2wczfXtdpMTein.jpg,Crack,1,P169,P169,train,23,4,train,train,train,train,test,b1dd82bb44b09ca9691436bb54afddf5
train/Crack/169_24_JPG_jpg.rf.T0p3HhEOtSRKimTPsX1W.jpg,Crack,1,P169,P169,train,24,4,train,train,train,train,test,7d1d632246d2a4e38c23dd81a5ad5723
train/Crack/169_25_JPG_jpg.rf.LXyqEuXpTwa55Zc38o1W.jpg,Crack,1,P169,P169,train,25,4,train,train,train,train,test,a7c0bef2afc7a30c159a8134e97d5b02
train/Crack/169_2_JPG_jpg.rf.5KlHEgzBVyL7D3TU8JN1.jpg,Crack,1,P169,P169,train,2,4,train,train,train,train,test,1a7cfc0e2324132dce88914f27993ffa
train/Crack/169_3_JPG_jpg.rf.cgQ8JvcBPbMKv3c9zOey.jpg,Crack,1,P169,P169,train,3,4,train,train,train,train,test,28febc0234cb859b10ac308871d13809
train/Crack/169_4_JPG_jpg.rf.fkBA68Xg82Eg6PndWWQ8.jpg,Crack,1,P169,P169,train,4,4,train,train,train,train,test,ab8fc22c4af6d4e09536ae94bfa9d52e
train/Crack/169_7_JPG_jpg.rf.9AUtk5uKSjgq4PRLcR3o.jpg,Crack,1,P169,P169,train,7,4,train,train,train,train,test,5556c0679151a51b521728e8762eadb5
train/Crack/16_0_JPG_jpg.rf.QRqDSY9viJZAZ1caXt9e.jpg,Crack,1,P16,P16,train,0,1,train,test,train,val,train,2419e5a96bca0b8fd1b9bc5189ef3dfa
train/Crack/16_11_JPG_jpg.rf.f2Gw7zfjkupxk0Em2JWy.jpg,Crack,1,P16,P16,train,11,1,train,test,train,val,train,c4883c3e19ce82ea4f24e9af8d7f4e00
train/Crack/16_12_JPG_jpg.rf.BAb2mbYJMavt5cwdn9yQ.jpg,Crack,1,P16,P16,train,12,1,train,test,train,val,train,78599f26bd9913f67b07d821f6326b94
train/Crack/171_13_JPG_jpg.rf.vLIrPS8x8l2BR8H8jXio.jpg,Crack,1,P171,P171,train,13,0,test,train,train,val,val,392937608d2150570a6830a967eb1dae
train/Crack/171_15_JPG_jpg.rf.4A6zusRAEBlvQwrcwHIS.jpg,Crack,1,P171,P171,train,15,0,test,train,train,val,val,d6897b87b35b684924a0c8b7136c63ac
train/Crack/171_16_JPG_jpg.rf.NPGg03v9iHW9xalUFfWf.jpg,Crack,1,P171,P171,train,16,0,test,train,train,val,val,95e617155b7ca529b932fd31c0295011
train/Crack/171_4_JPG_jpg.rf.ok19mQWMSH0HlYmwwY4t.jpg,Crack,1,P171,P171,train,4,0,test,train,train,val,val,46904e1561d27750ab2aa987ab65ea70
train/Crack/172_11_JPG_jpg.rf.m5HoMHIwdp0h5NceHS4H.jpg,Crack,1,P172,P172,train,11,0,test,train,train,train,train,e5cb63fbd2a84cb369b8fe8df5647774
train/Crack/172_17_JPG_jpg.rf.RIdqgmI543rqSKX6GGiT.jpg,Crack,1,P172,P172,train,17,0,test,train,train,train,train,3b09eaa246634b156da28be22a25182b
train/Crack/172_6_JPG_jpg.rf.WFfXh40cfBQAzhIuYInn.jpg,Crack,1,P172,P172,train,6,0,test,train,train,train,train,0b546abad400533892fa9d9b6e03f193
train/Crack/173_23_JPG_jpg.rf.RXbp6mN6CDiV3vwigVOW.jpg,Crack,1,P173,P173,train,23,1,val,test,train,val,val,6711ad7609f96334c075c00cb6aa38e4
train/Crack/173_7_JPG_jpg.rf.sEgU5rnPnM7UZNOVbUpC.jpg,Crack,1,P173,P173,train,7,1,val,test,train,val,val,22ccb6115530b006be2b28af17657518
train/Crack/178_15_JPG_jpg.rf.qhkEqILreEice1JXS42M.jpg,Crack,1,P178,P178,train,15,2,train,train,test,train,train,fc4ed9392f6d2c0714628ffb51eff8a0
train/Crack/178_16_JPG_jpg.rf.MF9rqhbJZsJCk3CeWKTz.jpg,Crack,1,P178,P178,train,16,2,train,train,test,train,train,48ce4b9ee2e0b6c05f35f0067335113a
train/Crack/178_19_JPG_jpg.rf.1t651DCZ0S9dxyAzpizM.jpg,Crack,1,P178,P178,train,19,2,train,train,test,train,train,6ab88d81c7241c8b1e1b787262ead821
train/Crack/178_22_JPG_jpg.rf.5aGT87hGhKBdkHSZlqp3.jpg,Crack,1,P178,P178,train,22,2,train,train,test,train,train,39906bfa140c838b1ecef7eb040a0eb2
train/Crack/182_24_JPG_jpg.rf.vXZMUg1vyup4MpWAMs66.jpg,Crack,1,P182,P182,train,24,2,train,train,test,train,train,9072c9d9d804079af4d57ca8bc67bba9
train/Crack/182_2_JPG_jpg.rf.KoR2L2CyNiWWSyuDAOW2.jpg,Crack,1,P182,P182,train,2,2,train,train,test,train,train,d11c8656b3c57ba31cbdf26640bfd68a
train/Crack/182_4_JPG_jpg.rf.8wAWDcU364DCNqr7weXn.jpg,Crack,1,P182,P182,train,4,2,train,train,test,train,train,54b1c22217c48b056d182bbcc0962c9d
train/Crack/182_6_JPG_jpg.rf.bZaVyYYVQ5BA9WKCZhy7.jpg,Crack,1,P182,P182,train,6,2,train,train,test,train,train,c8697376fc72c9f1d7cce878b0ee86b1
train/Crack/183_10_JPG_jpg.rf.pfuB2fiweZi5Z4A2zMyE.jpg,Crack,1,P183,P183,train,10,2,train,train,test,train,train,60edc275f63c65952e0efa3231651dbd
train/Crack/183_11_JPG_jpg.rf.ncgaDQTlybPKUqFHnlWL.jpg,Crack,1,P183,P183,train,11,2,train,train,test,train,train,66e609c6034baf951090d342b6ba15d7
train/Crack/183_12_JPG_jpg.rf.PgtFAUeSjDUu3Z7FZrwU.jpg,Crack,1,P183,P183,train,12,2,train,train,test,train,train,42e8654b2f875debcd711e5b846def3a
train/Crack/183_14_JPG_jpg.rf.znoP80UC1M1vEsVdzSNP.jpg,Crack,1,P183,P183,train,14,2,train,train,test,train,train,e92db0174537e5de51430f62c3bd7988
train/Crack/183_19_JPG_jpg.rf.75aBje5GFSpYzPXVrVfH.jpg,Crack,1,P183,P183,train,19,2,train,train,test,train,train,3a1b19dc2657d517e6adfbdc9261ec95
train/Crack/183_1_JPG_jpg.rf.TuE9QF6GktrQwdrH48aB.jpg,Crack,1,P183,P183,train,1,2,train,train,test,train,train,eb05a4d25d123ab7ee160888e49bc2a7
train/Crack/183_22_JPG_jpg.rf.8sDZeX6oROKB66KzY4gq.jpg,Crack,1,P183,P183,train,22,2,train,train,test,train,train,a733a0d6666ed6d382916fd80c3b6aee
train/Crack/183_25_JPG_jpg.rf.leMexCPoSoAfJJdEdkPD.jpg,Crack,1,P183,P183,train,25,2,train,train,test,train,train,5d5035231285a92288e37189934c5873
train/Crack/183_2_JPG_jpg.rf.tQLTSTL4XBYkiJJ8og5A.jpg,Crack,1,P183,P183,train,2,2,train,train,test,train,train,6b2dbfa6a8ba3e50f0db7ab6a6ed27c9
train/Crack/183_3_JPG_jpg.rf.dJU6Y4aoPs7cyBSD5QBO.jpg,Crack,1,P183,P183,train,3,2,train,train,test,train,train,3a0f15cc21758e34a7f41de43c232f50
train/Crack/183_7_JPG_jpg.rf.dRqT3BQvcSqBzCMsod6d.jpg,Crack,1,P183,P183,train,7,2,train,train,test,train,train,2290d7c64b2a0364c4849d4efe4464fc
train/Crack/183_8_JPG_jpg.rf.2iccjR1TYJQsgZeHqxzq.jpg,Crack,1,P183,P183,train,8,2,train,train,test,train,train,e61e0e34821f07bffc49a51944ac6eb9
train/Crack/184_0_JPG_jpg.rf.HOUOXiQlqEVlziQicO1L.jpg,Crack,1,P184,P184,train,0,1,train,test,train,train,train,1a20bb497d7f4e7fccb689d456f7c997
train/Crack/184_11_JPG_jpg.rf.zOxPBcn86hHIXdyPj66O.jpg,Crack,1,P184,P184,train,11,1,train,test,train,train,train,d8fa8c6d13299a6b2c1d6796711bb9ee
train/Crack/184_13_JPG_jpg.rf.Peqp2IeGoB39fECPwwo1.jpg,Crack,1,P184,P184,train,13,1,train,test,train,train,train,3fa3b5da4daadce15ce4d96e7cedd5a0
train/Crack/184_14_JPG_jpg.rf.vUzXFE21xUF8eN728lZB.jpg,Crack,1,P184,P184,train,14,1,train,test,train,train,train,b5edcab8b11d39f5b22348e3c35243d9
train/Crack/184_15_JPG_jpg.rf.tSI7JwdNCMJeprsz8kux.jpg,Crack,1,P184,P184,train,15,1,train,test,train,train,train,77a4ced42de55542e1a96f970303dedd
train/Crack/184_17_JPG_jpg.rf.mHGJoKHOBshBQHxcZb9f.jpg,Crack,1,P184,P184,train,17,1,train,test,train,train,train,85275f1427af16854a6853e10c38ecfd
train/Crack/184_18_JPG_jpg.rf.sx6QCaPZipNAbr1WqkXI.jpg,Crack,1,P184,P184,train,18,1,train,test,train,train,train,84e24f86019eb520c899d09f742a99f0
train/Crack/184_22_JPG_jpg.rf.tQK9p9Nsnz2pXsEND2I9.jpg,Crack,1,P184,P184,train,22,1,train,test,train,train,train,fea0f318ce834c6081ee951425919822
train/Crack/184_23_JPG_jpg.rf.lTUnvH0QVDAW4jV47g5m.jpg,Crack,1,P184,P184,train,23,1,train,test,train,train,train,ea3f41bb4db9d874083ee3599ab0789b
train/Crack/184_24_JPG_jpg.rf.egQqL9CCOq0XXeKmoPUZ.jpg,Crack,1,P184,P184,train,24,1,train,test,train,train,train,1b509bc7e0fdfe1665b4788e9bf7ddbd
train/Crack/184_2_JPG_jpg.rf.scMFCuFTosm21bgLnV7S.jpg,Crack,1,P184,P184,train,2,1,train,test,train,train,train,c859745381287fadb8dfd1656fac11df
train/Crack/184_3_JPG_jpg.rf.mgGri3AwMaxQTm9jdvJ6.jpg,Crack,1,P184,P184,train,3,1,train,test,train,train,train,c906e021e12833d7cceb64110c914e2f
train/Crack/184_4_JPG_jpg.rf.XiNlSjx6jnOWtvWNz1lv.jpg,Crack,1,P184,P184,train,4,1,train,test,train,train,train,d4bd314abe91b41028f161c95e8a4b7f
train/Crack/184_5_JPG_jpg.rf.PPBjU5jal10cBDMJ4CvL.jpg,Crack,1,P184,P184,train,5,1,train,test,train,train,train,7171636495c174768fea2d59759ab0ff
train/Crack/184_6_JPG_jpg.rf.pbU8bLQuwvZisSA2rvbv.jpg,Crack,1,P184,P184,train,6,1,train,test,train,train,train,0f8d0be9178bd9ee68937b099520a2e8
train/Crack/184_7_JPG_jpg.rf.MTFhLQ40FFftBBZ3o3Gk.jpg,Crack,1,P184,P184,train,7,1,train,test,train,train,train,41c6fbe57d25b6209af7daadcb57a262
train/Crack/184_8_JPG_jpg.rf.bIllKm6PEzMkFa87d0pi.jpg,Crack,1,P184,P184,train,8,1,train,test,train,train,train,7206b968573ecba271fbc64217f4fc1e
train/Crack/185_10_JPG_jpg.rf.upJygvckfxtwdW07chYt.jpg,Crack,1,P185,P185,train,10,2,val,val,test,val,train,bdc0fb0b1934adbff6409b8b0c35f4db
train/Crack/185_12_JPG_jpg.rf.GchYXXOH4IiscEJ8zBo7.jpg,Crack,1,P185,P185,train,12,2,val,val,test,val,train,5a4ef6199a9cfa7da8dc829cab17209c
train/Crack/185_13_JPG_jpg.rf.4F3EXDLplzn34IjxQuVw.jpg,Crack,1,P185,P185,train,13,2,val,val,test,val,train,847c7759eed9974f25d605181637b283
train/Crack/185_15_JPG_jpg.rf.UWbKLBoCLjn8TRGOThwr.jpg,Crack,1,P185,P185,train,15,2,val,val,test,val,train,97978763294458d1cfb8df2318e2f738
train/Crack/185_17_JPG_jpg.rf.wWJ3zRbm8ZPS0HGr68lt.jpg,Crack,1,P185,P185,train,17,2,val,val,test,val,train,a16a669816ccf559cd837a6b10f97019
train/Crack/185_18_JPG_jpg.rf.vW2EpsoO3gorlR14evP1.jpg,Crack,1,P185,P185,train,18,2,val,val,test,val,train,c73f438091c0c5666d4fe34c92e87850
train/Crack/185_19_JPG_jpg.rf.IlihcJo4HtxHpYecMn1l.jpg,Crack,1,P185,P185,train,19,2,val,val,test,val,train,f30e8f33dd33449e000fad279b7bd90c
train/Crack/185_20_JPG_jpg.rf.09u7EJg3diGlKo5vwXk0.jpg,Crack,1,P185,P185,train,20,2,val,val,test,val,train,fbb67dc9681fdd1544534ba653d6da7c
train/Crack/185_21_JPG_jpg.rf.zofumBkGAsBnVsoQlokA.jpg,Crack,1,P185,P185,train,21,2,val,val,test,val,train,d3e93bd4327faa7d0106d20989eb1a3e
train/Crack/185_22_JPG_jpg.rf.71NRkdrlG3IQ152yZgZA.jpg,Crack,1,P185,P185,train,22,2,val,val,test,val,train,c1f562b072cdaf2e16cffe4c9bc6dd74
train/Crack/185_23_JPG_jpg.rf.NSKD1T2Tsk3bjUrreUDO.jpg,Crack,1,P185,P185,train,23,2,val,val,test,val,train,88fe870045c9a069f4bda3f63723cfad
train/Crack/185_24_JPG_jpg.rf.AfwQphsz8U1SlRSZ2mNT.jpg,Crack,1,P185,P185,train,24,2,val,val,test,val,train,c902a765be29c7d3331a59a51464201f
train/Crack/185_2_JPG_jpg.rf.TbrU713KybwAco9T8es3.jpg,Crack,1,P185,P185,train,2,2,val,val,test,val,train,f210c3b225423a4b34713998f6c42f63
train/Crack/185_3_JPG_jpg.rf.b7a2aoDTJ4BWnXmmPG41.jpg,Crack,1,P185,P185,train,3,2,val,val,test,val,train,67012f6954fd98b430c3f596f9731d12
train/Crack/185_4_JPG_jpg.rf.VbbxPcbJBanMg08dOX0n.jpg,Crack,1,P185,P185,train,4,2,val,val,test,val,train,7b2ea5e97223eef05904bd8594c996eb
train/Crack/185_6_JPG_jpg.rf.3D1K39kl1gFepZ1JoT2W.jpg,Crack,1,P185,P185,train,6,2,val,val,test,val,train,024a58b93322fd4b7f70e13b7b545293
train/Crack/185_7_JPG_jpg.rf.Qvdo1NUxfXW88V1PKa8L.jpg,Crack,1,P185,P185,train,7,2,val,val,test,val,train,b9e9bc9585d98c108f4cc9c918b20436
train/Crack/185_8_JPG_jpg.rf.bjm3bfGpCWLGshGr1TwT.jpg,Crack,1,P185,P185,train,8,2,val,val,test,val,train,f49716bf2947fcc43f4b4d80e27e18c8
train/Crack/185_9_JPG_jpg.rf.rDgdF5wl7eZPEy9odsiJ.jpg,Crack,1,P185,P185,train,9,2,val,val,test,val,train,766f4b9e17a0c96b15d942fc4df8ea6f
train/Crack/186_0_JPG_jpg.rf.o8HR9kWU9i6tcr6p7Pmn.jpg,Crack,1,P186,P186,train,0,4,train,train,train,train,test,373d9cdd4b05f4c4fcb7651a1bfd464d
train/Crack/188_10_JPG_jpg.rf.7u5Tuatl3fez1OvFmBzR.jpg,Crack,1,P188,P188,train,10,3,train,train,train,test,train,a6d4c052a0c63a70dd83dc8b415754ff
train/Crack/188_12_JPG_jpg.rf.CDxuf7SltYW6UHjbwtlo.jpg,Crack,1,P188,P188,train,12,3,train,train,train,test,train,c9db8753fb24b713b1c325b061b8595f
train/Crack/188_1_JPG_jpg.rf.0FeYLNfUuFxTBGnRVdfp.jpg,Crack,1,P188,P188,train,1,3,train,train,train,test,train,df3b67fd9975a72089ee9878e9ce2c5b
train/Crack/188_3_JPG_jpg.rf.EStWM1okNQMAVeOB1IpK.jpg,Crack,1,P188,P188,train,3,3,train,train,train,test,train,4a0297016f4a4d8dce547077d842d6d5
train/Crack/190_14_JPG_jpg.rf.xvKA3d8HLXb5zoA3a5HS.jpg,Crack,1,P190,P190,train,14,4,train,train,train,train,test,5c51f26123e58464eb74acf82d4eab18
train/Crack/190_1_JPG_jpg.rf.bVjQfHvcGhFaa4VlvzO7.jpg,Crack,1,P190,P190,train,1,4,train,train,train,train,test,d0301a8c189ca5fa5c8d471c4531731c
train/Crack/190_5_JPG_jpg.rf.DMm5iMqCrTGsWsxDovvl.jpg,Crack,1,P190,P190,train,5,4,train,train,train,train,test,fa9e37bfe2c6a5e0fd0b4c896c9e273d
train/Crack/190_6_JPG_jpg.rf.lJBSE9NINa7ujqv4gj3Z.jpg,Crack,1,P190,P190,train,6,4,train,train,train,train,test,49f03a427010b4b0844c937f09096bfc
train/Crack/190_7_JPG_jpg.rf.w4H6R2C2lDl4UbG7bKPV.jpg,Crack,1,P190,P190,train,7,4,train,train,train,train,test,a95533d0ad6b45aac2754df035215a22
train/Crack/190_8_JPG_jpg.rf.ApzLGutwANBpoPyZu3WQ.jpg,Crack,1,P190,P190,train,8,4,train,train,train,train,test,87d5c3db43870aaf7f81288f28f0b6bd
train/Crack/194_10_JPG_jpg.rf.aA8Bx17RtLJOj4ajbyAQ.jpg,Crack,1,P194,P194,train,10,4,val,train,train,train,test,ad9ed3f9553aec755d78de0dfd8a20ad
train/Crack/194_11_JPG_jpg.rf.vdtcpFZmx3iJox55NMk3.jpg,Crack,1,P194,P194,train,11,4,val,train,train,train,test,4356dcbf600717b25bbad65975ec30e4
train/Crack/194_13_JPG_jpg.rf.tm53EwoSZHh1V7MKmN9f.jpg,Crack,1,P194,P194,train,13,4,val,train,train,train,test,a19859792f23fb46702966f35aa155aa
train/Crack/194_14_JPG_jpg.rf.ckf5ZjmcZVeytKT7wXTH.jpg,Crack,1,P194,P194,train,14,4,val,train,train,train,test,66c8c3d9773832f38e48b23d2b1d2e60
train/Crack/194_15_JPG_jpg.rf.tg9SL0pnbSZGmF8u7yij.jpg,Crack,1,P194,P194,train,15,4,val,train,train,train,test,ca830229b3e317f3f72fbd49ce5eb7ee
train/Crack/194_16_JPG_jpg.rf.9fNfJQRkFGzDTwLmLmF1.jpg,Crack,1,P194,P194,train,16,4,val,train,train,train,test,056062424e4be34ce68e75888bf700b9
train/Crack/194_17_JPG_jpg.rf.oJFFeYAnQ1u1O9hVsTKt.jpg,Crack,1,P194,P194,train,17,4,val,train,train,train,test,4c8ab99621c90cff26894a707371295f
train/Crack/194_18_JPG_jpg.rf.a8f0aG0E9KNl71YWF0DT.jpg,Crack,1,P194,P194,train,18,4,val,train,train,train,test,27aa481f6000c8f6922bc69bdabde174
train/Crack/194_19_JPG_jpg.rf.Z6pgZtCPjOAJwZnQSbXG.jpg,Crack,1,P194,P194,train,19,4,val,train,train,train,test,684215ff8ce8b0d4679215c4aaa9dba7
train/Crack/194_21_JPG_jpg.rf.7unOh1JYrrLxtSIsngKp.jpg,Crack,1,P194,P194,train,21,4,val,train,train,train,test,d6b3673cc5ad90ddca4785a6c200b2d6
train/Crack/194_22_JPG_jpg.rf.6uEZqHqkBavgfJdRxEYW.jpg,Crack,1,P194,P194,train,22,4,val,train,train,train,test,6c2dde52fd3389fcec4c6039e53d99f2
train/Crack/194_23_JPG_jpg.rf.Kd4HCjOqDJRnI5zjBEia.jpg,Crack,1,P194,P194,train,23,4,val,train,train,train,test,6b22d589569ea7b48e05b68bd4f79dae
train/Crack/194_3_JPG_jpg.rf.p6K2Kon8JOZXLgeDnVex.jpg,Crack,1,P194,P194,train,3,4,val,train,train,train,test,fc88b8e77de56ce5c62f176549d473fc
train/Crack/194_4_JPG_jpg.rf.IIZamJXrrG9EcwWArncY.jpg,Crack,1,P194,P194,train,4,4,val,train,train,train,test,2be4cd25417fe548af921bee877694e7
train/Crack/194_5_JPG_jpg.rf.7K1LcFS3eCUXrImxe0KH.jpg,Crack,1,P194,P194,train,5,4,val,train,train,train,test,7ac1a55c1e5d9cdbf6f0f4aff7ad3589
train/Crack/194_6_JPG_jpg.rf.pimEfpC2WqCVuWNUFtPk.jpg,Crack,1,P194,P194,train,6,4,val,train,train,train,test,d497d8812bc7959854e245d6ca66ab9b
train/Crack/194_7_JPG_jpg.rf.Yj1wgo23ttYKgdRY9Qgu.jpg,Crack,1,P194,P194,train,7,4,val,train,train,train,test,106347cc8094d4b741b1f14b65381db3
train/Crack/194_9_JPG_jpg.rf.Lqm5IPq7ZRbldRRQeFsL.jpg,Crack,1,P194,P194,train,9,4,val,train,train,train,test,4c8e2b5b723586d315039c037076775c
train/Crack/195_0_JPG_jpg.rf.0uPWSY3mNqi4N6IE4EiM.jpg,Crack,1,P42,P195,train,0,0,test,train,val,train,train,d159051b28c7ba836f4619bffd667412
train/Crack/195_10_JPG_jpg.rf.3wcesv5DMlOWrsKMM2hq.jpg,Crack,1,P42,P195,train,10,0,test,train,val,train,train,a1d4264bd354f96d7a15c3fa03d3f67b
train/Crack/195_12_JPG_jpg.rf.tGleirqrRYgaXLWjSES4.jpg,Crack,1,P42,P195,train,12,0,test,train,val,train,train,abd007c5dff409038b84ab4b1d9bcc27
train/Crack/195_13_JPG_jpg.rf.Yh2PxCLSGrjM83KN4ZNV.jpg,Crack,1,P42,P195,train,13,0,test,train,val,train,train,c4259432c1ea033deadb98f7f08f13ff
train/Crack/195_14_JPG_jpg.rf.lRcH1UDfPfKI2oc67cAs.jpg,Crack,1,P42,P195,train,14,0,test,train,val,train,train,e6fc52f4513acd9261d108efcf90c770
train/Crack/195_15_JPG_jpg.rf.gpU11wPC8nuuZfm8hhMY.jpg,Crack,1,P42,P195,train,15,0,test,train,val,train,train,5026f83ad4872eeba6f07188f4387a34
train/Crack/195_16_JPG_jpg.rf.jCTO61eOalFbPRookifM.jpg,Crack,1,P42,P195,train,16,0,test,train,val,train,train,fd6963d9a65ea16c24452c52e23c6686
train/Crack/195_17_JPG_jpg.rf.nR2Qv5pqEqEVKhNnm1fW.jpg,Crack,1,P42,P195,train,17,0,test,train,val,train,train,da25be79b3971f5558ea829388189b36
train/Crack/195_1_JPG_jpg.rf.mpeOTfy0cMJGrb2RsU6t.jpg,Crack,1,P42,P195,train,1,0,test,train,val,train,train,07c3aac0b720f06db493d5599aba0f10
train/Crack/195_20_JPG_jpg.rf.pxobq20XPLnmj2wvpbUO.jpg,Crack,1,P42,P195,train,20,0,test,train,val,train,train,09d332aea86948f11c96de891d9ea2a8
train/Crack/195_21_JPG_jpg.rf.XacFjE9UPAHs9EKHXtPt.jpg,Crack,1,P42,P195,train,21,0,test,train,val,train,train,4ced09e1658631682624c42064d68f55
train/Crack/195_22_JPG_jpg.rf.cZuV2NZVmNI2yCYEqbEu.jpg,Crack,1,P42,P195,train,22,0,test,train,val,train,train,0e91814931443b99c3aa094612616863
train/Crack/195_23_JPG_jpg.rf.RDjOQ7Or8B8r4oLwKrHM.jpg,Crack,1,P42,P195,train,23,0,test,train,val,train,train,ba78b537604c46981f47ce419d651917
train/Crack/195_24_JPG_jpg.rf.xiSPSocHk548qtI2lVqq.jpg,Crack,1,P42,P195,train,24,0,test,train,val,train,train,7c7b3e78adc51eab7a6c46438bed90ff
train/Crack/195_2_JPG_jpg.rf.ID9MfKukRIt0ioicnIji.jpg,Crack,1,P42,P195,train,2,0,test,train,val,train,train,5f2528f362c8d95dea8da4c8a20360c1
train/Crack/195_4_JPG_jpg.rf.qSav4DWwZvuMsLwHzczV.jpg,Crack,1,P42,P195,train,4,0,test,train,val,train,train,8c9a16781ee3f1b559d3e1077968af52
train/Crack/195_5_JPG_jpg.rf.cB3dCrVBFamq5t1pO9I1.jpg,Crack,1,P42,P195,train,5,0,test,train,val,train,train,9b597b575d462e4efa5655103fe6e247
train/Crack/195_6_JPG_jpg.rf.A99QIUylySeMuJnH1ehe.jpg,Crack,1,P42,P195,train,6,0,test,train,val,train,train,8e2dbeccf8fbb49c4fffaf19c7631696
train/Crack/195_7_JPG_jpg.rf.ZPt7OwSNzSMHcfPPArVc.jpg,Crack,1,P42,P195,train,7,0,test,train,val,train,train,51bc00467ad64c2ccaa5872354974540
train/Crack/195_8_JPG_jpg.rf.VBCpRs2U0MpPZ6sJnfto.jpg,Crack,1,P42,P195,train,8,0,test,train,val,train,train,a86fa1e9351019282e92d46e76cbb239
train/Crack/195_9_JPG_jpg.rf.Wjh7lBh3ylLAanzX8afR.jpg,Crack,1,P42,P195,train,9,0,test,train,val,train,train,062736cba8395bf94fd21661cbc62a66
train/Crack/196_0_JPG - Copy_jpg.rf.jAKJRemvsbkm3xqVPSb0.jpg,Crack,1,P196,P196,train,0,2,train,val,test,train,train,91705df1d9e28870b1880bfca8988e16
train/Crack/196_11_JPG_jpg.rf.GpWLOn3OlykGjGh3AhKI.jpg,Crack,1,P196,P196,train,11,2,train,val,test,train,train,d97e08425a8a7c2dd4b807b9f077da48
train/Crack/196_12_JPG_jpg.rf.Ejd599u8SYs62gOz7u5M.jpg,Crack,1,P196,P196,train,12,2,train,val,test,train,train,55d4ac02cc2ebbc6f0b773345078114b
train/Crack/196_24_JPG_jpg.rf.nRPB3Hlh2oyLQcG23woK.jpg,Crack,1,P196,P196,train,24,2,train,val,test,train,train,391c615999c8887f15b58fd523e242cf
train/Crack/196_2_JPG - Copy_jpg.rf.WMwtsBzahIydX7MmBcHU.jpg,Crack,1,P196,P196,train,2,2,train,val,test,train,train,3f8df8a50b5e455e997f4c400900e9ae
train/Crack/196_4_JPG_jpg.rf.9LpSL4nXENaXdGT4kNtL.jpg,Crack,1,P196,P196,train,4,2,train,val,test,train,train,f22ffed3550091f56680f0a89bbd1823
train/Crack/196_6_JPG - Copy_jpg.rf.N4j1SAfUx2TL77OumTp7.jpg,Crack,1,P196,P196,train,6,2,train,val,test,train,train,1ef79c4f8cc156dc1a12749987479d60
train/Crack/196_7_JPG - Copy_jpg.rf.UeePozFfaE7Tzs2mgbCX.jpg,Crack,1,P196,P196,train,7,2,train,val,test,train,train,d7ab060362ce2372fa875309d4880a20
train/Crack/196_8_JPG - Copy_jpg.rf.Fc2v8dl2SjV9k7wZBIRY.jpg,Crack,1,P196,P196,train,8,2,train,val,test,train,train,2d69831f4f1093af4480847ff4b11890
train/Crack/199_16_JPG_jpg.rf.HS7y1gjYjvb0wz64amy8.jpg,Crack,1,P199,P199,train,16,3,train,train,train,test,val,1a5345dfedf909c837b17d37ee937f99
train/Crack/199_2_JPG_jpg.rf.fnWyu0NlduSp4m9oVdxh.jpg,Crack,1,P199,P199,train,2,3,train,train,train,test,val,42a47bebb0621ebd9b006b64cb4f3ec7
train/Crack/199_4_JPG_jpg.rf.0A0giMiLBkE1cWVISbzt.jpg,Crack,1,P199,P199,train,4,3,train,train,train,test,val,3d66512be9efb01b94743440d51a2630
train/Crack/199_6_JPG_jpg.rf.Zlui07ErgNHOlUr0VKPZ.jpg,Crack,1,P199,P199,train,6,3,train,train,train,test,val,853ba90e18a98ed7763c0dd0dfe55ff3
train/Crack/19_25_JPG_jpg.rf.CqpRkg4bozThk4CPDDcb.jpg,Crack,1,P19,P19,train,25,3,train,train,train,test,train,3176d9608caad381629d2b0fca3078f2
train/Crack/1_10_JPG_jpg.rf.UzCMMiJ67u2ssx0GeRbB.jpg,Crack,1,P1,P1,train,10,1,train,test,val,train,train,820147635a0cd2d86c4e0d954c6086af
train/Crack/1_11_JPG_jpg.rf.CTng1YI5ojirsBHE317H.jpg,Crack,1,P1,P1,train,11,1,train,test,val,train,train,98a3524c3610d7649e8f8a4b4a558b3e
train/Crack/1_23_JPG_jpg.rf.o5MwSXKKcwVbpe3cBKqg.jpg,Crack,1,P1,P1,train,23,1,train,test,val,train,train,545b7631ebef2885722862ca75aa7056
train/Crack/1_25_JPG_jpg.rf.OnjwWoHss2mJQ0PV6r63.jpg,Crack,1,P1,P1,train,25,1,train,test,val,train,train,34564d317a7b500674a9055a920c74fa
train/Crack/1_jpg.rf.GsFnLIxD3UZ0F4lIZ0hq.jpg,Crack,1,S_1_jpg,S_1_jpg,train,-1,3,train,train,val,test,train,e29b3912b2dacf3158a67547079a99b7
train/Crack/1_jpg.rf.T6468WKq7SdFNDVMlXLW.jpg,Crack,1,S_1_jpg,S_1_jpg,train,-1,3,train,train,val,test,train,c10c433cbddb7b739ef76d01f4e3e099
train/Crack/20150806_110425_jpg.rf.jH0K9WGBSaVCPJZaA5a0.jpg,Crack,1,S_20150806_110425_jpg,S_20150806_110425_jpg,train,-1,1,train,test,train,train,train,15099ca38e3268c747d12e6aec3da70c
train/Crack/206_0_JPG_jpg.rf.PETK78NDsVDnnnWq9RFr.jpg,Crack,1,P206,P206,train,0,3,train,train,train,test,train,a1c461e5bb1031776a1deb2990d67962
train/Crack/206_14_JPG_jpg.rf.kacXYTwIWGVb9hyN454n.jpg,Crack,1,P206,P206,train,14,3,train,train,train,test,train,e615cefe532bc4198b48eab73b48c895
train/Crack/206_20_JPG_jpg.rf.cdsuXy8nvhNTVSAPwb52.jpg,Crack,1,P206,P206,train,20,3,train,train,train,test,train,0516564bea73adf6fd5cb69652d981bd
train/Crack/206_7_JPG_jpg.rf.M26jIGlWauhFIGPNNGAg.jpg,Crack,1,P206,P206,train,7,3,train,train,train,test,train,ded61de4f0eed8bf4c60cd777b0553da
train/Crack/207_18_JPG_jpg.rf.5grePHQjhRKIa2o2rACE.jpg,Crack,1,P207,P207,train,18,4,train,train,train,train,test,db0069f20be2e62bebc054a7dc1d105a
train/Crack/207_5_JPG_jpg.rf.rIaLRjYVHtblqFEI1Ld2.jpg,Crack,1,P207,P207,train,5,4,train,train,train,train,test,ca687a5a63795c480b7ce725f3090031
train/Crack/207_6_JPG_jpg.rf.93b7fUkNiYeAOgcPz2vG.jpg,Crack,1,P207,P207,train,6,4,train,train,train,train,test,ade3deb96bd51a8ba18a6fad91ceb97d
train/Crack/207_9_JPG_jpg.rf.fQXElZNI4vyStyoM4eoe.jpg,Crack,1,P207,P207,train,9,4,train,train,train,train,test,ec42ae80bca895ec80a0aca93fc887d0
train/Crack/208_20_JPG_jpg.rf.FMEOLnAETfpMA9ZkjMHz.jpg,Crack,1,P208,P208,train,20,2,train,train,test,train,train,ebb195d703dd01612a990d9c3a50c7ac
train/Crack/208_24_JPG_jpg.rf.iIPzS4qBmjeplrpeQzNI.jpg,Crack,1,P208,P208,train,24,2,train,train,test,train,train,f18ab484186e4f3b76485b3c239c08ee
train/Crack/208_25_JPG_jpg.rf.00zq6OUIj4O5XgjoFmE3.jpg,Crack,1,P208,P208,train,25,2,train,train,test,train,train,2d6fecfa836b23521c5253a2eed8490f
train/Crack/211_13_JPG_jpg.rf.MX5BfCMVO9qL84fdCRsF.jpg,Crack,1,P211,P211,train,13,4,train,train,train,train,test,3049f280213a00d6e3b03d56aa44392c
train/Crack/211_14_JPG_jpg.rf.PGqLNPvbl10X0oSrYgRW.jpg,Crack,1,P211,P211,train,14,4,train,train,train,train,test,c7092b4e37390f597d7c8cd508dcef9d
train/Crack/21_12_JPG_jpg.rf.x9Nec5DkZSypLxNj0UPQ.jpg,Crack,1,P21,P21,train,12,0,test,train,train,train,train,96867ea266dcdf7d31ec13bb262161d3
train/Crack/23_19_JPG_jpg.rf.dILkGWKC43qI4rkzWAbn.jpg,Crack,1,P23,P23,train,19,0,test,train,train,train,val,dfe1bb3699902e0edcff4c3972ed4bcb
train/Crack/23_20_JPG_jpg.rf.DXYJDIRO6TdIlRk4ljoz.jpg,Crack,1,P23,P23,train,20,0,test,train,train,train,val,bd43f03ba7174559524741ab807e3cdc
train/Crack/23_7_JPG_jpg.rf.Iqg8Fzy0QqOoAezJ0uGP.jpg,Crack,1,P23,P23,train,7,0,test,train,train,train,val,d48580c51773b2e23e4b30f867feefe2
train/Crack/25_18_JPG_jpg.rf.t4P3e1Q3T37r5XJLwTtG.jpg,Crack,1,P25,P25,train,18,3,train,train,val,test,train,8064d5382d8bbccd517a0011265cd6fd
train/Crack/28_21_JPG_jpg.rf.ZsR5cT5nAEMmMolgjjM5.jpg,Crack,1,P28,P28,train,21,2,train,train,test,val,train,46f8cf59c0d4c66517900326e9c4bed6
train/Crack/28_8_JPG_jpg.rf.kRHL8Cg07eVDDvuJgMdn.jpg,Crack,1,P28,P28,train,8,2,train,train,test,val,train,c7b3691529c972f9663700253338acf5
train/Crack/28_9_JPG_jpg.rf.FO9XrHnuwT3l4zL7Tbvy.jpg,Crack,1,P28,P28,train,9,2,train,train,test,val,train,89e7370b95a36ad5a82fe43b6e7c35c7
train/Crack/2_10_JPG - Copy_jpg.rf.kB67gozbOgnISFlPrJHh.jpg,Crack,1,P2,P2,train,10,4,train,train,train,train,test,ec9881420cd0b1b5c57614e1a3207390
train/Crack/2_12_JPG - Copy - Copy - Copy_jpg.rf.Bv6R2J6ZW0CHhO5TvHUt.jpg,Crack,1,P2,P2,train,12,4,train,train,train,train,test,5bf74713e2f6aad1f7c29567a1c03e6b
train/Crack/2_8_JPG - Copy (2) - Copy - Copy_jpg.rf.NFY7I3DBUHDtalEogx4K.jpg,Crack,1,P2,P2,train,8,4,train,train,train,train,test,2a06fc5c30ff80def5b2c81a3cd8278e
train/Crack/2_9_JPG - Copy - Copy - Copy_jpg.rf.FW65DE8WBJyKpLt1GJzC.jpg,Crack,1,P2,P2,train,9,4,train,train,train,train,test,3ad06a25106168baf7a77bc880d0b9cf
train/Crack/33_20_JPG_jpg.rf.6sLw2f6qLvlhsk8ng0Pj.jpg,Crack,1,P33,P33,train,20,4,train,train,train,val,test,e61259b6d3b3e7db796c8afce98a0210
train/Crack/33_22_JPG_jpg.rf.LGmlAa7Vddkab2W44YE7.jpg,Crack,1,P33,P33,train,22,4,train,train,train,val,test,9a9ce53a3ee6357ceeb55cdb6fd46ae3
train/Crack/33_8_JPG_jpg.rf.k17s5ezGL5DgHKqUta7A.jpg,Crack,1,P33,P33,train,8,4,train,train,train,val,test,89a27812b6ffccc32b9b2f722a53a2c2
train/Crack/33_9_JPG_jpg.rf.JgcXKnwlwaTb8aLtyAJG.jpg,Crack,1,P33,P33,train,9,4,train,train,train,val,test,def9f8d07f3f67ccf7d545c99c40f450
train/Crack/34_20_JPG_jpg.rf.1jbTixb2dpDhh7uerSRs.jpg,Crack,1,P34,P34,train,20,2,train,train,test,val,val,7d59930238338a43ce45a629b55e36da
train/Crack/34_8_JPG_jpg.rf.euMhavNtxiMedmrgJ2sa.jpg,Crack,1,P34,P34,train,8,2,train,train,test,val,val,68ee71f27dfec33658c918446649b4fb
train/Crack/35_19_JPG_jpg.rf.1m0OeAQ5PBO824xvr0gO.jpg,Crack,1,S_M4oCOg0_jpg,P35,train,19,0,test,train,train,train,train,2e74a91882acde9a38f06e74a295dd0a
train/Crack/35_20_JPG_jpg.rf.JfMa4HYPbAB5n7lg89kW.jpg,Crack,1,S_M4oCOg0_jpg,P35,train,20,0,test,train,train,train,train,442ee1c5bd00f90a75827e1aa11ce075
train/Crack/35_7_JPG_jpg.rf.1uxpJ3DOmqMGUTWOwhEh.jpg,Crack,1,S_M4oCOg0_jpg,P35,train,7,0,test,train,train,train,train,f882e142afd6ee4893b685941ccd2df9
train/Crack/37_6_JPG_jpg.rf.1y5OhFO6iTOmHbh5AaAq.jpg,Crack,1,P37,P37,train,6,3,val,val,train,test,train,9a70e4e306c99f3f402f2cd02f53ae57
train/Crack/3_10_JPG_jpg.rf.jRGUm3UzRHFoMAPFqyeb.jpg,Crack,1,P3,P3,train,10,1,train,test,val,train,train,8fa5da08c54a0c5d3e552408ca942a5a
train/Crack/3_21_JPG_jpg.rf.ktwXZ0hTsU6TPN9JSrZd.jpg,Crack,1,P3,P3,train,21,1,train,test,val,train,train,bc0470a3dfaf44cbc30027ed55d4ebfa
train/Crack/40_12_JPG_jpg.rf.T7ORNIO8FHu8zOC8U8QL.jpg,Crack,1,P40,P40,train,12,1,train,test,train,train,train,f8e3415c468fc6d0ba4d10a8eb839230
train/Crack/41_0_JPG_jpg.rf.t9fN8mxRwygSTZeZ5j11.jpg,Crack,1,P41,P41,train,0,0,test,train,train,train,train,778e49fa68b213f6b5943c7f95c5e3a6
train/Crack/41_11_JPG_jpg.rf.HqX61Bk8iUrKWAHVWNC5.jpg,Crack,1,P41,P41,train,11,0,test,train,train,train,train,99ddd066e5d440fe10dc71ae7c764b14
train/Crack/41_14_JPG_jpg.rf.LpHywuZXfWGNGkd03Cdy.jpg,Crack,1,P41,P41,train,14,0,test,train,train,train,train,50cddaa51899c522dd164b89dd1f1208
train/Crack/41_15_JPG_jpg.rf.CzcDrnNKNIbyEiErFW84.jpg,Crack,1,P41,P41,train,15,0,test,train,train,train,train,ac3c261c0fe1cc659f2647c60fb888b4
train/Crack/41_16_JPG_jpg.rf.VgeKKNwc0nfeYW78j73P.jpg,Crack,1,P41,P41,train,16,0,test,train,train,train,train,805d727afb7e579d44ba5e763c94bfbc
train/Crack/41_17_JPG_jpg.rf.wI46Y2Aeez1xAjhW9bUs.jpg,Crack,1,P41,P41,train,17,0,test,train,train,train,train,c0db66a60cc1beaabe8935006ae0e37a
train/Crack/41_18_JPG_jpg.rf.SKeuyIDBYnASO9a2NwAL.jpg,Crack,1,P41,P41,train,18,0,test,train,train,train,train,3d7e0c4b3fde55973a56a1b2c43a991b
train/Crack/41_20_JPG_jpg.rf.XLPlr3p4IYyd9eUktIu6.jpg,Crack,1,P41,P41,train,20,0,test,train,train,train,train,0e787ff817c329d32861e9992432a89e
train/Crack/41_22_JPG_jpg.rf.kLeFcJGaP8ur9z87JTjW.jpg,Crack,1,P41,P41,train,22,0,test,train,train,train,train,131f38946e3d0abbe3b3ce79ad3757c5
train/Crack/41_23_JPG_jpg.rf.okNkdCSZC6Of1G0Odwxz.jpg,Crack,1,P41,P41,train,23,0,test,train,train,train,train,5f90a8e62f4bf00883fd87f7d831db20
train/Crack/41_24_JPG_jpg.rf.4dotrA8CMSdAJH1GGi6L.jpg,Crack,1,P41,P41,train,24,0,test,train,train,train,train,c5590b59d8d40e18c3289d83db75980e
train/Crack/41_2_JPG_jpg.rf.rctA8R9xSxT19VuM0Z9H.jpg,Crack,1,P41,P41,train,2,0,test,train,train,train,train,1f6700c65a1f25102d2bed86218282d6
train/Crack/41_4_JPG_jpg.rf.g0AGsBIVnrDNQGGc9aR0.jpg,Crack,1,P41,P41,train,4,0,test,train,train,train,train,28a6aa9e38418f98541e05180b74c7f7
train/Crack/41_5_JPG_jpg.rf.VH9yHN5WQD5AZ3r4DzGR.jpg,Crack,1,P41,P41,train,5,0,test,train,train,train,train,75b4ffa33c34c9dc61b680a6a3badd40
train/Crack/41_6_JPG_jpg.rf.5uQzqgAY4blQJQOq0nUM.jpg,Crack,1,P41,P41,train,6,0,test,train,train,train,train,596ceef4c49a7bbd168b232ed693de46
train/Crack/41_7_JPG_jpg.rf.7gjYDZxDxtPIFcZOESGE.jpg,Crack,1,P41,P41,train,7,0,test,train,train,train,train,40b7de9ecb74b9cb9b3881c3428497bd
train/Crack/42_0_JPG_jpg.rf.2PKOiQnrNBvCT3XSZ10F.jpg,Crack,1,P42,P42,train,0,0,test,train,val,train,train,27b275f7d28f08074b76acf1a2228373
train/Crack/42_11_JPG_jpg.rf.jjxBTDloSQoeWhmk91lX.jpg,Crack,1,P42,P42,train,11,0,test,train,val,train,train,d71cd00a6390878516e7ae273c759c35
train/Crack/42_13_JPG_jpg.rf.JhEiOTznsznd5DQ07oga.jpg,Crack,1,P42,P42,train,13,0,test,train,val,train,train,4b117c1af5933f6ccf18da0e810536fe
train/Crack/42_14_JPG_jpg.rf.sh1jsLxWNerKceHoHQrM.jpg,Crack,1,P42,P42,train,14,0,test,train,val,train,train,aae92a676851f90e871dc26d11da1f6c
train/Crack/42_17_JPG_jpg.rf.UOHkLhWczyrx3p8lE4fi.jpg,Crack,1,P42,P42,train,17,0,test,train,val,train,train,2c2fab75e699ad2a6df05d3571bde24f
train/Crack/42_18_JPG_jpg.rf.jtxpa1ERCLjRkn782Nb8.jpg,Crack,1,P42,P42,train,18,0,test,train,val,train,train,dc4e938c86407c48a14637a1e74426b2
train/Crack/42_19_JPG_jpg.rf.oPWqFDttFBiyiMwvEvPi.jpg,Crack,1,P42,P42,train,19,0,test,train,val,train,train,e15bfba6f2289e56a21cef7a5ab7f69e
train/Crack/42_1_JPG_jpg.rf.VsexXCyCkBvtD2JJPFN6.jpg,Crack,1,P42,P42,train,1,0,test,train,val,train,train,d2392c12a5715c0441af252042ea268b
train/Crack/42_20_JPG_jpg.rf.k79eImZq777U0a9DZwy4.jpg,Crack,1,P42,P42,train,20,0,test,train,val,train,train,1de429a47ed9fdbabdc6055359bf767c
train/Crack/42_21_JPG_jpg.rf.91ANfDoISTK8XLvWS6AX.jpg,Crack,1,P42,P42,train,21,0,test,train,val,train,train,cc221207f78ced09e7b27402ec1997c3
train/Crack/42_22_JPG_jpg.rf.gZNj0UywmZzFnoadu7am.jpg,Crack,1,P42,P42,train,22,0,test,train,val,train,train,42f8b8dd0a51c31133afafb42852b965
train/Crack/42_23_JPG_jpg.rf.kRrW2enJYwvu3XPN39Ih.jpg,Crack,1,P42,P42,train,23,0,test,train,val,train,train,e6254c2aaeaf0fde4e86542eeb305acf
train/Crack/42_24_JPG_jpg.rf.H1vBD7JxL8pxNQKJq5PI.jpg,Crack,1,P42,P42,train,24,0,test,train,val,train,train,bde986e96f3e8486e8a8c14cd47c2c22
train/Crack/42_25_JPG_jpg.rf.bqSVoG1nyTkgVqmEtWRL.jpg,Crack,1,P42,P42,train,25,0,test,train,val,train,train,a3289050845424d202c1ea21c83331b2
train/Crack/42_2_JPG_jpg.rf.BDZotbJ1xf0AVl4ebn0s.jpg,Crack,1,P42,P42,train,2,0,test,train,val,train,train,ed9d59f6e1308670a8112d51e9e9f2c7
train/Crack/42_3_JPG_jpg.rf.TI3VhrIrX7yNjkdpCeXQ.jpg,Crack,1,P42,P42,train,3,0,test,train,val,train,train,4156a9fc7f5c82224f2f279109544927
train/Crack/42_5_JPG_jpg.rf.PzQr690Q27QbDZga9r8o.jpg,Crack,1,P42,P42,train,5,0,test,train,val,train,train,119bc40c552c76883cd7c1a144a542cf
train/Crack/42_6_JPG_jpg.rf.XDznxnZ8Q9NYL4e3Iw6C.jpg,Crack,1,P42,P42,train,6,0,test,train,val,train,train,71b709a19f16bbe7f90464596b858434
train/Crack/42_7_JPG_jpg.rf.Au2lniBEbzARDgPiWd9f.jpg,Crack,1,P42,P42,train,7,0,test,train,val,train,train,f306769159d23f8d04bddba7415091ba
train/Crack/42_9_JPG_jpg.rf.voWalCpSHEKp1kTk9BsS.jpg,Crack,1,P42,P42,train,9,0,test,train,val,train,train,436aafae74a1d37b5b436f89714854d8
train/Crack/43_0_JPG - Copy (2) - Copy - Copy - Copy - Copy - Copy_jpg.rf.4tDc1SSUkTN3NQ2rTlXZ.jpg,Crack,1,P43,P43,train,0,4,val,val,train,val,test,0375759a50b694dec26ec168d8a7dcd7
train/Crack/43_10_JPG - Copy (2) - Copy - Copy - Copy - Copy - Copy_jpg.rf.sjRVOTucmhz5tpUpC3mS.jpg,Crack,1,P43,P43,train,10,4,val,val,train,val,test,873ce5b37b2ee7fc997273176a79ffa5
train/Crack/43_11_JPG - Copy (2) - Copy - Copy - Copy - Copy - Copy_jpg.rf.CHMmcUoSiw21TOwpWXxL.jpg,Crack,1,P43,P43,train,11,4,val,val,train,val,test,754e8abbd41dcc0810b2dff1524b0c89
train/Crack/43_12_JPG - Copy (2) - Copy - Copy - Copy - Copy - Copy_jpg.rf.XvaElo086x6x07kTpcez.jpg,Crack,1,P43,P43,train,12,4,val,val,train,val,test,6462bbc66c37dd5867eb170d82f92575
train/Crack/43_13_JPG - Copy (2) - Copy - Copy - Copy - Copy - Copy_jpg.rf.T1azAffv18bWbGtxQucA.jpg,Crack,1,P43,P43,train,13,4,val,val,train,val,test,6e61c882f03b0d082849b25d1a6bd64a
train/Crack/43_15_JPG - Copy (2) - Copy - Copy - Copy - Copy - Copy_jpg.rf.jnP4FLN5E9b02TFIwTMk.jpg,Crack,1,P43,P43,train,15,4,val,val,train,val,test,fbae8681830591fbc5538671d5047679
train/Crack/43_16_JPG - Copy (2) - Copy - Copy - Copy - Copy - Copy_jpg.rf.1xArVPHzszImSucU59Ee.jpg,Crack,1,P43,P43,train,16,4,val,val,train,val,test,74ccf426fb68207a7bdcc4691bc1cb1d
train/Crack/43_17_JPG - Copy (2) - Copy - Copy - Copy - Copy - Copy_jpg.rf.uwh7Vd8K5TLWnm64z7ML.jpg,Crack,1,P43,P43,train,17,4,val,val,train,val,test,01c55b0c1a2f1ebfbb467e381c573443
train/Crack/43_18_JPG - Copy (2) - Copy - Copy - Copy - Copy - Copy_jpg.rf.rnWCKBtIt8lGirRWpKLr.jpg,Crack,1,P43,P43,train,18,4,val,val,train,val,test,bdd597fc80e769b635003e5aa5feca8c
train/Crack/43_19_JPG - Copy (2) - Copy - Copy - Copy - Copy - Copy_jpg.rf.FkWoKMR06ss6Ug5Sy5Tc.jpg,Crack,1,P43,P43,train,19,4,val,val,train,val,test,0919e2f52cbc6439befb16803f140039
train/Crack/43_1_JPG - Copy (10) - Copy - Copy_jpg.rf.o7gUjFHta9m4OrE4Xoac.jpg,Crack,1,P43,P43,train,1,4,val,val,train,val,test,ec4a5e419f2aace8a0c9c9fc0b402f51
train/Crack/43_23_JPG_jpg.rf.bNHVeWBwWkucARCEGIaz.jpg,Crack,1,P43,P43,train,23,4,val,val,train,val,test,361f6c1683c2fb34904fc36666b1e28c
train/Crack/43_25_JPG_jpg.rf.8YaMKiznZYQnMFvu0nm3.jpg,Crack,1,P43,P43,train,25,4,val,val,train,val,test,5a7f3b3944067f10385677c88bb83c52
train/Crack/43_3_JPG - Copy (2) - Copy - Copy - Copy - Copy - Copy_jpg.rf.1FhX6LUOGhKYuBZ5wVoY.jpg,Crack,1,P43,P43,train,3,4,val,val,train,val,test,0b9a719ae8c0b45b4720574271e5a5b8
train/Crack/43_4_JPG - Copy (2) - Copy - Copy - Copy - Copy - Copy_jpg.rf.0FXTrbBbrb7X5QTQ0kZn.jpg,Crack,1,P43,P43,train,4,4,val,val,train,val,test,1e9e014cdf76a3c714e15529a4ede774
train/Crack/43_5_JPG - Copy (2) - Copy - Copy - Copy - Copy - Copy_jpg.rf.9A2s2uBhdjmQpM3noh8J.jpg,Crack,1,P43,P43,train,5,4,val,val,train,val,test,ccd4efb031826cb20eb7b253fa262adc
train/Crack/43_6_JPG - Copy (2) - Copy_jpg.rf.zvMmto2hEUTZE0zB4NvH.jpg,Crack,1,P43,P43,train,6,4,val,val,train,val,test,83fb59808cda8c3f9aa68cbc102e67b5
train/Crack/43_7_JPG - Copy (2) - Copy_jpg.rf.NP8rjofqGfxCRokjAU0O.jpg,Crack,1,P43,P43,train,7,4,val,val,train,val,test,3e9d128d959b90d48f69712806ea59fc
train/Crack/43_8_JPG - Copy (2) - Copy - Copy - Copy - Copy - Copy_jpg.rf.dtxpu6okmfdQkH08DjbS.jpg,Crack,1,P43,P43,train,8,4,val,val,train,val,test,2e0e11fc8a44ac3f5e9a0bdf46113810
train/Crack/44_10_JPG_jpg.rf.kmAgpY0a05tCuMDJzEwV.jpg,Crack,1,P44,P44,train,10,1,train,test,train,train,train,fdcd30501ee3a70001904d804c3e03c4
train/Crack/44_11_JPG_jpg.rf.7sX9I1SOXMw2d4KZ32EW.jpg,Crack,1,P44,P44,train,11,1,train,test,train,train,train,40c0fb9b83fb79341f9870744a684bef
train/Crack/44_14_JPG_jpg.rf.tJ1w1w5c6hNHLIyVzRyG.jpg,Crack,1,P44,P44,train,14,1,train,test,train,train,train,1baedaa6f10b4fc86b8a9551579fc0da
train/Crack/44_17_JPG_jpg.rf.0MqoPPpfRtDGvYmiuujU.jpg,Crack,1,P44,P44,train,17,1,train,test,train,train,train,4187170fd977e41ae4c376dc2ed9d564
train/Crack/44_1_JPG_jpg.rf.ASQLdBWPHqaFq7RvsTOy.jpg,Crack,1,P44,P44,train,1,1,train,test,train,train,train,0eef9684b75051c7facdfc52b445f8bc
train/Crack/44_24_JPG_jpg.rf.VTGT2oFXPjmXt6xXwDMN.jpg,Crack,1,P44,P44,train,24,1,train,test,train,train,train,acc246fb168b414162d9f658ad9f48bd
train/Crack/44_3_JPG_jpg.rf.kr6xs2LjFvKsrSAUiVYD.jpg,Crack,1,P44,P44,train,3,1,train,test,train,train,train,13aed3eb73dc7942f9ca972944baeaf2
train/Crack/44_4_JPG_jpg.rf.4UuQi5FWzmPqpZc2oVhG.jpg,Crack,1,P44,P44,train,4,1,train,test,train,train,train,01d6e50191a798990116d52684ea302f
train/Crack/44_9_JPG_jpg.rf.XMgBM3S1Tei53MeDPd18.jpg,Crack,1,P44,P44,train,9,1,train,test,train,train,train,652a2ab42bffaee8288ee84a3563ee53
train/Crack/48_11_JPG_jpg.rf.pqYvKnWEEi4CRyfEYuIV.jpg,Crack,1,P48,P48,train,11,0,test,train,val,train,train,7debc4355fdc51f55fbcfb11a73254a4
train/Crack/48_14_JPG_jpg.rf.uZEAOWNNrcSoVSv7ejqZ.jpg,Crack,1,P48,P48,train,14,0,test,train,val,train,train,dcc99fc3df58e7eb1f09b8c312001c34
train/Crack/48_15_JPG_jpg.rf.fgZoZD4103m4e0jdNcbH.jpg,Crack,1,P48,P48,train,15,0,test,train,val,train,train,21dc0f03c2864d8b703e41c5edc55a7c
train/Crack/48_16_JPG_jpg.rf.z7sK684I029lAIJzM3X8.jpg,Crack,1,P48,P48,train,16,0,test,train,val,train,train,136e3da1c47ddc7e355c93ad177e6ecb
train/Crack/48_17_JPG_jpg.rf.Ez4JQjd0gcPI9A322Pqk.jpg,Crack,1,P48,P48,train,17,0,test,train,val,train,train,523cc761e30df9487861b8b84ffb848d
train/Crack/48_20_JPG_jpg.rf.YJXmOMabcDJPQ5yRK2EL.jpg,Crack,1,P48,P48,train,20,0,test,train,val,train,train,253697668d4923b9bef6594fe9ef8d44
train/Crack/48_21_JPG_jpg.rf.I5HrQBoELz4lD2EGe9vB.jpg,Crack,1,P48,P48,train,21,0,test,train,val,train,train,473f40629c8d2773430a7b74f7dc4c81
train/Crack/48_22_JPG_jpg.rf.Hp4gP3eH0bXB4M9pm9xG.jpg,Crack,1,P48,P48,train,22,0,test,train,val,train,train,5554a71abc2302c8ecf7646beed08f8d
train/Crack/48_23_JPG_jpg.rf.tS3mCtR4TorprvbH1WgL.jpg,Crack,1,P48,P48,train,23,0,test,train,val,train,train,9b5f2bc82e95e822e27f7f56e884f401
train/Crack/48_24_JPG_jpg.rf.tU6dJh1yI1oGAR7wQuXQ.jpg,Crack,1,P48,P48,train,24,0,test,train,val,train,train,4de54e7188ffdcce35e4b6c60638e737
train/Crack/48_25_JPG_jpg.rf.QpLmWjbY9ex18zRNvbft.jpg,Crack,1,P48,P48,train,25,0,test,train,val,train,train,0db1b266816e5a9a50716653c2b04e48
train/Crack/48_3_JPG_jpg.rf.STmzPYhxQ2QtGs6y9Q1G.jpg,Crack,1,P48,P48,train,3,0,test,train,val,train,train,569df1df2fae185aa31b518e246461ee
train/Crack/48_4_JPG_jpg.rf.nUtpm8Kh98k9dIDpGj8R.jpg,Crack,1,P48,P48,train,4,0,test,train,val,train,train,2b753204e64dabe18af4a91851875bfb
train/Crack/48_5_JPG_jpg.rf.hraRI70SHfwSZMMrNMlS.jpg,Crack,1,P48,P48,train,5,0,test,train,val,train,train,d411ace17cc86c65b1ae3f3b39f7b829
train/Crack/48_6_JPG_jpg.rf.x1AZltsAEJufhBdEE7ZR.jpg,Crack,1,P48,P48,train,6,0,test,train,val,train,train,da2a61debd7772042da84cbb7339e86b
train/Crack/48_9_JPG_jpg.rf.kl6WCkX83hD4x2SygBBi.jpg,Crack,1,P48,P48,train,9,0,test,train,val,train,train,c2678f60f9b3e51d6a83dc1826335622
train/Crack/73_20_JPG_jpg.rf.LMYHynRhL0wwKSHRSaXp.jpg,Crack,1,P73,P73,train,20,0,test,train,train,val,val,41594023552406d889d5017ac8de24c9
train/Crack/73_25_JPG_jpg.rf.aID9kReQ43duSWSOaLsx.jpg,Crack,1,P73,P73,train,25,0,test,train,train,val,val,5b76b45a2d72c50c1e9baa34149f60f5
train/Crack/73_6_JPG_jpg.rf.F92zSXjx8TMsGYiQwTeS.jpg,Crack,1,P73,P73,train,6,0,test,train,train,val,val,035e29c296a00aa564924bf5bfa75fc3
train/Crack/74_0_JPG_jpg.rf.Bq4r7LwMUtXBfcEAUsCO.jpg,Crack,1,P74,P74,train,0,1,train,test,train,val,val,234527029b33f17af546c81baaee9a2d
train/Crack/74_10_JPG_jpg.rf.Rh8YBBla2Ol23ubS43H5.jpg,Crack,1,P74,P74,train,10,1,train,test,train,val,val,de17e6eed7a32af82736680660611b5b
train/Crack/74_15_JPG_jpg.rf.WlTsCtJCMCUUx7IKOvvj.jpg,Crack,1,P74,P74,train,15,1,train,test,train,val,val,106a21f424d7f464be3cf1c6b8f4d3e6
train/Crack/74_16_JPG_jpg.rf.ImwCVrThkmSKV6NNUDx6.jpg,Crack,1,P74,P74,train,16,1,train,test,train,val,val,f343f0518066acca8ed016abca7a3e1c
train/Crack/74_18_JPG_jpg.rf.LiDZp0df1DZQGNUpTc3w.jpg,Crack,1,P74,P74,train,18,1,train,test,train,val,val,610be14b25a312b1eab96675fa7185f9
train/Crack/74_19_JPG_jpg.rf.MzYt13waun401IJ3ZsCN.jpg,Crack,1,P74,P74,train,19,1,train,test,train,val,val,d85db90f0d05b994cbe7696871fdc385
train/Crack/74_1_JPG_jpg.rf.xlOdaukOamnbvegIpCCo.jpg,Crack,1,P74,P74,train,1,1,train,test,train,val,val,091fe6b2bfcf0b3a9713102bc780cadc
train/Crack/74_20_JPG_jpg.rf.SNhQz2oIAF0i7ZZtpJzf.jpg,Crack,1,P74,P74,train,20,1,train,test,train,val,val,be2559c568f05ceb724d883f0fbc2de9
train/Crack/74_2_JPG_jpg.rf.cshNbaPDqe8y3F3QCTmq.jpg,Crack,1,P74,P74,train,2,1,train,test,train,val,val,9da6240f7e0c5e805b6a21c7fafe059b
train/Crack/74_5_JPG_jpg.rf.ybMsLhEU8wtjEkWNcdUr.jpg,Crack,1,P74,P74,train,5,1,train,test,train,val,val,8e38f0050fe363891e133eb1faba2d5e
train/Crack/74_6_JPG_jpg.rf.6iYV1JUijnyccPxR1DkN.jpg,Crack,1,P74,P74,train,6,1,train,test,train,val,val,71a7223ed9a2e3c2df91818746fee6b5
train/Crack/74_8_JPG_jpg.rf.531BO6AbfxAoXR2SgjWp.jpg,Crack,1,P74,P74,train,8,1,train,test,train,val,val,dfd18bfa7960d5ac95cf293456dce38b
train/Crack/74_9_JPG_jpg.rf.xCac12XT7Gp7LZPlvPMw.jpg,Crack,1,P74,P74,train,9,1,train,test,train,val,val,9c48043bb5e9c922fd6286def7c7c733
train/Crack/79_10_JPG_jpg.rf.UaFEpC82blQq3ROamx9z.jpg,Crack,1,P79,P79,train,10,0,test,val,train,train,train,ed579aa8ea7239f4b4c4be8f562cad1a
train/Crack/79_11_JPG_jpg.rf.dU10fetoo0ZabSP3I70N.jpg,Crack,1,P79,P79,train,11,0,test,val,train,train,train,d8b0de2a78356212a3eb9a8dc364b339
train/Crack/79_13_JPG_jpg.rf.aYI9PRqvzFy2GV9WQ6yT.jpg,Crack,1,P79,P79,train,13,0,test,val,train,train,train,a6001fcf603c0e2763a9eb5bbb8fa374
train/Crack/79_14_JPG_jpg.rf.aFqzXj4lcI0dyRdawFLB.jpg,Crack,1,P79,P79,train,14,0,test,val,train,train,train,4fd3403da99c302d2aed856ae8615198
train/Crack/79_15_JPG_jpg.rf.LYrLdwMqeCYSOfcPKvbK.jpg,Crack,1,P79,P79,train,15,0,test,val,train,train,train,e3f1b4db21a9146fb47b29258f78c9a5
train/Crack/79_17_JPG_jpg.rf.tjwjVEyRjbQssaSyqi5y.jpg,Crack,1,P79,P79,train,17,0,test,val,train,train,train,8f29dbd4a56e156f20bba9618e2d9030
train/Crack/79_18_JPG_jpg.rf.zj2sHZp3H3k9vemjaJ80.jpg,Crack,1,P79,P79,train,18,0,test,val,train,train,train,0817875c0a416815732d10e279930544
train/Crack/79_19_JPG_jpg.rf.6QRxqBUNzUuy1dEou1vk.jpg,Crack,1,P79,P79,train,19,0,test,val,train,train,train,b2996f247dda6702447c2cf7f9efa419
train/Crack/79_1_JPG_jpg.rf.CB5gZq5DhDV0gObeZB4i.jpg,Crack,1,P79,P79,train,1,0,test,val,train,train,train,88a60fc4c7fb31af07aeacfee5845fee
train/Crack/79_20_JPG_jpg.rf.GAHGCiDE3Kl6IO9DfSZE.jpg,Crack,1,P79,P79,train,20,0,test,val,train,train,train,4ec98839dc805f519ea0f2dd6e6cf3da
train/Crack/79_22_JPG_jpg.rf.t2sEDXbmbukvnbUhQqk8.jpg,Crack,1,P79,P79,train,22,0,test,val,train,train,train,863d940eb879d55a55c50bc83641e1e9
train/Crack/79_3_JPG_jpg.rf.ah7JoGmJ4KC4E8sOaQfd.jpg,Crack,1,P79,P79,train,3,0,test,val,train,train,train,e7eff5986cf47a6855f8e6cdf3c210b3
train/Crack/79_5_JPG_jpg.rf.RZMb3H44PdEX3RIsE0yU.jpg,Crack,1,P79,P79,train,5,0,test,val,train,train,train,f529adddbccf80fbfb966961db219cde
train/Crack/79_6_JPG_jpg.rf.lW0rmWtA1GC1z3DDg52C.jpg,Crack,1,P79,P79,train,6,0,test,val,train,train,train,7cfda9c557e856c1948c591550e9f8e6
train/Crack/79_7_JPG_jpg.rf.fxP1KFuifYh80gk9rzjG.jpg,Crack,1,P79,P79,train,7,0,test,val,train,train,train,3aa8a2473b491b924a013e72f2991a43
train/Crack/79_9_JPG_jpg.rf.daDDKi1f8A49irhAUIQD.jpg,Crack,1,P79,P79,train,9,0,test,val,train,train,train,b8fb898beaa920a25012009f7f37cc13
train/Crack/81_10_JPG_jpg.rf.S2lnYPMZluJptX46lZWf.jpg,Crack,1,P81,P81,train,10,0,test,val,train,train,train,e7406553924aacf5db4d9d5d534d89d4
train/Crack/81_15_JPG_jpg.rf.G1yMNQjcfeTDcYHcBdmv.jpg,Crack,1,P81,P81,train,15,0,test,val,train,train,train,8843604cadae202221eff16946e89456
train/Crack/81_17_JPG_jpg.rf.5O5Jy5IiqZbxet761s8c.jpg,Crack,1,P81,P81,train,17,0,test,val,train,train,train,3e6e536d1155785765d594fa52aaa79d
train/Crack/81_20_JPG_jpg.rf.hAkxfo5qrMw7AxdMRrme.jpg,Crack,1,P81,P81,train,20,0,test,val,train,train,train,fa915a4f5c4d3f165afbc92c99ce0334
train/Crack/8_jpg.rf.DAcs4AzJP3XqBU50Ravl.jpg,Crack,1,S_8_jpg,S_8_jpg,train,-1,2,val,train,test,train,train,e920c06751d50061486a563c5e2914c4
train/Crack/8_jpg.rf.vpTCizEQ2FwTSsZbJWyY.jpg,Crack,1,S_8_jpg,S_8_jpg,train,-1,2,val,train,test,train,train,bdb7be43f35d397e586d2331669989ea
train/Crack/94_0_JPG_jpg.rf.Ax8i5wBVfQJjIJTm4kxg.jpg,Crack,1,P94,P94,train,0,3,train,train,train,test,train,a61b0759ebd6e38278b085bea2f78a25
train/Crack/94_11_JPG_jpg.rf.J5N95hvT98zTw98M3DKf.jpg,Crack,1,P94,P94,train,11,3,train,train,train,test,train,57c218d37feb4036e58b7a94891c707f
train/Crack/94_15_JPG_jpg.rf.bgIBttBW2EXW2d5Q1od3.jpg,Crack,1,P94,P94,train,15,3,train,train,train,test,train,9bb6e51582abefad9fd9c49e5d2fb7e3
train/Crack/94_16_JPG_jpg.rf.SXwkqGHXUbT0KVKVtvB9.jpg,Crack,1,P94,P94,train,16,3,train,train,train,test,train,772db2bb9bdb0851920d7533e800ad59
train/Crack/94_17_JPG_jpg.rf.JBZHWWHv493D3Pt53JJV.jpg,Crack,1,P94,P94,train,17,3,train,train,train,test,train,4e26f63128b0310b8bff5eb97984c97d
train/Crack/94_1_JPG_jpg.rf.r4wubHNomu4QKLsuX6QM.jpg,Crack,1,P94,P94,train,1,3,train,train,train,test,train,003edd1f92986245b4440e0a1b3b5ac8
train/Crack/94_22_JPG_jpg.rf.0bYPJTP1v2SohYSmIzHM.jpg,Crack,1,P94,P94,train,22,3,train,train,train,test,train,0bbc16886b977e438327a2db6aadae99
train/Crack/94_2_JPG_jpg.rf.6sFE2rHsbI1YMohCsF1w.jpg,Crack,1,P94,P94,train,2,3,train,train,train,test,train,8282e9fae0501b4efe119acc108755ae
train/Crack/94_6_JPG_jpg.rf.SQQJokMtSEKaQfhCjUO4.jpg,Crack,1,P94,P94,train,6,3,train,train,train,test,train,7c2f7580019f6db6266e5b8a8a7519b6
train/Crack/94_7_JPG_jpg.rf.WPCBcWTGwEFPv8XnpaoE.jpg,Crack,1,P94,P94,train,7,3,train,train,train,test,train,34430748344538ba78e052d0f867740e
train/Crack/94_9_JPG_jpg.rf.aCKQVeHuCOEPm8jsmLXB.jpg,Crack,1,P94,P94,train,9,3,train,train,train,test,train,8e9ece033255ba420ed8132942d5d1d5
train/Crack/98_10_JPG_jpg.rf.0Gw1MKnXQsroXTz3dZMu.jpg,Crack,1,P98,P98,train,10,4,train,train,train,train,test,515d5067ff3ab55b0c1de1c5bbcfb38e
train/Crack/98_11_JPG_jpg.rf.sk3Nnv5ZNVl9TaAvXiWL.jpg,Crack,1,P98,P98,train,11,4,train,train,train,train,test,3155cc94237106591d638eacb597a78d
train/Crack/98_12_JPG_jpg.rf.W67VA3wt4MjOFLw3Al6H.jpg,Crack,1,P98,P98,train,12,4,train,train,train,train,test,19c1ace3bf7254a4e625a55d1ec3a46d
train/Crack/98_13_JPG_jpg.rf.C9jKRXQEZA3c65ppvdHW.jpg,Crack,1,P98,P98,train,13,4,train,train,train,train,test,2ed9bc2d72ad9980e8c731057ae5662b
train/Crack/98_14_JPG_jpg.rf.IhotFABT0KYhvEylg3vT.jpg,Crack,1,P98,P98,train,14,4,train,train,train,train,test,0315767cc1029464950c2c6e139f13d3
train/Crack/98_19_JPG_jpg.rf.6xcU0gbmdgcbOdjVfWbu.jpg,Crack,1,P98,P98,train,19,4,train,train,train,train,test,52cae121cce6036b6e51f2a4e40f0331
train/Crack/98_20_JPG_jpg.rf.NpBIf8ENnhDO8M433EdN.jpg,Crack,1,P98,P98,train,20,4,train,train,train,train,test,3995f9fe87e387cd76cbff9262176f8e
train/Crack/98_22_JPG_jpg.rf.l0h6hxl9dG3TlEXgYbmg.jpg,Crack,1,P98,P98,train,22,4,train,train,train,train,test,4ef5d39156defe5728e006b8640984ec
train/Crack/98_23_JPG_jpg.rf.n7MnWSfPx5iQuDTKu9fU.jpg,Crack,1,P98,P98,train,23,4,train,train,train,train,test,7d15bd969c697e9c6848a0804d72ca21
train/Crack/98_24_JPG_jpg.rf.U9EdOqafkYQ04nbZMEEz.jpg,Crack,1,P98,P98,train,24,4,train,train,train,train,test,7c909ab6eaad311c25eaa4fa03ed871d
train/Crack/98_5_JPG_jpg.rf.URL702K4RdcgV7lMy0l7.jpg,Crack,1,P98,P98,train,5,4,train,train,train,train,test,410ee23e6eb7427bcedbed201b340496
train/Crack/98_6_JPG_jpg.rf.XG702jGpAJbCWZeZZrBn.jpg,Crack,1,P98,P98,train,6,4,train,train,train,train,test,cd7b6be9e4932df4f81bc1d7e59a3140
train/Crack/98_8_JPG_jpg.rf.ChZnLKZbBUdhAbYEmFvq.jpg,Crack,1,P98,P98,train,8,4,train,train,train,train,test,233a1e664cac22fae476c69319434b6d
train/Crack/9WJFR_jpg.rf.3ldNQhvxAiIlxLGMc9AR.jpg,Crack,1,P37,S_9WJFR_jpg,train,-1,3,val,val,train,test,train,3479b8e5ac056fec2925f6aa2d968126
train/Crack/9WJFR_jpg.rf.hv1sxjbnWMoXKgBb4Unl.jpg,Crack,1,P37,S_9WJFR_jpg,train,-1,3,val,val,train,test,train,36c6275a44fc5b67713ab731d6ea6dde
train/Crack/9WJFR_jpg.rf.uQ78I2mf9ZDoLAjouLx1.jpg,Crack,1,P37,S_9WJFR_jpg,train,-1,3,val,val,train,test,train,59bb3dbf56cba4c561cd59c50b8bf072
train/Crack/cd_2608_12_jpg.rf.k6qOVQnTGMNnbjaRBLOf.jpg,Crack,1,S_cd_2608_12_jpg,S_cd_2608_12_jpg,train,-1,2,train,train,test,train,train,88eeb8b72b93b6a0a90b413094c379eb
train/Crack/cd_2608_15_jpg.rf.rF3olC4hirmZzOakPsoZ.jpg,Crack,1,P48,S_cd_2608_15_jpg,train,-1,0,test,train,val,train,train,2e898ef7aae390f7d7b4d239f3a17d7d
train/Crack/DSC_0547_jpg.rf.Ntm1oafHCoQ8I8DUBTjD.jpg,Crack,1,P44,S_DSC_0547_jpg,train,-1,1,train,test,train,train,train,537450dac405e5f838910846d50eb05d
train/Crack/IMG_0585_JPG_jpg.rf.WjhlqWVbtW1siZub9r4R.jpg,Crack,1,S_IMG_0585_JPG_jpg,S_IMG_0585_JPG_jpg,train,-1,4,train,train,train,train,test,147f5c912c65b310536bc5f655eaa4a1
train/Crack/IMG_1090_JPG_jpg.rf.hu9Yr3oSYwEi2raUfD9I.jpg,Crack,1,P28,S_IMG_1090_JPG_jpg,train,-1,2,train,train,test,val,train,136f8fbc4d0ff3d67f7669b8dd6b5d98
train/Crack/IMG_1924_jpg.rf.cVFWRRS9Sprdy7TgHz5r.jpg,Crack,1,S_IMG_1924_jpg,S_IMG_1924_jpg,train,-1,1,train,test,train,train,train,b3e337e88dede36c8c0692236069525c
train/Crack/IMG_20230511_101635_jpg.rf.3BLBWGugQNuGEhR54RIs.jpg,Crack,1,S_IMG_20230511_101635_jpg,S_IMG_20230511_101635_jpg,train,-1,4,train,train,train,train,test,aefa6fd20f6881d2e135cc6e2545db6e
train/Crack/IMG_20230511_102326_jpg.rf.E5R27NoMkldArrsQ8phA.jpg,Crack,1,S_IMG_20230511_102326_jpg,S_IMG_20230511_102326_jpg,train,-1,0,test,train,train,train,train,122aef0e0621cdcc7ceec017155c8350
train/Crack/IMG_20230511_105447_jpg.rf.NY3UQS85773wkb6x6UTp.jpg,Crack,1,S_IMG_20230511_105447_jpg,S_IMG_20230511_105447_jpg,train,-1,0,test,val,train,val,val,082995a8b39ec625671943dc60ee907c
train/Crack/IMG_20230511_105451_jpg.rf.r9xTbREj80DcEONLEuiL.jpg,Crack,1,S_IMG_20230511_105451_jpg,S_IMG_20230511_105451_jpg,train,-1,4,train,train,val,train,test,60c5685db9817cdec7256d7fdf961ed5
train/Crack/IMG_20230511_105526_jpg.rf.dV9MYwZb5m4muI1q8htp.jpg,Crack,1,S_IMG_20230511_105526_jpg,S_IMG_20230511_105526_jpg,train,-1,2,train,train,test,train,train,ac1bdeeaa60697c3c13f19eb09387274
train/Crack/IMG_20230512_124424_jpg.rf.YZgv339hfUtsc277gvOY.jpg,Crack,1,S_IMG_20230512_124424_jpg,S_IMG_20230512_124424_jpg,train,-1,0,test,train,val,train,train,9367f1b04b797c4c94d04903b78f3d82
train/Crack/IMG_20230512_125115_jpg.rf.zxkT8kBuNpmmToipBdw8.jpg,Crack,1,S_IMG_20230512_125115_jpg,S_IMG_20230512_125115_jpg,train,-1,0,test,val,train,train,train,e6229685343cc98334c6a5dfc6e0ec9e
train/Crack/IMG_20230512_125200_jpg.rf.OcEwaPPfE87uCMa8Px2c.jpg,Crack,1,S_IMG_20230512_125200_jpg,S_IMG_20230512_125200_jpg,train,-1,1,train,test,train,train,train,83e77e82da93d6daf32a8278ce801755
train/Crack/IMG_20230512_125310_jpg.rf.F7jCKc4U4OL1QpSYdXQt.jpg,Crack,1,S_IMG_20230512_125310_jpg,S_IMG_20230512_125310_jpg,train,-1,0,test,train,train,train,train,33309abddea7f3801ce1f3352288e5f0
train/Crack/IMG_20230512_125501_jpg.rf.d0YS2LBHdDJ3AxNRNhuZ.jpg,Crack,1,S_IMG_20230512_125501_jpg,S_IMG_20230512_125501_jpg,train,-1,4,train,val,train,train,test,3903efe4c0c9ab8fbccf1becb9c1e17d
train/Crack/IMG_20230512_125810_jpg.rf.YzlVq873k4AGzmYnQO54.jpg,Crack,1,S_IMG_20230512_125810_jpg,S_IMG_20230512_125810_jpg,train,-1,3,train,train,train,test,train,369684bebb0014781fee6eb6a7b84575
train/Crack/IMG_20230512_130749_jpg.rf.MhzDIyp2353n6JdFoJ2S.jpg,Crack,1,S_IMG_20230512_130749_jpg,S_IMG_20230512_130749_jpg,train,-1,1,train,test,train,train,train,55446335bdf592cff7a8448bcadd4f9f
train/Crack/IMG_20230512_131352_jpg.rf.tIE4TDoLc7KzJNZPBBoH.jpg,Crack,1,S_IMG_20230512_131352_jpg,S_IMG_20230512_131352_jpg,train,-1,3,val,train,train,test,train,3cb701a045021ee27c01b760fd572980
train/Crack/IMG_20230512_131421_jpg.rf.bwzA8SdRoyD8Uls2HyG6.jpg,Crack,1,S_IMG_20230512_131421_jpg,S_IMG_20230512_131421_jpg,train,-1,2,train,train,test,val,train,85ebb70a9de4e8789de4febc84ee9c9e
train/Crack/IMG_20230512_131452_jpg.rf.6L9h03EqEQ310nDbukLU.jpg,Crack,1,S_IMG_20230512_131452_jpg,S_IMG_20230512_131452_jpg,train,-1,4,train,val,train,train,test,b50ead005bf9d707c49c9aff71eb881a
train/Crack/IMG_20230512_131458_jpg.rf.hEozmEAkg4cdnlPLNXIe.jpg,Crack,1,S_IMG_20230512_131458_jpg,S_IMG_20230512_131458_jpg,train,-1,4,train,train,train,train,test,4c756d4658a31e84b165582414d961f8
train/Crack/IMG_20230513_095020_jpg.rf.JK3E77G4gheGnUW0CgeP.jpg,Crack,1,S_IMG_20230513_095020_jpg,S_IMG_20230513_095020_jpg,train,-1,4,train,train,train,train,test,a16809a9f92327e889de1ba29152d8c9
train/Crack/IMG_20230513_095105_jpg.rf.Qbm4PIjtbmPIzdiKxc8U.jpg,Crack,1,S_IMG_20230513_095105_jpg,S_IMG_20230513_095105_jpg,train,-1,0,test,train,train,train,train,a352349d177cc62915be6410ff08ad72
train/Crack/IMG_20230513_095223_jpg.rf.2WzZrgQRdF5ojt2xY9rH.jpg,Crack,1,S_IMG_20230513_095223_jpg,S_IMG_20230513_095223_jpg,train,-1,0,test,train,train,train,train,da5a04d985a252237febeabfa9bcd622
train/Crack/IMG_20230513_095226_jpg.rf.p6sJKXdOp1z5QMkfmVOC.jpg,Crack,1,S_IMG_20230513_095226_jpg,S_IMG_20230513_095226_jpg,train,-1,0,test,train,train,train,train,4a2329bdf6d3475543e6a2782f7696f6
train/Crack/IMG_20230513_095516_jpg.rf.M527HgCHDvaSnHyyk3oe.jpg,Crack,1,S_IMG_20230513_095516_jpg,S_IMG_20230513_095516_jpg,train,-1,0,test,train,train,train,train,5480cbee2f8151b3257610bdf64910b4
train/Crack/IMG_20230513_095518_jpg.rf.2FeSeOXqC0nwcd1yaXGk.jpg,Crack,1,S_IMG_20230513_095518_jpg,S_IMG_20230513_095518_jpg,train,-1,0,test,train,train,train,train,f97553584ce820b0a6b7c9f24194aaab
train/Crack/IMG_20230513_095546_jpg.rf.pVmI8Qp1a2kyvCbVHpB0.jpg,Crack,1,S_IMG_20230513_095546_jpg,S_IMG_20230513_095546_jpg,train,-1,3,val,val,train,test,train,c0c9754e6617bbfb8e2e6ae6fc61f85f
train/Crack/IMG_20230513_100051_jpg.rf.ulo3J8ymnz3qbDYQ0OIl.jpg,Crack,1,S_IMG_20230513_100051_jpg,S_IMG_20230513_100051_jpg,train,-1,3,train,train,train,test,val,891da6727d34ca7cf04328dbc1852c02
train/Crack/IMG_20230513_100120_jpg.rf.65N84hopP5yotyr4vjk6.jpg,Crack,1,S_IMG_20230513_100120_jpg,S_IMG_20230513_100120_jpg,train,-1,4,train,train,train,train,test,b06014378a4ec2a1c82e462deb99080b
train/Crack/IMG_20230513_101126_jpg.rf.O6D6z26AkZqdRC2TefWe.jpg,Crack,1,S_IMG_20230513_101126_jpg,S_IMG_20230513_101126_jpg,train,-1,3,train,train,train,test,train,93ec7c209202dfe080da321b84a5134d
train/Crack/IMG_20230513_101128_jpg.rf.6Xksnfx0BZDMZ5L6hb6x.jpg,Crack,1,S_IMG_20230513_101128_jpg,S_IMG_20230513_101128_jpg,train,-1,1,train,test,train,train,train,d90fa4bfa33c123bbe0c6768b97f1a6c
train/Crack/IMG_20230513_101137_jpg.rf.kel7Fme4RuEtmKmS58Ag.jpg,Crack,1,S_IMG_20230513_101137_jpg,S_IMG_20230513_101137_jpg,train,-1,0,test,train,train,train,train,f37a2587910a0c9e8b848b4c05bf9f1a
train/Crack/IMG_20230513_101145_jpg.rf.X6EgG89gHuMh6Tn0RoPL.jpg,Crack,1,S_IMG_20230513_101145_jpg,S_IMG_20230513_101145_jpg,train,-1,0,test,train,train,train,train,fbdf2504215d9eb8744c3afcbabdced8
train/Crack/IMG_20230513_101149_jpg.rf.PnWTuXbYCSgM0rdoqgXL.jpg,Crack,1,S_IMG_20230513_101149_jpg,S_IMG_20230513_101149_jpg,train,-1,4,train,train,train,train,test,fc10f9820d9942a38b1ac0096855a427
train/Crack/IMG_20230513_101159_jpg.rf.rFtrihP9UlvHUP6DcRUA.jpg,Crack,1,S_IMG_20230513_101159_jpg,S_IMG_20230513_101159_jpg,train,-1,2,train,train,test,train,val,42934b581b301ab7309dae7490cb0a3f
train/Crack/IMG_20230513_101431 - Copy_jpg.rf.lpdgL3CtHeivOzdHFE2a.jpg,Crack,1,S_IMG_20230513_101431 - Copy_jpg,S_IMG_20230513_101431 - Copy_jpg,train,-1,4,train,train,train,train,test,1bc44ad8c7f80bf2973023bfe567fb43
train/Crack/IMG_20230513_101527_jpg.rf.VMxK9qhO7MBO3qgtbAWl.jpg,Crack,1,S_IMG_20230513_101527_jpg,S_IMG_20230513_101527_jpg,train,-1,2,train,train,test,val,train,01bbf47524f9318e716539e191a7b8d7
train/Crack/IMG_20230513_101538_jpg.rf.uetrKHwHOuZMttUDdkdW.jpg,Crack,1,S_IMG_20230513_101538_jpg,S_IMG_20230513_101538_jpg,train,-1,4,train,train,val,train,test,2bb9147680d26fa07cfb2f9047af27c1
train/Crack/IMG_20230513_101542_jpg.rf.3DsoSUo9mXK9oGbez6Rd.jpg,Crack,1,S_IMG_20230513_101542_jpg,S_IMG_20230513_101542_jpg,train,-1,3,train,train,train,test,train,e275421ea5a7ceb9f2b9e47310a82128
train/Crack/IMG_20230513_101543_jpg.rf.0Ia75UAbkHjXy2CZsq10.jpg,Crack,1,S_IMG_20230513_101543_jpg,S_IMG_20230513_101543_jpg,train,-1,3,train,train,train,test,train,acede1395f89dbe994bb0119eb4440f9
train/Crack/IMG_20230513_101554_jpg.rf.dFWF6hcHOSOeosrGV0NZ.jpg,Crack,1,S_IMG_20230513_101554_jpg,S_IMG_20230513_101554_jpg,train,-1,4,val,train,train,train,test,ab060a09f642cd63e083e5903a835ba4
train/Crack/IMG_20230513_101557_jpg.rf.6FX3okD07u9QvtL7bng1.jpg,Crack,1,S_IMG_20230513_101557_jpg,S_IMG_20230513_101557_jpg,train,-1,2,train,train,test,train,train,120543220ab53eee52439f81eac5a25c
train/Crack/IMG_20230513_101559_jpg.rf.FSu1w82fzbz7xttBNA1M.jpg,Crack,1,S_IMG_20230513_101559_jpg,S_IMG_20230513_101559_jpg,train,-1,1,val,test,val,train,train,c2e1b5f699da331a494bc74aed9e0ef4
train/Crack/IMG_20230513_101602_jpg.rf.wLwMOZ04Y787Ps1mTHAr.jpg,Crack,1,S_IMG_20230513_101602_jpg,S_IMG_20230513_101602_jpg,train,-1,2,train,train,test,train,train,e3c98291090ad0910b81a510b1d50bb2
train/Crack/IMG_20230513_101715_jpg.rf.oc9Bkqin1IwEfkn95n5v.jpg,Crack,1,S_IMG_20230513_101715_jpg,S_IMG_20230513_101715_jpg,train,-1,0,test,train,train,val,train,5e0b3001d98f860fe7c8bb9b24494451
train/Crack/IMG_20230513_101735_jpg.rf.mPlMCXSp3GECC9kCgg0g.jpg,Crack,1,S_IMG_20230513_101735_jpg,S_IMG_20230513_101735_jpg,train,-1,3,train,val,train,test,train,7a0422107d15a346cd2c12a8022ce7a7
train/Crack/IMG_20230513_101740_jpg.rf.X4Fxg1zrnSwWF0snb6tM.jpg,Crack,1,S_IMG_20230513_101740_jpg,S_IMG_20230513_101740_jpg,train,-1,0,test,train,val,train,train,9c035ab70d0c6a5043989675a3b32af4
train/Crack/IMG_20230513_102448_jpg.rf.A6BIwc3OXf8LFC6jobdi.jpg,Crack,1,S_IMG_20230513_102448_jpg,S_IMG_20230513_102448_jpg,train,-1,3,train,train,train,test,val,79cfe5069103ad2a13fa83619264dd9f
train/Crack/IMG_20230513_102456_jpg.rf.Cq7FqegBqR2pchag9CBF.jpg,Crack,1,S_IMG_20230513_102456_jpg,S_IMG_20230513_102456_jpg,train,-1,4,train,train,train,train,test,67827211d7d5bda15406e827bbd646cc
train/Crack/IMG_20230513_102501_jpg.rf.Y2CBEzQMC3WUEYYBhEfW.jpg,Crack,1,S_IMG_20230513_102501_jpg,S_IMG_20230513_102501_jpg,train,-1,1,train,test,train,train,train,54fa05ea35a8e6fafecf4c73014bea37
train/Crack/IMG_20230513_102506_jpg.rf.MHFtVH7ue8qZSdyXjvED.jpg,Crack,1,S_IMG_20230513_102506_jpg,S_IMG_20230513_102506_jpg,train,-1,1,train,test,train,train,train,104efa03131e0272b7d79a9ec4138fbc
train/Crack/IMG_20230513_102509_jpg.rf.fsyUepv5EQfnU1UQD8Ej.jpg,Crack,1,S_IMG_20230513_102509_jpg,S_IMG_20230513_102509_jpg,train,-1,1,train,test,train,train,train,9d600510b5b3e5ca0bbf2518267fb391
train/Crack/IMG_20230513_102532_jpg.rf.AP5xChttPx6Q5VNtnSxY.jpg,Crack,1,S_IMG_20230513_102532_jpg,S_IMG_20230513_102532_jpg,train,-1,3,train,train,val,test,train,f0788bf2ca563df4bb9a1d0be73487f0
train/Crack/IMG_20230513_102536_jpg.rf.RGe8UCziQlzGqBzvHIvu.jpg,Crack,1,S_IMG_20230513_102536_jpg,S_IMG_20230513_102536_jpg,train,-1,4,train,train,train,train,test,793ec2256c8bd6061ac2b70008a94aa6
train/Crack/IMG_20230513_102742 - Copy_jpg.rf.nlsimkpxe9VtrwnNMmLn.jpg,Crack,1,S_IMG_20230513_102742 - Copy_jpg,S_IMG_20230513_102742 - Copy_jpg,train,-1,2,train,val,test,train,train,b58f97aca60a7fcaa1882db4d0393add
train/Crack/IMG_20230513_102745 - Copy_jpg.rf.Cl43YkI2Nk7ha1MeXRXl.jpg,Crack,1,S_IMG_20230513_102745 - Copy_jpg,S_IMG_20230513_102745 - Copy_jpg,train,-1,0,test,train,train,val,train,5717725e6da245d6654fce813efd9f8f
train/Crack/IMG_20230513_102745__01 - Copy_jpg.rf.zQUyjLErMMWXaxkMUFRC.jpg,Crack,1,S_IMG_20230513_102745__01 - Copy_jpg,S_IMG_20230513_102745__01 - Copy_jpg,train,-1,2,train,train,test,train,train,b46a81f4e273c53e8ffcc2b2b9402393
train/Crack/IMG_20230513_102749 - Copy_jpg.rf.TaF8CLDa12T13U29tAus.jpg,Crack,1,S_IMG_20230513_102749 - Copy_jpg,S_IMG_20230513_102749 - Copy_jpg,train,-1,0,test,train,train,val,train,3c9d7057193d394c63cf4f735c15ee64
train/Crack/IMG_20230513_102751_jpg.rf.vicFvJorq34bJrePYVpa.jpg,Crack,1,S_IMG_20230513_102751_jpg,S_IMG_20230513_102751_jpg,train,-1,4,train,train,val,train,test,6068a386f99812177e9773391be8122c
train/Crack/IMG_20230513_102755_jpg.rf.6AUaNITCNvhzBCqPiryZ.jpg,Crack,1,S_IMG_20230513_102755_jpg,S_IMG_20230513_102755_jpg,train,-1,3,train,train,val,test,train,b49adb70afd052e146a6ece961083e09
train/Crack/IMG_20230513_102802_jpg.rf.jO8up3MIZhI9JR7HJuF4.jpg,Crack,1,S_IMG_20230513_102802_jpg,S_IMG_20230513_102802_jpg,train,-1,3,train,train,train,test,train,b5255bb04ca42ec9d5cc58224e61d097
train/Crack/IMG_20230513_102806_jpg.rf.eGaRJDJ4Y980ewHxiSen.jpg,Crack,1,S_IMG_20230513_102806_jpg,S_IMG_20230513_102806_jpg,train,-1,3,train,train,train,test,train,97f0b3bab6152cf9d4738372ec32594f
train/Crack/IMG_20230513_102813_jpg.rf.56yI7WEpSMc4AqrJS9Jv.jpg,Crack,1,S_IMG_20230513_102813_jpg,S_IMG_20230513_102813_jpg,train,-1,2,train,val,test,train,val,0a790d77045517b08a4fb876ce645c59
train/Crack/IMG_20230513_102818_jpg.rf.gYDMNZG4e9NsUuxfSdcS.jpg,Crack,1,S_IMG_20230513_102818_jpg,S_IMG_20230513_102818_jpg,train,-1,1,val,test,train,train,train,b09cb2d211f5ff3eaa987240021c0bf7
train/Crack/IMG_20230513_102823_jpg.rf.mSmJNpHbg7itqKoR8JIR.jpg,Crack,1,S_IMG_20230513_102823_jpg,S_IMG_20230513_102823_jpg,train,-1,1,val,test,val,train,train,80da80f09193cf8efa188e05b2d1871f
train/Crack/IMG_20230513_102826_jpg.rf.1zzpa94tO9vnUfqgFF7F.jpg,Crack,1,S_IMG_20230513_102826_jpg,S_IMG_20230513_102826_jpg,train,-1,1,train,test,train,train,val,6bb28d2657b1e55a595993ae4a23ba6b
train/Crack/IMG_20230513_102953_jpg.rf.ilI77nc78Z2dD1VMXTpy.jpg,Crack,1,S_IMG_20230513_102953_jpg,S_IMG_20230513_102953_jpg,train,-1,1,train,test,train,train,train,22c1d847d7cfbe85b21fec1c50210fa8
train/Crack/IMG_20230513_102956_jpg.rf.XidCGq6fkhd7B8HGxHWI.jpg,Crack,1,S_IMG_20230513_102956_jpg,S_IMG_20230513_102956_jpg,train,-1,2,train,val,test,train,train,edde1f203036b2ab522c982a87cbc37a
train/Crack/IMG_20230513_103001_jpg.rf.2a5ssuKUkHlvzlR8qsdm.jpg,Crack,1,S_IMG_20230513_103001_jpg,S_IMG_20230513_103001_jpg,train,-1,4,val,train,train,val,test,1cae152b6b554b46477c74c19e4ab021
train/Crack/IMG_20230513_103003_jpg.rf.8ga8bBG5PFhVdl8iDyjF.jpg,Crack,1,S_IMG_20230513_103003_jpg,S_IMG_20230513_103003_jpg,train,-1,2,train,train,test,train,train,85622aeee043c13c6579e7b457712b59
train/Crack/IMG_20230513_103128_jpg.rf.P6yOdAagLFxUfRfLeR6j.jpg,Crack,1,S_IMG_20230513_103128_jpg,S_IMG_20230513_103128_jpg,train,-1,3,train,train,train,test,train,4af6e15c9d00d2769315c1c8452aecbf
train/Crack/IMG_20230513_103129_jpg.rf.4rQUaSvh1KyGbps2xNRF.jpg,Crack,1,S_IMG_20230513_103129_jpg,S_IMG_20230513_103129_jpg,train,-1,1,train,test,train,train,train,abc91c0db00840f0420dcf6cc2373e81
train/Crack/IMG_20230513_103143_jpg.rf.Rc4q7cMSL6rKYHzCQPke.jpg,Crack,1,S_IMG_20230513_103143_jpg,S_IMG_20230513_103143_jpg,train,-1,1,train,test,train,train,train,c699b09e682e2a9118826b1b769d2b0e
train/Crack/IMG_20230513_103149_jpg.rf.T8RTobCFuTstJvnJP1g4.jpg,Crack,1,S_IMG_20230513_103149_jpg,S_IMG_20230513_103149_jpg,train,-1,3,val,train,train,test,train,a0f520a7ddb638f3d87848fdbf559e4b
train/Crack/IMG_20230513_103152_jpg.rf.e6TZKADu0I0g5p9vZB4I.jpg,Crack,1,S_IMG_20230513_103152_jpg,S_IMG_20230513_103152_jpg,train,-1,4,train,train,train,train,test,052126176a476319dde5ee37db723253
train/Crack/IMG_20230513_103846_jpg.rf.kJvGINZeAyvbYpCG6r94.jpg,Crack,1,S_IMG_20230513_103846_jpg,S_IMG_20230513_103846_jpg,train,-1,4,train,train,train,train,test,1c3ea8163a3cfefc47dc717dc134b0e0
train/Crack/IMG_20230513_103849_jpg.rf.qXLi5UzjqMQndgMXsipn.jpg,Crack,1,S_IMG_20230513_103849_jpg,S_IMG_20230513_103849_jpg,train,-1,2,train,val,test,val,train,52fd6ceaf621c49188323be3eecfad7b
train/Crack/IMG_20230513_103851_jpg.rf.bvR4Uhk1PdFRe3q7v7VF.jpg,Crack,1,S_IMG_20230513_103851_jpg,S_IMG_20230513_103851_jpg,train,-1,0,test,train,train,train,train,dac96ae67ac0ceebf27384aa9379dc4b
train/Crack/IMG_20230513_103859_jpg.rf.ZsXNzpERCXTsWYMMk2Jd.jpg,Crack,1,S_IMG_20230513_103859_jpg,S_IMG_20230513_103859_jpg,train,-1,2,train,train,test,val,train,18a5aaa84d5ab376cd816d31caad33a9
train/Crack/IMG_20230513_103902_jpg.rf.CD8Ug1W1UgqoakS76a2A.jpg,Crack,1,S_IMG_20230513_103902_jpg,S_IMG_20230513_103902_jpg,train,-1,2,train,train,test,train,train,967a6d27acc7b6f7b6180987ffe8b7ff
train/Crack/IMG_20230513_103906_jpg.rf.KJS5uofaxnkkjP4vSTuC.jpg,Crack,1,S_IMG_20230513_103906_jpg,S_IMG_20230513_103906_jpg,train,-1,0,test,train,train,val,train,f0fcc89fb8b85714979bed01fb909f52
train/Crack/IMG_20230513_103912_jpg.rf.ZKffOJtpx2aNDQUgm4pV.jpg,Crack,1,S_IMG_20230513_103912_jpg,S_IMG_20230513_103912_jpg,train,-1,0,test,train,train,train,train,b3fd9698c845dc4ddd23bb31770e382c
train/Crack/IMG_20230513_103917_jpg.rf.BcI8pWaSvGghB8vSEDUd.jpg,Crack,1,S_IMG_20230513_103917_jpg,S_IMG_20230513_103917_jpg,train,-1,1,train,test,train,train,train,fb7294ddcb29807c6d10a59ff18aec04
train/Crack/IMG_20230513_103920_jpg.rf.btk41vZuxgP6WJ1jrk5J.jpg,Crack,1,S_IMG_20230513_103920_jpg,S_IMG_20230513_103920_jpg,train,-1,1,train,test,train,train,train,914c9d5467c841800ad9d69ba692d1b1
train/Crack/IMG_20230513_103925_jpg.rf.FTbZkFB2rxohSMSOw6cH.jpg,Crack,1,S_IMG_20230513_103925_jpg,S_IMG_20230513_103925_jpg,train,-1,1,train,test,train,train,train,6ef321d4e4c27b35c73acf2fff2f57e4
train/Crack/IMG_20230513_103931_jpg.rf.xUsDDD7xgMc0QcFiU5zj.jpg,Crack,1,S_IMG_20230513_103931_jpg,S_IMG_20230513_103931_jpg,train,-1,1,train,test,val,val,train,b21d8abe0303fee6b257e891851dceae
train/Crack/IMG_20230513_103944_jpg.rf.4Zrv8og1jiEpLaWFeTOS.jpg,Crack,1,S_IMG_20230513_103944_jpg,S_IMG_20230513_103944_jpg,train,-1,4,val,train,train,val,test,5453dde54a7a15762376e0f1b1b68db4
train/Crack/IMG_20230513_103954_jpg.rf.cn2ptsrYckRAQf5NEmzc.jpg,Crack,1,S_IMG_20230513_103954_jpg,S_IMG_20230513_103954_jpg,train,-1,0,test,val,train,train,train,c3fca6dc7a1c5009538542679e9d32d4
train/Crack/IMG_20230513_103958_jpg.rf.STuoK9eVB5SjmjkQ5683.jpg,Crack,1,S_IMG_20230513_103958_jpg,S_IMG_20230513_103958_jpg,train,-1,2,val,val,test,train,val,1c25dba74ac8aa1b9c445bfdf23869b7
train/Crack/istockphoto-499934972-612x612_jpg.rf.lJXxb9OIKGRD3VWnc6Jy.jpg,Crack,1,S_istockphoto-499934972-612x612_jpg,S_istockphoto-499934972-612x612_jpg,train,-1,3,train,train,train,test,val,51ad51748f5c8e937748a7dbe0aa58b9
train/Crack/istockphoto-499934972-612x612_jpg.rf.NP8thXWMwVJokrZFsPJv.jpg,Crack,1,S_istockphoto-499934972-612x612_jpg,S_istockphoto-499934972-612x612_jpg,train,-1,3,train,train,train,test,val,d691e348f78d57a84a63c2ba0912f370
train/Crack/istockphoto-499934972-612x612_jpg.rf.wXAtp7gQsZEt7cZShwis.jpg,Crack,1,S_istockphoto-499934972-612x612_jpg,S_istockphoto-499934972-612x612_jpg,train,-1,3,train,train,train,test,val,928cc60fc5c185e27de7b94465cc0a00
train/Crack/Nozzle-weld-failure-in-a-heat-exchanger-during-operation_png_jpg.rf.BVAZsuCxI0yILmYApfl3.jpg,Crack,1,S_Nozzle-weld-failure-in-a-heat-exchanger-during-operation_png_jpg,S_Nozzle-weld-failure-in-a-heat-exchanger-during-operation_png_jpg,train,-1,0,test,train,train,train,train,ae448b610d4363accd4396a292f40da2
train/Crack/quench-crack-sami1stcracked_jpg.rf.LO2imukUM3GW7g7krFZD.jpg,Crack,1,S_quench-crack-sami1stcracked_jpg,S_quench-crack-sami1stcracked_jpg,train,-1,4,train,val,train,train,test,4702720d0b2cc3b02585448472598042
train/Crack/quench-crack-sami1stcracked_jpg.rf.vYhr42ozcgwKqYTLypYy.jpg,Crack,1,S_quench-crack-sami1stcracked_jpg,S_quench-crack-sami1stcracked_jpg,train,-1,4,train,val,train,train,test,37e7d9654756d15139d0717d653143ef
train/Crack/SDR-510018110_jpg.rf.GOn1qYbIMbwAa8Gn6Lv3.jpg,Crack,1,P43,S_SDR-510018110_jpg,train,-1,4,val,val,train,val,test,2bc8883493b690db7a29855bdf92e50e
train/Crack/SDR-510018110_jpg.rf.iHQsvZO1cL1MUtNeea6D.jpg,Crack,1,P43,S_SDR-510018110_jpg,train,-1,4,val,val,train,val,test,4a17290ddb39406f9935de496ebed695
train/Crack/SDR-510018110_jpg.rf.LEKrkVMI8Uwg9IPoO4S4.jpg,Crack,1,P43,S_SDR-510018110_jpg,train,-1,4,val,val,train,val,test,4557ad6157e0b9906e8758a1208ab81a
train/Crack/stress-cracks-cover-img_jpg.rf.aMu8GXaVe0VUfTM76sqe.jpg,Crack,1,S_stress-cracks-cover-img_jpg,S_stress-cracks-cover-img_jpg,train,-1,4,train,train,train,train,test,b2191b1c1985f721e085a53c0e86d928
train/Crack/Tech-2_metal-rip_jpg.rf.EcoVlbdr7JlI1lTr9GkG.jpg,Crack,1,S_Tech-2_metal-rip_jpg,S_Tech-2_metal-rip_jpg,train,-1,1,train,test,val,val,train,ae0d7285fd50394015062295c2198a84
train/Crack/Tech-2_metal-rip_jpg.rf.SaBgXwZYkIiP3S5NY4IB.jpg,Crack,1,S_Tech-2_metal-rip_jpg,S_Tech-2_metal-rip_jpg,train,-1,1,train,test,val,val,train,c64c00a27aa412170298720a2357445b
train/Crack/Tower-1_jpg.rf.BPu3aWtKH6JYfu0iHgON.jpg,Crack,1,P41,S_Tower-1_jpg,train,-1,0,test,train,train,train,train,4676fd63e52346f70e11556aa83bb603
train/Crack/Tower-1_jpg.rf.RyK85bpmWxKy9bAx1N14.jpg,Crack,1,P41,S_Tower-1_jpg,train,-1,0,test,train,train,train,train,b1619541370a379e3bfe051de894c29b
train/Dent/136_14_JPG_jpg.rf.o4UazEznqlP6j5LHK4qI.jpg,Dent,2,P136,P136,train,14,2,train,train,test,train,train,9928473280fef9454c74d4def4fea02a
train/Dent/136_16_JPG_jpg.rf.jqFJBkVzwGfe2vyjpxen.jpg,Dent,2,P136,P136,train,16,2,train,train,test,train,train,a83bab7d103bc7bde3401224875aaf8f
train/Dent/136_20_JPG_jpg.rf.BeCeQRQqDl8Z4wVrrleW.jpg,Dent,2,P136,P136,train,20,2,train,train,test,train,train,695d6b14644c86ad9984ecdaab694a72
train/Dent/149_0_JPG_jpg.rf.E3ei8SsBBzC4Sl9e630F.jpg,Dent,2,P149,P149,train,0,1,train,test,train,train,train,67bcc62d0051eab48e3282b97f2426b5
train/Dent/149_11_JPG_jpg.rf.0D8WUkEc4TL9pBiCJN2C.jpg,Dent,2,P149,P149,train,11,1,train,test,train,train,train,8f0430eb67f740ad4355c0d8dd9dd252
train/Dent/149_19_JPG_jpg.rf.mvJgbr0bruHkWtj7AhDz.jpg,Dent,2,P149,P149,train,19,1,train,test,train,train,train,b6b70ea602fb62b7b04ad30230821c24
train/Dent/149_23_JPG_jpg.rf.wZsIJI8sSmO4dwbuPcY2.jpg,Dent,2,P149,P149,train,23,1,train,test,train,train,train,5ca78afbec8fae645a429d443fc65d97
train/Dent/149_3_JPG_jpg.rf.5vVH05WoHWwrAqjQLGH8.jpg,Dent,2,P149,P149,train,3,1,train,test,train,train,train,c0553bd00a4e06c7c364a3e2ff53fb7a
train/Dent/155_10_JPG_jpg.rf.OIFKv12cava2zHmOwbYN.jpg,Dent,2,P155,P155,train,10,2,train,train,test,train,train,cb37564b95c28c71e14ea8778b2bd67e
train/Dent/155_4_JPG_jpg.rf.jVW8bsE90WXBBL6ksiY8.jpg,Dent,2,P155,P155,train,4,2,train,train,test,train,train,8720f1b2cb4a420c35204a2e6ca19a11
train/Dent/166_0_JPG_jpg.rf.2dgTi3P6SfUPwzCMk8kY.jpg,Dent,2,P166,P166,train,0,2,train,train,test,train,train,256ea5a252ffb724962d1d2aa78f66cb
train/Dent/166_13_JPG_jpg.rf.3RIShmkW3sDl87KAMpOo.jpg,Dent,2,P166,P166,train,13,2,train,train,test,train,train,f4930326a09d3a165d601f58701400e7
train/Dent/166_15_JPG_jpg.rf.PvzxRKNsjEOS75QPypUV.jpg,Dent,2,P166,P166,train,15,2,train,train,test,train,train,54fdd3db3acb7b1e4de2587bbeedb44b
train/Dent/166_23_JPG_jpg.rf.HCF4c3D0Ms8wLMO6uuIr.jpg,Dent,2,P166,P166,train,23,2,train,train,test,train,train,08e7a1a609d2426ef75f127c85d69a8e
train/Dent/166_2_JPG_jpg.rf.zMc56SyEN6sIOtFgsH7I.jpg,Dent,2,P166,P166,train,2,2,train,train,test,train,train,cbc6db351d4bc44e3782e047376a88f6
train/Dent/166_6_JPG_jpg.rf.c0BYfeKVnAqaVuEfuUrI.jpg,Dent,2,P166,P166,train,6,2,train,train,test,train,train,1994d7cae6ecd3f5a9902e2819fa3972
train/Dent/170_0_JPG_jpg.rf.A4uAQ6t2HvH9whDs0gAU.jpg,Dent,2,P170,P170,train,0,0,test,train,train,train,train,1d6b04163f82bb4fd44fbb55657e841e
train/Dent/170_10_JPG_jpg.rf.G5A6dgkIoeJLXhCBSmkQ.jpg,Dent,2,P170,P170,train,10,0,test,train,train,train,train,b944f40e0e92e4bec03ffead701385f9
train/Dent/170_11_JPG_jpg.rf.dtyNG9x4vYPiXz8KRtCv.jpg,Dent,2,P170,P170,train,11,0,test,train,train,train,train,8ac155d8af7855712ec534bd3e96d60c
train/Dent/170_13_JPG_jpg.rf.xYVADeZwdN6HRdzXQfhh.jpg,Dent,2,P170,P170,train,13,0,test,train,train,train,train,15d6c9d4f116a4eb00de1dbb599bd206
train/Dent/170_14_JPG_jpg.rf.1JDhtigCDJtWI3w49NnT.jpg,Dent,2,P170,P170,train,14,0,test,train,train,train,train,aeaa6fe71402860012dffd890cd05e79
train/Dent/170_15_JPG_jpg.rf.nfNGY9m7AZxnhIMKhYev.jpg,Dent,2,P170,P170,train,15,0,test,train,train,train,train,775c9887e0fbb71907ee3fe19c2990f1
train/Dent/170_1_JPG_jpg.rf.aDJpWtudey9qiNcQaQZ3.jpg,Dent,2,P170,P170,train,1,0,test,train,train,train,train,78f0efed8a9333560d2b09bff79457bb
train/Dent/170_20_JPG_jpg.rf.FPqaqbBhbGvdBOi7geeI.jpg,Dent,2,P170,P170,train,20,0,test,train,train,train,train,f14104cfeee4c305b296b5a7fea6dc9e
train/Dent/170_21_JPG_jpg.rf.kdigzQJVO2IQj27y5RE1.jpg,Dent,2,P170,P170,train,21,0,test,train,train,train,train,66ab6808ec3870da886bb5453efdf1ae
train/Dent/170_22_JPG_jpg.rf.Kuf6Jmm03jey2URxxJ0M.jpg,Dent,2,P170,P170,train,22,0,test,train,train,train,train,db296e85b7ffde95cf086c73e07d6780
train/Dent/170_24_JPG_jpg.rf.dzDt51GrFa7yyQ8x5LMH.jpg,Dent,2,P170,P170,train,24,0,test,train,train,train,train,6e94601a9dc205602fd68ecba8d3e9e5
train/Dent/170_25_JPG_jpg.rf.yOprComXPdPl6UXAIziN.jpg,Dent,2,P170,P170,train,25,0,test,train,train,train,train,110880c0e23bdace15a86565321a5dee
train/Dent/170_2_JPG_jpg.rf.jm8DMK7kKiZaRDif63ii.jpg,Dent,2,P170,P170,train,2,0,test,train,train,train,train,8ebb91c69b9e229f4406f550d51837d8
train/Dent/170_3_JPG_jpg.rf.VI7uoJDqGxczuV5YRJR1.jpg,Dent,2,P170,P170,train,3,0,test,train,train,train,train,e0c5dd7680d7d007c34e7e5f3bfca6b8
train/Dent/170_4_JPG_jpg.rf.2jwnoJkLQ7fE6qD0cd6Z.jpg,Dent,2,P170,P170,train,4,0,test,train,train,train,train,82a3719b9164a141dfe19d58a4368d0b
train/Dent/170_6_JPG_jpg.rf.4fmU8bxyGzOqcmi1ofLa.jpg,Dent,2,P170,P170,train,6,0,test,train,train,train,train,a746203cb7a7f886e1c4484a2366d8d6
train/Dent/170_7_JPG_jpg.rf.OtJuuCj42u7U8yPGXP0M.jpg,Dent,2,P170,P170,train,7,0,test,train,train,train,train,3d460cc69b9f12fb6be827defa254cbb
train/Dent/170_8_JPG_jpg.rf.HJSaLi2EYtjp4DGGW6oc.jpg,Dent,2,P170,P170,train,8,0,test,train,train,train,train,6b9513f2eeb4070942ad6e157af67eaf
train/Dent/170_9_JPG_jpg.rf.XEQ9qdbv9GCV7d6tXprX.jpg,Dent,2,P170,P170,train,9,0,test,train,train,train,train,627fd71e6d54f1da56a5b261e41305ee
train/Dent/171_11_JPG_jpg.rf.fAdMdF6Hl9s4o5SyUFse.jpg,Dent,2,P171,P171,train,11,0,test,train,train,val,val,1ae2da58e6c3ad33005f07a4a7ebbbec
train/Dent/171_12_JPG_jpg.rf.IE5W8j9TXeOqE95m70fB.jpg,Dent,2,P171,P171,train,12,0,test,train,train,val,val,ee6fa7bb463ad869682cc02e194aa273
train/Dent/171_17_JPG_jpg.rf.np5nCFt3v6AIS9jIFZzq.jpg,Dent,2,P171,P171,train,17,0,test,train,train,val,val,64f6100ac3b577ad42b4f032d734bafd
train/Dent/171_20_JPG_jpg.rf.cnIH6M0NjUgXJENKiEtC.jpg,Dent,2,P171,P171,train,20,0,test,train,train,val,val,f817ee577fbbe330c879a4449963ecbc
train/Dent/171_21_JPG_jpg.rf.rwZLWzSSH49rA3GvhSKA.jpg,Dent,2,P171,P171,train,21,0,test,train,train,val,val,80ff92d2f5cf2dab4fd0dd16500d7ebb
train/Dent/171_22_JPG_jpg.rf.GNFJ6VuslKVQhjS6p22O.jpg,Dent,2,P171,P171,train,22,0,test,train,train,val,val,cb19371897bcb6c340b5d50b79f16728
train/Dent/171_23_JPG_jpg.rf.TYiz2GFvDwXizCkOzdXD.jpg,Dent,2,P171,P171,train,23,0,test,train,train,val,val,3f389b7162bff55466861fd19de4f84b
train/Dent/171_25_JPG_jpg.rf.zI9qNrjejAyZzhxIqadu.jpg,Dent,2,P171,P171,train,25,0,test,train,train,val,val,d0091db14b21fec6e2a246cfac4dcd6e
train/Dent/171_6_JPG_jpg.rf.rUebA0ePIYaNaKfQxaAs.jpg,Dent,2,P171,P171,train,6,0,test,train,train,val,val,09d985e29e168ac5b1546f228cc13458
train/Dent/171_9_JPG_jpg.rf.dRUtZB8gIvnklTh923qV.jpg,Dent,2,P171,P171,train,9,0,test,train,train,val,val,42083257c67980e7ac8a19a65a5a071c
train/Dent/172_0_JPG_jpg.rf.SwqNKXAKZIcTtLdzsS12.jpg,Dent,2,P172,P172,train,0,0,test,train,train,train,train,301096836697ab0c9f72d1f93fd177f6
train/Dent/172_10_JPG_jpg.rf.61wBzP909NY6CXaJXehK.jpg,Dent,2,P172,P172,train,10,0,test,train,train,train,train,76ed2a5fb623bed04475850a8d748a46
train/Dent/172_13_JPG_jpg.rf.veIOLAuU340pMSbCsckP.jpg,Dent,2,P172,P172,train,13,0,test,train,train,train,train,48fcf559d18b1a254a07b5cf41e572b9
train/Dent/172_14_JPG_jpg.rf.ttNudPCgKExg4VmxdjU8.jpg,Dent,2,P172,P172,train,14,0,test,train,train,train,train,75d0d3bc30f3f5bcdf126d9aad9d6947
train/Dent/172_16_JPG_jpg.rf.s57oZXa4zkC43ZcZ7HuV.jpg,Dent,2,P172,P172,train,16,0,test,train,train,train,train,b2a21f4bfc50571d71788a01977c933c
train/Dent/172_19_JPG_jpg.rf.MM9DFIhs7MPW6RuDNI62.jpg,Dent,2,P172,P172,train,19,0,test,train,train,train,train,574953afc301f67867e59e3aab6726c0
train/Dent/172_20_JPG_jpg.rf.IbY4o30uw3Zp52c6PXga.jpg,Dent,2,P172,P172,train,20,0,test,train,train,train,train,29dd283e28e01cd5203e5bb8d027dc98
train/Dent/172_22_JPG_jpg.rf.tKkkFJusQ8BhNZnpU8po.jpg,Dent,2,P172,P172,train,22,0,test,train,train,train,train,f4ae80aa61934bced1cb0f103cdd7950
train/Dent/172_23_JPG_jpg.rf.imMqRCglofHHeRuUveHc.jpg,Dent,2,P172,P172,train,23,0,test,train,train,train,train,bc9c8a02097200f18a78fa719e5a072f
train/Dent/172_3_JPG_jpg.rf.Yrxn9cCpjPYZIMLiu8Or.jpg,Dent,2,P172,P172,train,3,0,test,train,train,train,train,cee1bea2ac379852a1670c7f77bc55e1
train/Dent/172_4_JPG_jpg.rf.dyeMLNxBxGeBYtggQKAh.jpg,Dent,2,P172,P172,train,4,0,test,train,train,train,train,7169a3c7a7df79be3eb252b9ac46725d
train/Dent/172_5_JPG_jpg.rf.6gog7vSmZIuZOYAHZhuY.jpg,Dent,2,P172,P172,train,5,0,test,train,train,train,train,5ba3aff24df3762a890793ec0906ecc2
train/Dent/172_7_JPG_jpg.rf.QJ4ezSywkEMvaIb2NJvm.jpg,Dent,2,P172,P172,train,7,0,test,train,train,train,train,b09a147c1bd2d6820a6ee8a2ed8b99bb
train/Dent/173_0_JPG_jpg.rf.qmP16imiGRYsVLPQ1LQ9.jpg,Dent,2,P173,P173,train,0,1,val,test,train,val,val,19f40ea5067f27fb1f9c8c2123edff63
train/Dent/173_11_JPG_jpg.rf.TVNaAgDhg8DdMvULojGo.jpg,Dent,2,P173,P173,train,11,1,val,test,train,val,val,730908a39d52899dd3d546bd265de021
train/Dent/173_12_JPG_jpg.rf.M77tuu8jKVYPyfcz5q6f.jpg,Dent,2,P173,P173,train,12,1,val,test,train,val,val,288a6ca97b1d484fc1d97db87e73c3a3
train/Dent/173_13_JPG_jpg.rf.HBuXLrayp2tbvD7jxfhr.jpg,Dent,2,P173,P173,train,13,1,val,test,train,val,val,ba7918ba63d1374bef8ef13e4d74620e
train/Dent/173_14_JPG_jpg.rf.Lgs8nA72OrucAr0MmMKl.jpg,Dent,2,P173,P173,train,14,1,val,test,train,val,val,0d90f4dc0e6460760888e03438ff1012
train/Dent/173_17_JPG_jpg.rf.cfccMxMFjwq1T0mDOftn.jpg,Dent,2,P173,P173,train,17,1,val,test,train,val,val,0e86cb86530e82b962a9333a1292f68b
train/Dent/173_1_JPG_jpg.rf.0W3dqAi9St0T6trjnU2Q.jpg,Dent,2,P173,P173,train,1,1,val,test,train,val,val,e4b054a5661406d5465b0fc03d160da3
train/Dent/175_0_JPG_jpg.rf.GVBOiDaDAYrGh7jzRP9x.jpg,Dent,2,P175,P175,train,0,4,train,val,train,train,test,c7fdbaf1fed8ceb6e3b716bf9d17be0a
train/Dent/175_10_JPG_jpg.rf.iLyyAyCNy6Qv9UjmU2AX.jpg,Dent,2,P175,P175,train,10,4,train,val,train,train,test,1b2bf9318335600ad7d7d56a7a082ab9
train/Dent/175_11_JPG_jpg.rf.iOBTBSc6NuZeNyGYlYx5.jpg,Dent,2,P175,P175,train,11,4,train,val,train,train,test,8e5c293b9e29486154b278fd0e6d35ff
train/Dent/175_15_JPG_jpg.rf.ku8oKqWp2pO6OuUkbl5H.jpg,Dent,2,P175,P175,train,15,4,train,val,train,train,test,76e1b4922d6bbd7812d4883527dcefc6
train/Dent/175_17_JPG_jpg.rf.UpPlSU8MgcgGaNKyB5V1.jpg,Dent,2,P175,P175,train,17,4,train,val,train,train,test,0b6a56b83a387107d03f8c5876494687
train/Dent/175_18_JPG_jpg.rf.HYjw1hgrQTHrPwXbD03E.jpg,Dent,2,P175,P175,train,18,4,train,val,train,train,test,6b12916d7a4f7d16af411552a3b128d2
train/Dent/175_1_JPG_jpg.rf.eptH307Cop37xQtUGb1E.jpg,Dent,2,P175,P175,train,1,4,train,val,train,train,test,71a539d200ca9af8fcead158b9684f47
train/Dent/175_22_JPG_jpg.rf.fbbULWQqAJHcWMLeTHjG.jpg,Dent,2,P175,P175,train,22,4,train,val,train,train,test,e54788310577d22f5bd7325be1d1aa81
train/Dent/175_23_JPG_jpg.rf.vhJrcyc8jfj49jOTzgx7.jpg,Dent,2,P175,P175,train,23,4,train,val,train,train,test,195ee12fc16b69ccc1f7d5ca320f8572
train/Dent/175_24_JPG_jpg.rf.oCKlSq1QIXlV5Dw8KF5Y.jpg,Dent,2,P175,P175,train,24,4,train,val,train,train,test,15b9df0ad7092135fcbb500779621864
train/Dent/175_25_JPG_jpg.rf.KO1dJpBG6RL4llj5DDjC.jpg,Dent,2,P175,P175,train,25,4,train,val,train,train,test,e9b6181c1b20e29847953514a38ef43b
train/Dent/175_3_JPG_jpg.rf.ExN5oKJejkm2w6ZGXXWp.jpg,Dent,2,P175,P175,train,3,4,train,val,train,train,test,acf07d1640548f4d9a341e212ac3f143
train/Dent/175_5_JPG_jpg.rf.Ayf5DoySI53jNRuSeiJo.jpg,Dent,2,P175,P175,train,5,4,train,val,train,train,test,5c90820bc69b42c0c367aab33409073a
train/Dent/176_0_JPG_jpg.rf.chli3EwgSQmGe3eSNgzh.jpg,Dent,2,P176,P176,train,0,1,train,test,train,train,train,19c340bbf8612ef44267f44bfaa58d11
train/Dent/176_10_JPG_jpg.rf.nSZLXKuTeXxlbeDEnNoF.jpg,Dent,2,P176,P176,train,10,1,train,test,train,train,train,7b8c7bc24f185bca327cc8fff86cdc56
train/Dent/176_13_JPG_jpg.rf.cxKkqGG8G97NMjwE1zvd.jpg,Dent,2,P176,P176,train,13,1,train,test,train,train,train,7c6df56a147c859fc553cc01620b04ba
train/Dent/176_15_JPG_jpg.rf.sHfVqcR7Jjdsn97KOpHj.jpg,Dent,2,P176,P176,train,15,1,train,test,train,train,train,e93bdf8e1759889fb4483cc9a5f90ac8
train/Dent/176_16_JPG_jpg.rf.qQ0cgpci5HWuS3IqS9Oa.jpg,Dent,2,P176,P176,train,16,1,train,test,train,train,train,3ac258c05b86481fc755729bd10553c0
train/Dent/176_17_JPG_jpg.rf.HQWZebuIs1qwBfqHU7L2.jpg,Dent,2,P176,P176,train,17,1,train,test,train,train,train,5666924f2fcc3f25e92805adfb369c80
train/Dent/176_18_JPG_jpg.rf.kMch6Sm1yTem3TlkYqA8.jpg,Dent,2,P176,P176,train,18,1,train,test,train,train,train,3404e875225c21dd69f9b6a5b9234724
train/Dent/176_19_JPG_jpg.rf.6p4ftrHwsnPe3yGTmgSW.jpg,Dent,2,P176,P176,train,19,1,train,test,train,train,train,14ce86dca48aae68300e375e0e271c39
train/Dent/176_1_JPG_jpg.rf.asKxxZrIUD3wUweVFF6Y.jpg,Dent,2,P176,P176,train,1,1,train,test,train,train,train,349b560e0e859acee3934fbd738a57f8
train/Dent/176_20_JPG_jpg.rf.4r23Ex7lJkGL1QzE3ike.jpg,Dent,2,P176,P176,train,20,1,train,test,train,train,train,9ce792fc98fe0101c8489143336f8333
train/Dent/176_21_JPG_jpg.rf.YEVzRjnufKP0NpEeRWpI.jpg,Dent,2,P176,P176,train,21,1,train,test,train,train,train,4fd86d52a4475a4504c06146ef4f120b
train/Dent/176_22_JPG_jpg.rf.mQJ5rZVkbDdN5HjRCOhn.jpg,Dent,2,P176,P176,train,22,1,train,test,train,train,train,65889ca79e23125a4503c9835fb8177d
train/Dent/176_23_JPG_jpg.rf.SrJ4MnPKX6GM9IlaQii3.jpg,Dent,2,P176,P176,train,23,1,train,test,train,train,train,c12057b40404f859c727c8b933acea11
train/Dent/176_24_JPG_jpg.rf.fFzoeBCNILZHBLf1WLpy.jpg,Dent,2,P176,P176,train,24,1,train,test,train,train,train,26a8e9bd445ffaf493fb4faacd2e78a7
train/Dent/176_25_JPG_jpg.rf.n6xDPaRyk1j78CXIxAPP.jpg,Dent,2,P176,P176,train,25,1,train,test,train,train,train,c2eb7b21f140c1e72e7f478315608a29
train/Dent/176_3_JPG_jpg.rf.exnm0MM3QuQRI0vBp4Tk.jpg,Dent,2,P176,P176,train,3,1,train,test,train,train,train,68dfae031edd24c666a2a5328a0363b9
train/Dent/176_4_JPG_jpg.rf.qVXsn8nWfPCq5xLJ8WhU.jpg,Dent,2,P176,P176,train,4,1,train,test,train,train,train,64c8a3d39a2ad508e498ffcaf0b63a75
train/Dent/176_5_JPG_jpg.rf.3PLKPKsRWyKT4LntXVTT.jpg,Dent,2,P176,P176,train,5,1,train,test,train,train,train,b86a9c0118984b446c56dbe234cfd2cf
train/Dent/176_7_JPG_jpg.rf.Dl3Bbk58FGmzT87kvPlh.jpg,Dent,2,P176,P176,train,7,1,train,test,train,train,train,30f65d095b78f6d5749c0728b9d9826e
train/Dent/176_8_JPG_jpg.rf.PCyb88q8kN8lGaxlH8TJ.jpg,Dent,2,P176,P176,train,8,1,train,test,train,train,train,52d782e8dde439e1e7f90145b993c790
train/Dent/176_9_JPG_jpg.rf.dDAzhh99cv8tqxjE18PK.jpg,Dent,2,P176,P176,train,9,1,train,test,train,train,train,6705deb2d56d40f71aa3f4e577dba793
train/Dent/177_11_JPG_jpg.rf.u7SsLClPli1kEhkLZBPS.jpg,Dent,2,P177,P177,train,11,2,train,train,test,train,train,c4524f7c35f792c8dfa7f64f3b4a6eab
train/Dent/177_12_JPG_jpg.rf.j7TUFGkoGGcFf1e7Uhy5.jpg,Dent,2,P177,P177,train,12,2,train,train,test,train,train,805e7839a220ff5adc8c03527be88932
train/Dent/177_15_JPG_jpg.rf.2QIBUIt65MwCXEpZMSeK.jpg,Dent,2,P177,P177,train,15,2,train,train,test,train,train,9ecc6cb8fc9aedd67927e22ef67fed22
train/Dent/177_16_JPG_jpg.rf.k0ftCXwSsod3FLI7I3ac.jpg,Dent,2,P177,P177,train,16,2,train,train,test,train,train,5490332d30c9f6f5b5e2d03fc37d2f6d
train/Dent/177_17_JPG_jpg.rf.H2ORVlPWqj1KJnQLceBj.jpg,Dent,2,P177,P177,train,17,2,train,train,test,train,train,7d04186a308ef751f3e03f25e5d9e732
train/Dent/177_18_JPG_jpg.rf.VawzyGtnd9oNOFvG7miC.jpg,Dent,2,P177,P177,train,18,2,train,train,test,train,train,8f2e9d64501b2b9536b65879067064fb
train/Dent/177_19_JPG_jpg.rf.e7weS7VETm6EFdFY3NBh.jpg,Dent,2,P177,P177,train,19,2,train,train,test,train,train,3f2d6e0529a25f465510824be93e88f5
train/Dent/177_1_JPG_jpg.rf.rv8pPDc7LrawPFn7qMqD.jpg,Dent,2,P177,P177,train,1,2,train,train,test,train,train,4a510494be7fe4b3a31b83015b0b161d
train/Dent/177_20_JPG_jpg.rf.q5Z9u75sqGxRzvxGHGU9.jpg,Dent,2,P177,P177,train,20,2,train,train,test,train,train,9a5db676475d4297581f8e50082261e8
train/Dent/177_22_JPG_jpg.rf.oHTR7LtIKVFgtq5Lelp3.jpg,Dent,2,P177,P177,train,22,2,train,train,test,train,train,9c3b248787cf5a73aecf8bb32428c245
train/Dent/177_24_JPG_jpg.rf.XTKHhuYR0QjGk8VinaWA.jpg,Dent,2,P177,P177,train,24,2,train,train,test,train,train,211036e1964fad8df3ba525e4e162bed
train/Dent/177_25_JPG_jpg.rf.cGzCNMudm2L3R6dujLnQ.jpg,Dent,2,P177,P177,train,25,2,train,train,test,train,train,065a77ea66c5ec671323acdfd859f262
train/Dent/177_2_JPG_jpg.rf.zqd7VWoVkmj5d5cQzZpw.jpg,Dent,2,P177,P177,train,2,2,train,train,test,train,train,de4486b30d6ac415ac08f83962e535fd
train/Dent/177_3_JPG_jpg.rf.yyAuigEIzBoa4CHAWOz0.jpg,Dent,2,P177,P177,train,3,2,train,train,test,train,train,3a5f91ba9f7608757523f6ca24a936a9
train/Dent/177_4_JPG_jpg.rf.njzQx137IuTJsqUfFJ2O.jpg,Dent,2,P177,P177,train,4,2,train,train,test,train,train,6ecc128a6f9cc91b1a2a40933c0652d2
train/Dent/177_5_JPG_jpg.rf.wodWkIv4kte5WHdyGoh4.jpg,Dent,2,P177,P177,train,5,2,train,train,test,train,train,0c4258c1726bb7d0e949976bbc0e981f
train/Dent/177_6_JPG_jpg.rf.7ZndhnU7a8IoE8mjLrNh.jpg,Dent,2,P177,P177,train,6,2,train,train,test,train,train,d5c0eab0092b7845ffdd40d49ef1b7d0
train/Dent/177_7_JPG_jpg.rf.ITgE3WQAWV2a6QftwM74.jpg,Dent,2,P177,P177,train,7,2,train,train,test,train,train,d7567220202d9b74e1e6d75339f9dcd3
train/Dent/177_8_JPG_jpg.rf.64lUtbEfkNE39OtJlu66.jpg,Dent,2,P177,P177,train,8,2,train,train,test,train,train,d6e67366248f81001ccc052f44c015c5
train/Dent/178_0_JPG_jpg.rf.RjdMunj8G8F9oSCmHe0Y.jpg,Dent,2,P178,P178,train,0,2,train,train,test,train,train,f041a0c5b8d694a21081cd063486e507
train/Dent/178_10_JPG_jpg.rf.ajoeYKDnvUZi0wzDoFOD.jpg,Dent,2,P178,P178,train,10,2,train,train,test,train,train,7df414290fa10ce1a39717b93cd34f70
train/Dent/178_11_JPG_jpg.rf.EqaerBkQBY6xB3qfJMQR.jpg,Dent,2,P178,P178,train,11,2,train,train,test,train,train,5a42902ecf30ea2893b96dc96dc668b9
train/Dent/178_12_JPG_jpg.rf.iHiYQLwz1IS0bYzMKza2.jpg,Dent,2,P178,P178,train,12,2,train,train,test,train,train,b1829e21672449655aee8721d4aaad6a
train/Dent/178_13_JPG_jpg.rf.0XaW17hUR4ZTh9VAnhoi.jpg,Dent,2,P178,P178,train,13,2,train,train,test,train,train,28abc6b49e28c335caa529c525d560fa
train/Dent/178_14_JPG_jpg.rf.ppjKPU61ep9R3vMCiHBJ.jpg,Dent,2,P178,P178,train,14,2,train,train,test,train,train,b2dfc9d0e4c9daac6aa6e0204bc7f3a6
train/Dent/178_18_JPG_jpg.rf.0lMJjG7IB1KFRJfCwI8c.jpg,Dent,2,P178,P178,train,18,2,train,train,test,train,train,aca6bd88afe70b7a1fc8aac68b4adbe2
train/Dent/178_24_JPG_jpg.rf.F4pVgubj7sHrV4TQxtdC.jpg,Dent,2,P178,P178,train,24,2,train,train,test,train,train,0f9f582717e8be6d5fdf054a336b8f07
train/Dent/178_25_JPG_jpg.rf.0ujjJoUigQqiZX4FdCgy.jpg,Dent,2,P178,P178,train,25,2,train,train,test,train,train,c90580cd1392a76d927f0e4459b1711b
train/Dent/178_2_JPG_jpg.rf.v21z8tQFpX4amrjEg1qg.jpg,Dent,2,P178,P178,train,2,2,train,train,test,train,train,534166dfc325c3e5b59aab6cd8ce3b64
train/Dent/178_4_JPG_jpg.rf.atam8i98ahMwph5WTrME.jpg,Dent,2,P178,P178,train,4,2,train,train,test,train,train,5a8f78db98a2e5182818a289e8683a53
train/Dent/178_6_JPG_jpg.rf.pNOtEMSNhctCepL6bGoO.jpg,Dent,2,P178,P178,train,6,2,train,train,test,train,train,05263542eebf0827a5a5e4d52bb69925
train/Dent/178_7_JPG_jpg.rf.4tMCkU5lplIBELevRym8.jpg,Dent,2,P178,P178,train,7,2,train,train,test,train,train,5e2146220141355140fc5976009b4e6d
train/Dent/178_8_JPG_jpg.rf.yYAq8wHhEe9DNRGtCbGv.jpg,Dent,2,P178,P178,train,8,2,train,train,test,train,train,0fae191ad33f18a98322b3f60f395740
train/Dent/178_9_JPG_jpg.rf.eGFbZfxwmDIAh57TEgoh.jpg,Dent,2,P178,P178,train,9,2,train,train,test,train,train,77664bbd4bdfd079e21f345cca011749
train/Dent/179_0_JPG_jpg.rf.DHaJp2yNmQYfy78j0vu6.jpg,Dent,2,P179,P179,train,0,3,train,train,train,test,train,0e7b7ec9081d5291aa5e5cf44edbe80a
train/Dent/179_11_JPG_jpg.rf.TxsdPCRMxYK0AQegjQyS.jpg,Dent,2,P179,P179,train,11,3,train,train,train,test,train,2aa6522ba65b2ffe3dd1007d4c8bc148
train/Dent/179_12_JPG_jpg.rf.1cVNuk0jueKqGb1Euh5T.jpg,Dent,2,P179,P179,train,12,3,train,train,train,test,train,c88b4aaa91f5394ad6025c764e0320fd
train/Dent/179_16_JPG_jpg.rf.pFsRUo79HGuWFvctafOp.jpg,Dent,2,P179,P179,train,16,3,train,train,train,test,train,802b28535e3a34a677707873975132c1
train/Dent/179_18_JPG_jpg.rf.vW7JWvkATr6G1e9pIsgg.jpg,Dent,2,P179,P179,train,18,3,train,train,train,test,train,c07b8dd6ce49a56765f8e2d8a5bfa015
train/Dent/179_19_JPG_jpg.rf.wWFOqVUKuzgMZEhPPhNn.jpg,Dent,2,P179,P179,train,19,3,train,train,train,test,train,d19e9aa36d96acef73259c4eac772dbb
train/Dent/179_1_JPG_jpg.rf.WEU8OawBit9jeKulcMTJ.jpg,Dent,2,P179,P179,train,1,3,train,train,train,test,train,dd19a88a69360aea5f72f8f2a896b862
train/Dent/179_21_JPG_jpg.rf.KsckxcNxX8eAXBU6esxA.jpg,Dent,2,P179,P179,train,21,3,train,train,train,test,train,cf35a908337c10b93860a3aa52bbbea4
train/Dent/179_22_JPG_jpg.rf.kezgUHi37bf6hOe1quJE.jpg,Dent,2,P179,P179,train,22,3,train,train,train,test,train,98ef0cb488d3ba6a7c7bdfb54bba2b22
train/Dent/179_23_JPG_jpg.rf.SocVVBtyk967CSGJ84lM.jpg,Dent,2,P179,P179,train,23,3,train,train,train,test,train,27cc90ef58aed9f225b7b666b717cc6c
train/Dent/179_24_JPG_jpg.rf.AElwJPGHLOhRrCkfQAvr.jpg,Dent,2,P179,P179,train,24,3,train,train,train,test,train,b56e0ef20e4f7e6993e03e5aa56b3cc0
train/Dent/179_25_JPG_jpg.rf.WOdmIEebNYcSaS2QcDQb.jpg,Dent,2,P179,P179,train,25,3,train,train,train,test,train,292e999c7f82200a28cc20f985c46527
train/Dent/179_2_JPG_jpg.rf.DCODtLxZtQqtty9Wv5rY.jpg,Dent,2,P179,P179,train,2,3,train,train,train,test,train,1b989846f3ab0ee0e6d5b8e27b9d62f8
train/Dent/179_3_JPG_jpg.rf.jeZT22NmzTsbOf3UYvgw.jpg,Dent,2,P179,P179,train,3,3,train,train,train,test,train,68ffa2bd5b2c70e2a4a88b6268a3df55
train/Dent/179_4_JPG_jpg.rf.ZWXPMBD8It7mQ1Iam5nF.jpg,Dent,2,P179,P179,train,4,3,train,train,train,test,train,f204518dcc8e5c4b00fff29a1a44b989
train/Dent/179_6_JPG_jpg.rf.teX6hOy77ekvLF2oNvbB.jpg,Dent,2,P179,P179,train,6,3,train,train,train,test,train,0ddd82f05ba27126e2aff1bce47079b4
train/Dent/179_7_JPG_jpg.rf.WgAnOzcsfMneJu5tLefj.jpg,Dent,2,P179,P179,train,7,3,train,train,train,test,train,b301f33b2b57644e557f30abad2a2cbf
train/Dent/179_8_JPG_jpg.rf.EfigytbsDOUb3hZahLzg.jpg,Dent,2,P179,P179,train,8,3,train,train,train,test,train,8cf27d821e5a66b0847a0d69b41949bc
train/Dent/179_9_JPG_jpg.rf.xZHcz2TCf1L1HgaVvYjY.jpg,Dent,2,P179,P179,train,9,3,train,train,train,test,train,3ca62c8a9d7236d98666cec83d0cf22f
train/Dent/17_10_JPG_jpg.rf.g2h28dYvx2AIvIR59uC1.jpg,Dent,2,P17,P17,train,10,2,val,val,test,val,val,abf03ed12de931aec29aeeed39d88d7d
train/Dent/17_11_JPG_jpg.rf.e3s291RankqKM4UYJtBF.jpg,Dent,2,P17,P17,train,11,2,val,val,test,val,val,78a81bd60d75576389aaecf2582a68d6
train/Dent/17_12_JPG_jpg.rf.sfftHqNHOZQDRjCvXSSv.jpg,Dent,2,P17,P17,train,12,2,val,val,test,val,val,9d715ed4adc6b42c31c699db77c10845
train/Dent/17_13_JPG_jpg.rf.egEc0em5LYDt39mmTUEB.jpg,Dent,2,P17,P17,train,13,2,val,val,test,val,val,e4cc888f2a1ac4ed4555b31408b1e869
train/Dent/17_14_JPG_jpg.rf.uv7mX17FJwBGmkw38Jpq.jpg,Dent,2,P17,P17,train,14,2,val,val,test,val,val,eca3bac380a55e573d81ad6c3a27840d
train/Dent/17_15_JPG_jpg.rf.822XnrhMBMTP93flQEnE.jpg,Dent,2,P17,P17,train,15,2,val,val,test,val,val,76e2e874f41829182743675748197ce2
train/Dent/17_16_JPG_jpg.rf.AuqXgWDp4XPEyZq5z8lM.jpg,Dent,2,P17,P17,train,16,2,val,val,test,val,val,88a05c438a4d69a533b1b9110326e301
train/Dent/17_17_JPG_jpg.rf.P2s8PSAHiFfpXCrhi4Si.jpg,Dent,2,P17,P17,train,17,2,val,val,test,val,val,3930689f280a49f74ac6e7c26a961039
train/Dent/17_19_JPG_jpg.rf.Vlp570L2DK51G1NhBRDD.jpg,Dent,2,P17,P17,train,19,2,val,val,test,val,val,5f0a9c2106976cea4bcf8d2b39d15d06
train/Dent/17_20_JPG_jpg.rf.M5T4ebwWOKDvadkuX0t7.jpg,Dent,2,P17,P17,train,20,2,val,val,test,val,val,2e9872fa5fde80b62cf375964e9b2484
train/Dent/17_21_JPG_jpg.rf.V2tDdz4yjE4gbO06AOVj.jpg,Dent,2,P17,P17,train,21,2,val,val,test,val,val,90f4a02fc07b7e2c1d9c0c12debe8246
train/Dent/17_22_JPG_jpg.rf.nsh4bebpfhyseJ71B8DL.jpg,Dent,2,P17,P17,train,22,2,val,val,test,val,val,ee521c00a0a39b2314d5e2a5e8e76885
train/Dent/17_24_JPG_jpg.rf.gydpogs9hkvbtANHqhhZ.jpg,Dent,2,P17,P17,train,24,2,val,val,test,val,val,c2e4cc02e85aac828bee65a943be35ab
train/Dent/17_25_JPG_jpg.rf.3EU9ofQCwNzvuPyZ2QNR.jpg,Dent,2,P17,P17,train,25,2,val,val,test,val,val,9acfe682f876bbab7752d10dee266cea
train/Dent/17_2_JPG_jpg.rf.oCLJBBS5Kxlpzbr5GtDC.jpg,Dent,2,P17,P17,train,2,2,val,val,test,val,val,48b5ee9715d8a83df1c422b79eb4d6f3
train/Dent/17_3_JPG_jpg.rf.FlLZwB2tuy2xXPz7nIaP.jpg,Dent,2,P17,P17,train,3,2,val,val,test,val,val,2695991fd0167c3b0e058197ba6ce39b
train/Dent/17_4_JPG_jpg.rf.dd1mQZCfVs90iTuR2M3c.jpg,Dent,2,P17,P17,train,4,2,val,val,test,val,val,e3957cecff37dd8b3e63d902abc38604
train/Dent/17_5_JPG_jpg.rf.vDR7Qyo2pq0f6vvxPiau.jpg,Dent,2,P17,P17,train,5,2,val,val,test,val,val,45f484433e004276c0645d41020c71dc
train/Dent/17_6_JPG_jpg.rf.u5otp475xl4dpefjPHvG.jpg,Dent,2,P17,P17,train,6,2,val,val,test,val,val,0b1d347c455fa413a3ced6fda42b7610
train/Dent/17_8_JPG_jpg.rf.stRuyU1KPpge7XbYsUI8.jpg,Dent,2,P17,P17,train,8,2,val,val,test,val,val,80e3a036922f827c663fcf61a73501c2
train/Dent/180_10_JPG_jpg.rf.BIEHXzQheMIxLbXk10re.jpg,Dent,2,P180,P180,train,10,1,train,test,val,train,train,be60641221076f6c27c3a2a6eac2a98e
train/Dent/180_11_JPG_jpg.rf.UU6DfXak3UEKkw5r7u5Z.jpg,Dent,2,P180,P180,train,11,1,train,test,val,train,train,cf23bd043ed1f4ee772e573b2a674e26
train/Dent/180_12_JPG_jpg.rf.LcbCPDQwfg3FzMbiESih.jpg,Dent,2,P180,P180,train,12,1,train,test,val,train,train,1e5d717ed208b802d59fbbc6df9eabca
train/Dent/180_13_JPG_jpg.rf.RxKKeFVpqi4LRo9y4uWb.jpg,Dent,2,P180,P180,train,13,1,train,test,val,train,train,2f13b96910c6323a7caa3be06fda4597
train/Dent/180_14_JPG_jpg.rf.5mlYSJHSld4G93ssS3nq.jpg,Dent,2,P180,P180,train,14,1,train,test,val,train,train,1578f8de4ad6462b9faff8e4614ac4f9
train/Dent/180_15_JPG_jpg.rf.pKRmqhpmvJc8nht8hXFk.jpg,Dent,2,P180,P180,train,15,1,train,test,val,train,train,0d160fe44791c63e91ebf4087f48264a
train/Dent/180_16_JPG_jpg.rf.veI3SYhRtpkbb2YFY7Wp.jpg,Dent,2,P180,P180,train,16,1,train,test,val,train,train,400d722145557943d5ee94a9ef8ff7f6
train/Dent/180_17_JPG_jpg.rf.u7dG9hAW3QLRUIloeqhc.jpg,Dent,2,P180,P180,train,17,1,train,test,val,train,train,d79174e074fee155de3a1b5b47f5950e
train/Dent/180_19_JPG_jpg.rf.1VmzjknyRxgZsWhAjAaG.jpg,Dent,2,P180,P180,train,19,1,train,test,val,train,train,6f03ab97f837294430465a58b03b22e7
train/Dent/180_1_JPG_jpg.rf.EIXuxXFtVE0h4mkbmJHg.jpg,Dent,2,P180,P180,train,1,1,train,test,val,train,train,481ff83a73cc04ee678f6d76a563c1d7
train/Dent/180_20_JPG_jpg.rf.pFUckd9TQzcDUlcjxVpv.jpg,Dent,2,P180,P180,train,20,1,train,test,val,train,train,465a7b57214b1ac26a25c6da3fed452f
train/Dent/180_23_JPG_jpg.rf.JBafgdDF56ZmmyNWOy5I.jpg,Dent,2,P180,P180,train,23,1,train,test,val,train,train,742e9d4f28ef30b62b2c0a15586079ab
train/Dent/180_24_JPG_jpg.rf.TzvnvhOYgO6BtZ8wqoYf.jpg,Dent,2,P180,P180,train,24,1,train,test,val,train,train,89cfd000236758583b51e7635364b2fe
train/Dent/180_25_JPG_jpg.rf.7Acgei74mi84PyvKmSrj.jpg,Dent,2,P180,P180,train,25,1,train,test,val,train,train,a22cc6f99195b9b8941fbb992ea249e5
train/Dent/180_2_JPG_jpg.rf.mySWZ5pB41VfT7JuDG5z.jpg,Dent,2,P180,P180,train,2,1,train,test,val,train,train,f0e39c0a445a72629ee4ce447dc2718c
train/Dent/180_4_JPG_jpg.rf.PsVtbHaK2V8kF2ZsDxdh.jpg,Dent,2,P180,P180,train,4,1,train,test,val,train,train,39d8e441b22838560a9b0b80b6a7adf6
train/Dent/180_5_JPG_jpg.rf.tqflnnAD4Do5MWEDt7xR.jpg,Dent,2,P180,P180,train,5,1,train,test,val,train,train,ef168163396a970d4370a52c21d8cc13
train/Dent/180_9_JPG_jpg.rf.RxH4s9fQGds6Ki1Htk0s.jpg,Dent,2,P180,P180,train,9,1,train,test,val,train,train,ee28c4a7391805ac864db6021908a391
train/Dent/181_0_JPG_jpg.rf.zCEtKCnRnvFinHlLw8vf.jpg,Dent,2,P181,P181,train,0,4,train,train,train,train,test,ac410aa0434b2aa93180bfa9b58bc323
train/Dent/181_11_JPG_jpg.rf.3LiPmwRrfYbSEU23iSxZ.jpg,Dent,2,P181,P181,train,11,4,train,train,train,train,test,1de8607d7df196a5c8fa9fcc3bb387d9
train/Dent/181_12_JPG_jpg.rf.LQXVML5iJOH85OJRVpgj.jpg,Dent,2,P181,P181,train,12,4,train,train,train,train,test,009c95cbbf625b77a73e85e35042fdcb
train/Dent/181_13_JPG_jpg.rf.ty4eCgLHpW699hfwGA44.jpg,Dent,2,P181,P181,train,13,4,train,train,train,train,test,7807eae4b76a467bc903865c399a9806
train/Dent/181_14_JPG_jpg.rf.e9ckVqIitpvKTMOcoPa6.jpg,Dent,2,P181,P181,train,14,4,train,train,train,train,test,1671293c3b07b57d82d061c2a6a31f00
train/Dent/181_18_JPG_jpg.rf.gRiY9H8g36bcs7Kj6IqC.jpg,Dent,2,P181,P181,train,18,4,train,train,train,train,test,a87433e1eb7ba2422aa9cc4a29d79f23
train/Dent/181_21_JPG_jpg.rf.Kr5OSjB9mfvv5FOYg8DG.jpg,Dent,2,P181,P181,train,21,4,train,train,train,train,test,5abba58bb04d196dc6f45a21490de954
train/Dent/181_23_JPG_jpg.rf.ACZxLWQygg9x7lMkQoNo.jpg,Dent,2,P181,P181,train,23,4,train,train,train,train,test,9a8732aafe11de0cf17202db7c42df84
train/Dent/181_24_JPG_jpg.rf.eY28Ytiop8Y59qHMDoGW.jpg,Dent,2,P181,P181,train,24,4,train,train,train,train,test,8fdee9fe64569b26131b94c37c396d35
train/Dent/181_2_JPG_jpg.rf.L0ofTtyB6o4tWvYE2qPE.jpg,Dent,2,P181,P181,train,2,4,train,train,train,train,test,629bd04428e7ec852cff87d5aff79c81
train/Dent/181_7_JPG_jpg.rf.gkv2lkNRC29zKwESkRiF.jpg,Dent,2,P181,P181,train,7,4,train,train,train,train,test,2889c605368ec1b6819efb5dd6c06628
train/Dent/181_9_JPG_jpg.rf.sQ5fyKpVRHASe7AKecdq.jpg,Dent,2,P181,P181,train,9,4,train,train,train,train,test,3e5c11e1c01dee5c3a5cedc7f7f26188
train/Dent/182_10_JPG_jpg.rf.a6zBqklyQLc17yLs1DYD.jpg,Dent,2,P182,P182,train,10,2,train,train,test,train,train,e898c6cd76e9d3f2cd8969a54ad55a0e
train/Dent/182_11_JPG_jpg.rf.ZeLEaJfj2lx8KnaNbfdY.jpg,Dent,2,P182,P182,train,11,2,train,train,test,train,train,5253ca9bdfb221d44e25bae7ffdbaeb3
train/Dent/182_12_JPG_jpg.rf.YaDvIInddWeGyBdZ4Eak.jpg,Dent,2,P182,P182,train,12,2,train,train,test,train,train,bf1659dad52df8be20bd69381a24cce4
train/Dent/182_14_JPG_jpg.rf.l2GghIAbqYvMR0DyTbNe.jpg,Dent,2,P182,P182,train,14,2,train,train,test,train,train,c223e5f8e482a23a0c7c94464518ad96
train/Dent/182_16_JPG_jpg.rf.xKyMezj1J83qcQd4AbKM.jpg,Dent,2,P182,P182,train,16,2,train,train,test,train,train,83943b0bec1103f4fdfe78ca518757f7
train/Dent/182_17_JPG_jpg.rf.65kzvwSype0rECK9CXld.jpg,Dent,2,P182,P182,train,17,2,train,train,test,train,train,df22ee6dbd917d475e26d0cfa3a2b200
train/Dent/182_1_JPG_jpg.rf.X98VC6cLflFgfQ610mCp.jpg,Dent,2,P182,P182,train,1,2,train,train,test,train,train,5f8df599d8100a1154c85a96708a9f40
train/Dent/182_20_JPG_jpg.rf.YUqnRwEEqlDtw6ELmzRB.jpg,Dent,2,P182,P182,train,20,2,train,train,test,train,train,c690a084e0955f22e3fa11cae504f024
train/Dent/182_21_JPG_jpg.rf.WblsgTqnQpBSBLXkLUtR.jpg,Dent,2,P182,P182,train,21,2,train,train,test,train,train,30cff49e4109dccde3dccbe00130398c
train/Dent/182_22_JPG_jpg.rf.C641zaBbIuRlrYSOjQNi.jpg,Dent,2,P182,P182,train,22,2,train,train,test,train,train,850e0b9f69f75da42aa1b0c907ecec04
train/Dent/182_23_JPG_jpg.rf.HOi1p7apB0Q7r8nbMxbU.jpg,Dent,2,P182,P182,train,23,2,train,train,test,train,train,1489ae4dbad114b8d2090f75245d0ee9
train/Dent/182_3_JPG_jpg.rf.J1juFFAIqpTGATWeYgUg.jpg,Dent,2,P182,P182,train,3,2,train,train,test,train,train,4860b5070151958684cff50c2c5610e0
train/Dent/182_5_JPG_jpg.rf.wecakFXItYZMjaDeueLM.jpg,Dent,2,P182,P182,train,5,2,train,train,test,train,train,6799f9b34353a81550ff4bbf0c80da2e
train/Dent/182_7_JPG_jpg.rf.bLAxFhytoSL0ylCTW3aV.jpg,Dent,2,P182,P182,train,7,2,train,train,test,train,train,32be087f8944f61bba318af2805de87f
train/Dent/182_8_JPG_jpg.rf.ws9IxZzxMVGZ9qDkKpjp.jpg,Dent,2,P182,P182,train,8,2,train,train,test,train,train,1aa8f1d9be84cade501d38748dced4ee
train/Dent/182_9_JPG_jpg.rf.GNTaaBHzuMANkl1QdzsH.jpg,Dent,2,P182,P182,train,9,2,train,train,test,train,train,d3a5fa066f089e09f09e9a3f7b294e76
train/Dent/186_4_JPG_jpg.rf.yMMFQL9z1G9F3d9h4nfA.jpg,Dent,2,P186,P186,train,4,4,train,train,train,train,test,e53d9f9146bd42146f373ae5c3a8496e
train/Dent/187_10_JPG_jpg.rf.4yNHP6UNSgNmR0JAXEU6.jpg,Dent,2,P187,P187,train,10,0,test,val,train,train,train,31d658e80df474667f038f60a1171d7d
train/Dent/187_19_JPG_jpg.rf.9hLIyRw3JADERJcCBuNn.jpg,Dent,2,P187,P187,train,19,0,test,val,train,train,train,409a931abb07b5daed28d28e708a242b
train/Dent/187_4_JPG_jpg.rf.NDyp7oFr5se6MrNNDiDk.jpg,Dent,2,P187,P187,train,4,0,test,val,train,train,train,1372b0c6d6ecb57d3c3cbfbffec62a16
train/Dent/187_7_JPG_jpg.rf.WoUKw4K5uTHNT4NzqUjQ.jpg,Dent,2,P187,P187,train,7,0,test,val,train,train,train,07f746e3604ad63a9e3e72b75e8f66c7
train/Dent/188_4_JPG_jpg.rf.q24VVBuUj71g45qMuAPF.jpg,Dent,2,P188,P188,train,4,3,train,train,train,test,train,0a8a83f27f32b26f8a1f54015322bb77
train/Dent/189_20_JPG_jpg.rf.lHbXfKhzg1NmWakrzIKY.jpg,Dent,2,P189,P189,train,20,4,val,train,train,val,test,ba40fcefde074d9215b68297aaff92eb
train/Dent/191_25_JPG_jpg.rf.tKZSe1SmWfIpXvTqy1fd.jpg,Dent,2,P191,P191,train,25,2,train,train,test,val,train,855374b471c36d2e478ea95b98ebe54d
train/Dent/191_9_JPG_jpg.rf.BMzwNF4cyTf5a2zXm5gt.jpg,Dent,2,P191,P191,train,9,2,train,train,test,val,train,ebbb61ba8fdfcb56ccdee76b74e4b65e
train/Dent/192_0_JPG_jpg.rf.tlZGZajJ76Wh2U30Z8km.jpg,Dent,2,P192,P192,train,0,4,train,train,train,train,test,de24e4e25859ecc6e99205aacfa739b9
train/Dent/192_17_JPG_jpg.rf.kMUbd3rDHY3kWklVFCjb.jpg,Dent,2,P192,P192,train,17,4,train,train,train,train,test,ea32b3896c8cd65a5b443fb70753e876
train/Dent/19_0_JPG_jpg.rf.sCbRcf3FdYDxSDVTUSac.jpg,Dent,2,P19,P19,train,0,3,train,train,train,test,train,97b6a6fb85c71a3c14501e06a0091d13
train/Dent/19_14_JPG_jpg.rf.280B5TUUo54Ih2pFmfgH.jpg,Dent,2,P19,P19,train,14,3,train,train,train,test,train,380323861389a9c4950fd9295204b221
train/Dent/19_15_JPG_jpg.rf.jP6uqtowr7WYhaSDJlv5.jpg,Dent,2,P19,P19,train,15,3,train,train,train,test,train,f0b20d17ada3fe8f0b781d37c5b95678
train/Dent/19_16_JPG_jpg.rf.gc1qBOpegjUto7QmBVkw.jpg,Dent,2,P19,P19,train,16,3,train,train,train,test,train,8b84bc47ad0265dcfc89de07d47589a3
train/Dent/19_17_JPG_jpg.rf.OcArRKl4h3BD0kdhcwo7.jpg,Dent,2,P19,P19,train,17,3,train,train,train,test,train,a8f6956fcd30f5b2942344408a73fb5a
train/Dent/19_19_JPG_jpg.rf.zsddxqRC9cZdHHulW112.jpg,Dent,2,P19,P19,train,19,3,train,train,train,test,train,2a2cec2656ee4da3eb68d0182a489588
train/Dent/19_1_JPG_jpg.rf.XxBsoBHMeX7dQ0lzUG0l.jpg,Dent,2,P19,P19,train,1,3,train,train,train,test,train,047620a627c07806985c0670f181c493
train/Dent/19_21_JPG_jpg.rf.onzTy14aASdy8qgd13ZL.jpg,Dent,2,P19,P19,train,21,3,train,train,train,test,train,a59f3bef1a796f95ad5f35984b6ab4a5
train/Dent/19_23_JPG_jpg.rf.d15Ih8995uPJj0ptAeOg.jpg,Dent,2,P19,P19,train,23,3,train,train,train,test,train,467e51208024ada68030ef1683aa369a
train/Dent/19_2_JPG_jpg.rf.kxGozPGR6eRclHSc97cR.jpg,Dent,2,P19,P19,train,2,3,train,train,train,test,train,238e9f3b51966e1e0ee670cf52633db6
train/Dent/19_3_JPG_jpg.rf.5XR9rwbxwZMn6BH4kvs1.jpg,Dent,2,P19,P19,train,3,3,train,train,train,test,train,73c6027d3b93c6f6bb4aec75aad4031d
train/Dent/19_4_JPG_jpg.rf.QRy5Sg60I6kBbHgnOkHW.jpg,Dent,2,P19,P19,train,4,3,train,train,train,test,train,5697f8fda1ee778f0db719200b78bcce
train/Dent/19_5_JPG_jpg.rf.AFms5aWNQdphxTHZ1opD.jpg,Dent,2,P19,P19,train,5,3,train,train,train,test,train,90e39b4cdefc53998bd9bd0929ca97ba
train/Dent/19_7_JPG_jpg.rf.doNGESdHId2s9GTo7A4g.jpg,Dent,2,P19,P19,train,7,3,train,train,train,test,train,97ba8eb50f4983d103755283785f6555
train/Dent/19_8_JPG_jpg.rf.DdRmYpCSFpUvy8QXAXoP.jpg,Dent,2,P19,P19,train,8,3,train,train,train,test,train,1b37be4477b8276b843ffd399883496b
train/Dent/19_9_JPG_jpg.rf.CjjSORqx3JBHv9uQkblW.jpg,Dent,2,P19,P19,train,9,3,train,train,train,test,train,ffc4463c1d941b51dd7ab31f555cd0d6
train/Dent/200_1_JPG_jpg.rf.inYASjrcfcQP4VOq1qxq.jpg,Dent,2,P200,P200,train,1,2,train,train,test,train,val,324cc5f66ea432affedc0454769d2dc5
train/Dent/200_25_JPG_jpg.rf.DbjcQUBzqEB2AWQbSzU1.jpg,Dent,2,P200,P200,train,25,2,train,train,test,train,val,87e7433f1d15cbbef1bc90958c31c0fa
train/Dent/202_0_JPG_jpg.rf.HZuVH6Y89H06mNoThjYH.jpg,Dent,2,P202,P202,train,0,3,train,train,train,test,train,bbd33d239eb532a6977b29afa0c7e91a
train/Dent/202_15_JPG_jpg.rf.XOgNEe1lkBn0S5uNgCVF.jpg,Dent,2,P202,P202,train,15,3,train,train,train,test,train,dbb709ff92b668bb6faae8cdf119a0dc
train/Dent/202_16_JPG_jpg.rf.uRsohEdilUaLG9a71LNO.jpg,Dent,2,P202,P202,train,16,3,train,train,train,test,train,7b5f86ceed9248b709c765c7005c4929
train/Dent/202_20_JPG_jpg.rf.uNFSVfATHJHTU2V8kx1Z.jpg,Dent,2,P202,P202,train,20,3,train,train,train,test,train,fd1fb4dbd2def8a0a3b7ba89659c70c0
train/Dent/202_21_JPG_jpg.rf.xJDLvVKtzABUImChfQ0B.jpg,Dent,2,P202,P202,train,21,3,train,train,train,test,train,fba0ba2e5c63479aa862e82928d05e28
train/Dent/202_2_JPG_jpg.rf.AObEe0qFCzYnQzd9wUhY.jpg,Dent,2,P202,P202,train,2,3,train,train,train,test,train,812938d83f55ad90c101b88023a46e98
train/Dent/204_10_JPG_jpg.rf.gRH0kkHPzvF4in4B8bf3.jpg,Dent,2,P204,P204,train,10,0,test,train,train,train,train,4caa585c4c1ff4b4b7927566fa8e5c28
train/Dent/204_12_JPG_jpg.rf.l9Ex5WWUnvmrToelgMBP.jpg,Dent,2,P204,P204,train,12,0,test,train,train,train,train,d77aa4261443d19450c5108cb88a2366
train/Dent/204_18_JPG_jpg.rf.wsdIy73hA96mCpQMHyWz.jpg,Dent,2,P204,P204,train,18,0,test,train,train,train,train,be4c25f5fa9f0c4a2ffcf2fe8c20d340
train/Dent/204_22_JPG_jpg.rf.thixEcLjrfJ3qs0yXVhE.jpg,Dent,2,P204,P204,train,22,0,test,train,train,train,train,0a6dd72754b667fcd9b23e959cc5c16a
train/Dent/204_25_JPG_jpg.rf.oE8GPmBM0knS5VtcqWuJ.jpg,Dent,2,P204,P204,train,25,0,test,train,train,train,train,1435b3c6c642cf8c6cc3f5a822d7605c
train/Dent/204_3_JPG_jpg.rf.KzkHpHcU91LvFZuoJroA.jpg,Dent,2,P204,P204,train,3,0,test,train,train,train,train,a61451ca0e5325c0a7e228c2082a6da1
train/Dent/205_20_JPG_jpg.rf.GcYby8NCPL3mhEzQzfED.jpg,Dent,2,P205,P205,train,20,0,test,val,train,train,train,e967c5e25610fa6cae7a67bb51239f8a
train/Dent/205_7_JPG_jpg.rf.AfQwJKsLMbg3y4rewT4y.jpg,Dent,2,P205,P205,train,7,0,test,val,train,train,train,2564db33c829b169cde7491c4ac121f9
train/Dent/209_16_JPG_jpg.rf.VWg9qpCaUyTx1vxp9kjn.jpg,Dent,2,P209,P209,train,16,3,val,train,train,test,train,5f42c95c1004336a9daba5dfc87c61a6
train/Dent/209_19_JPG_jpg.rf.AzXSuZSm5O9CnVy3PfPo.jpg,Dent,2,P209,P209,train,19,3,val,train,train,test,train,d8a38ac483bc2f29dcddca6920cfa028
train/Dent/209_4_JPG_jpg.rf.h7aXGGhXpigEi7Pvh3zI.jpg,Dent,2,P209,P209,train,4,3,val,train,train,test,train,80134a8298572f47d337831dfb20b022
train/Dent/209_5_JPG_jpg.rf.tqClLi7ScVncTqyBzBgi.jpg,Dent,2,P209,P209,train,5,3,val,train,train,test,train,ae09760024fb48ea0e2952a072f294f4
train/Dent/213_10_JPG_jpg.rf.W75CffaVgKwtm4bxw8DJ.jpg,Dent,2,P213,P213,train,10,3,train,train,train,test,train,185e40dc98a7540656800d150c95bba3
train/Dent/213_16_JPG_jpg.rf.6wK0J3w2US6sn90ymJb5.jpg,Dent,2,P213,P213,train,16,3,train,train,train,test,train,8836042c44c80cb8bbe7a3ec6ebb6ab3
train/Dent/213_18_JPG_jpg.rf.IoarL4Hirf2iWHQ0hhJr.jpg,Dent,2,P213,P213,train,18,3,train,train,train,test,train,f47edad35efdb6da80d5d01a0457e440
train/Dent/213_24_JPG_jpg.rf.pAa3P98eYwhi6HsPLLon.jpg,Dent,2,P213,P213,train,24,3,train,train,train,test,train,c7934e70be7475557d0f356964963052
train/Dent/213_5_JPG_jpg.rf.pA0COR5QDn6RC5qlC9sZ.jpg,Dent,2,P213,P213,train,5,3,train,train,train,test,train,28a82e046ff1f570e53afc9c0506ea57
train/Dent/2_0_JPG - Copy (2) - Copy_jpg.rf.BwcZWSFq2MrcEv7ROizZ.jpg,Dent,2,P2,P2,train,0,4,train,train,train,train,test,dbb7cf327beb88791d078da6f754782f
train/Dent/2_13_JPG - Copy (2) - Copy_jpg.rf.ypQTf98VxtGqrIrwWeNO.jpg,Dent,2,P2,P2,train,13,4,train,train,train,train,test,ae752692590eb82a9183a5dee40eda78
train/Dent/2_15_JPG - Copy_jpg.rf.S79AUgKEkcV6m3xdGnHL.jpg,Dent,2,P2,P2,train,15,4,train,train,train,train,test,2e8268451d416738750468d83a19304f
train/Dent/2_18_JPG - Copy_jpg.rf.JHspZpcAucKWTmqfrP3D.jpg,Dent,2,P2,P2,train,18,4,train,train,train,train,test,d4392b4fb86fa0c7daed8d756b37d9d2
train/Dent/2_19_JPG - Copy - Copy - Copy - Copy_jpg.rf.ALeslXWAZGYgBmrlwUvo.jpg,Dent,2,P2,P2,train,19,4,train,train,train,train,test,7dd42001cf70d6c75ad1ac89eacb2db5
train/Dent/2_1_JPG - Copy (2) - Copy_jpg.rf.h7EE4iZIQxd69h5kMykB.jpg,Dent,2,P2,P2,train,1,4,train,train,train,train,test,582edec6a8d7b039049afe856d3413a9
train/Dent/2_20_JPG - Copy_jpg.rf.cyxTz0QvSNkLMZh1RIHZ.jpg,Dent,2,P2,P2,train,20,4,train,train,train,train,test,33c525f2a27659c5c61c73b8cca13546
train/Dent/2_21_JPG - Copy_jpg.rf.dAjDL4IUTjYCCIBikEaA.jpg,Dent,2,P2,P2,train,21,4,train,train,train,train,test,f26f6298c169ca182b8ab60c1fbc3700
train/Dent/2_23_JPG - Copy_jpg.rf.0RgEICr9bEPEM41yq2ni.jpg,Dent,2,P2,P2,train,23,4,train,train,train,train,test,6764ffe3a2268b23dc6618beb0ef80c0
train/Dent/2_25_JPG - Copy_jpg.rf.KkbHkFByw4nO1HZs7SIo.jpg,Dent,2,P2,P2,train,25,4,train,train,train,train,test,ad451ae21e4778e366316c8d5d33b614
train/Dent/2_3_JPG - Copy (2) - Copy_jpg.rf.Z98d2bO3szHSxMoazV1J.jpg,Dent,2,P2,P2,train,3,4,train,train,train,train,test,fc43dfa0e4cd658c78c2928000e62f89
train/Dent/2_5_JPG - Copy (2) - Copy_jpg.rf.QYTNBPm4Lat0vdae04BM.jpg,Dent,2,P2,P2,train,5,4,train,train,train,train,test,44485b5091fd95d8f32144f581be68be
train/Dent/2_6_JPG - Copy (2) - Copy - Copy - Copy - Copy_jpg.rf.or4bMifmEhEjL74Dz87F.jpg,Dent,2,P2,P2,train,6,4,train,train,train,train,test,d255c9a6da3704121516df1020345df4
train/Dent/31_14_JPG_jpg.rf.VSSvADoT9o2r5shIUljE.jpg,Dent,2,P31,P31,train,14,0,test,train,train,train,train,9db48340168b6a232fa674a7538ac9b3
train/Dent/32_0_JPG_jpg.rf.05faGAQJUuWV1fD63K5H.jpg,Dent,2,P32,P32,train,0,3,train,train,train,test,train,c6c2766485e2031929c7241404bcefd6
train/Dent/32_10_JPG_jpg.rf.RC8WtVoW84OQWqIuzh8s.jpg,Dent,2,P32,P32,train,10,3,train,train,train,test,train,dab9a1697dfaf5cca2544e2893735395
train/Dent/32_12_JPG_jpg.rf.ClnZdf4ILMG3XENTbfUA.jpg,Dent,2,P32,P32,train,12,3,train,train,train,test,train,782fa352f9dd5c7ce095c9bf00f439e2
train/Dent/32_14_JPG_jpg.rf.QrVmPyIopryxmDBQKo40.jpg,Dent,2,P32,P32,train,14,3,train,train,train,test,train,04daad21694af7020349614f49fcd87b
train/Dent/32_15_JPG_jpg.rf.8hH3TLw9W72F6y8SjhIU.jpg,Dent,2,P32,P32,train,15,3,train,train,train,test,train,adbc0a3d7254dc384db47650dd0d0c84
train/Dent/32_16_JPG_jpg.rf.kYx2G0v77nOeMzF7IXZ1.jpg,Dent,2,P32,P32,train,16,3,train,train,train,test,train,0164dfe4fe9dd7df79cefec4b4e641f6
train/Dent/32_17_JPG_jpg.rf.qfAnCRNlLxKd3cTQsYvT.jpg,Dent,2,P32,P32,train,17,3,train,train,train,test,train,edbc7ad0d6b87edccdb1d226cb53b9d7
train/Dent/32_18_JPG_jpg.rf.1ilEWUtiUdnNV06JsMBE.jpg,Dent,2,P32,P32,train,18,3,train,train,train,test,train,b15ff7eea015ed106026c68b02117860
train/Dent/32_1_JPG_jpg.rf.kp4pv17clsUSEd6oJTYh.jpg,Dent,2,P32,P32,train,1,3,train,train,train,test,train,0698d670deacdd225c6e2740cc0f6f7f
train/Dent/32_20_JPG_jpg.rf.WJGGJBn2FvkVzFafeBUu.jpg,Dent,2,P32,P32,train,20,3,train,train,train,test,train,63dfe3075c40a117e6855ed6dac2aa10
train/Dent/32_21_JPG_jpg.rf.GVz3S7eO7StDxZiLAZGw.jpg,Dent,2,P32,P32,train,21,3,train,train,train,test,train,12fe8a438457742aa0806919e50c04dd
train/Dent/32_22_JPG_jpg.rf.ragsVFA4bOtDGigo5YE9.jpg,Dent,2,P32,P32,train,22,3,train,train,train,test,train,ac27e48ef12f2e51551e2ce7e763be9a
train/Dent/32_2_JPG_jpg.rf.qOQzlPe3JothNNUZEM3q.jpg,Dent,2,P32,P32,train,2,3,train,train,train,test,train,093a79a80c76c802c1f0f052ed20b17a
train/Dent/32_4_JPG_jpg.rf.I3KAHj9IvXIdAxhUXVkB.jpg,Dent,2,P32,P32,train,4,3,train,train,train,test,train,19884bec362f88de631be66a015304c9
train/Dent/32_5_JPG_jpg.rf.Ridmc00dRIfP5FnuKMGF.jpg,Dent,2,P32,P32,train,5,3,train,train,train,test,train,4d24f327b98bd8d5d6241a0dc6931b37
train/Dent/32_6_JPG_jpg.rf.qNDabcajIZ78crqZwerL.jpg,Dent,2,P32,P32,train,6,3,train,train,train,test,train,2d5346bc24ed5d6978f0a804e5a512bb
train/Dent/32_7_JPG_jpg.rf.j3xW6Oc34k5Vml4ttZex.jpg,Dent,2,P32,P32,train,7,3,train,train,train,test,train,8fb473e2b91380b1c65d6cab000c0557
train/Dent/32_9_JPG_jpg.rf.gyIjKrZDm98SFwpylqvN.jpg,Dent,2,P32,P32,train,9,3,train,train,train,test,train,d60817cd34a5ba7e01f72df34c904f0f
train/Dent/36_10_JPG_jpg.rf.j1YtbGUshDW36shf2nXv.jpg,Dent,2,P36,P36,train,10,1,train,test,val,train,train,f69c37b341797119b09eb89ed134730f
train/Dent/36_11_JPG_jpg.rf.RMRAqShRQUDJAmMm2ixX.jpg,Dent,2,P36,P36,train,11,1,train,test,val,train,train,20db88d2ecc8096cc74a73c6512b0795
train/Dent/36_14_JPG_jpg.rf.LiArmqMKSTMDieCIOTeS.jpg,Dent,2,P36,P36,train,14,1,train,test,val,train,train,e76cbf8a0800ea3a17fb44ec4ce547fd
train/Dent/36_16_JPG_jpg.rf.qMpZtxkR51krdKqkDaYD.jpg,Dent,2,P36,P36,train,16,1,train,test,val,train,train,6e626e51697bbf9fcd898b2ac8d80fc1
train/Dent/36_18_JPG_jpg.rf.ONYRjcB7M707ClRme2kx.jpg,Dent,2,P36,P36,train,18,1,train,test,val,train,train,a292835da6a63313286772519ecd5d34
train/Dent/36_1_JPG_jpg.rf.aVGZZFLgD8kjbr6rCNu3.jpg,Dent,2,P36,P36,train,1,1,train,test,val,train,train,258e8b5050f8b36e97233a4f7440a0ad
train/Dent/36_20_JPG_jpg.rf.WJawLCbhzGubVoq0c6jI.jpg,Dent,2,P36,P36,train,20,1,train,test,val,train,train,f2b3ef470f171b40a2a212646cbbab64
train/Dent/36_21_JPG_jpg.rf.ictJzlhyD1NYB0gMBA9e.jpg,Dent,2,P36,P36,train,21,1,train,test,val,train,train,555a4acdf07d8ceb82eb6ece671e216e
train/Dent/36_22_JPG_jpg.rf.QeFTmj3maKrUUCDjWowI.jpg,Dent,2,P36,P36,train,22,1,train,test,val,train,train,2be6fb154c315190daa1d6f67784bf4e
train/Dent/36_25_JPG_jpg.rf.trR5x4c5fUnsEDGjyA32.jpg,Dent,2,P36,P36,train,25,1,train,test,val,train,train,510628ca2689f53c1274acb77b34b594
train/Dent/36_2_JPG_jpg.rf.xHOM61dw543Ph1Z4LKWI.jpg,Dent,2,P36,P36,train,2,1,train,test,val,train,train,861b9dff4280f310427898b417727426
train/Dent/36_3_JPG_jpg.rf.ZXBQyrUoeuH8c37uCqjv.jpg,Dent,2,P36,P36,train,3,1,train,test,val,train,train,b0c32e25f9112241b9e09ed52d23257b
train/Dent/36_4_JPG_jpg.rf.qKPXCewZCfgnhV236joa.jpg,Dent,2,P36,P36,train,4,1,train,test,val,train,train,71aee3b0f24421eb59f5e14d754fd5b9
train/Dent/36_5_JPG_jpg.rf.xbgpbr6s7sE8jjNdHvrv.jpg,Dent,2,P36,P36,train,5,1,train,test,val,train,train,76743093549508fc7bfe0d2050fc23db
train/Dent/36_6_JPG_jpg.rf.N46lhV7n0R4Eul4QqI3B.jpg,Dent,2,P36,P36,train,6,1,train,test,val,train,train,d5519ddc98a66460b256795a3e9ba57c
train/Dent/36_8_JPG_jpg.rf.sfJZ1tsmNNSeI1n2UL9U.jpg,Dent,2,P36,P36,train,8,1,train,test,val,train,train,d5066df1d2fd8ebd1e9d505434dbcf85
train/Dent/36_9_JPG_jpg.rf.lA09O1jGRopSQcilRFyb.jpg,Dent,2,P36,P36,train,9,1,train,test,val,train,train,e2483e7d59b9be6fd95fcad3d51ab797
train/Dent/46_0_JPG_jpg.rf.rqhBZmDUK9p56ZObiXMQ.jpg,Dent,2,P46,P46,train,0,1,train,test,train,train,train,a90a7f3dd1983bc654292e8dd1adae09
train/Dent/46_11_JPG_jpg.rf.o9XbuNCrwPGHky0wIAM8.jpg,Dent,2,P46,P46,train,11,1,train,test,train,train,train,e645b4c7cf293e2d376fa514893e1045
train/Dent/46_15_JPG_jpg.rf.33wPfTeuPqXzSqswnpJ8.jpg,Dent,2,P46,P46,train,15,1,train,test,train,train,train,cd69f28af8926ade7d08bd438165aa04
train/Dent/46_16_JPG_jpg.rf.OHHf1o2oZgB9qiYTv0p0.jpg,Dent,2,P46,P46,train,16,1,train,test,train,train,train,8db532a27a8dbd02e84f3765aedd2211
train/Dent/46_1_JPG_jpg.rf.uDHhXznRVakVx5XrLS9R.jpg,Dent,2,P46,P46,train,1,1,train,test,train,train,train,43a5b4a1b665f85fae57bbdb60549dd7
train/Dent/46_21_JPG_jpg.rf.EKLX4M0ryxEWFQh4rLOd.jpg,Dent,2,P46,P46,train,21,1,train,test,train,train,train,fb42a0ed41fbb6b217c82934ab4af459
train/Dent/46_22_JPG_jpg.rf.wTHUu1I9cayRGFtnNO4O.jpg,Dent,2,P46,P46,train,22,1,train,test,train,train,train,51db37a80fab97b69bbabd7c23355eaf
train/Dent/46_2_JPG_jpg.rf.1kJEsCSQRP4Qna4rjRdS.jpg,Dent,2,P46,P46,train,2,1,train,test,train,train,train,2e1539a30a8fb98f2a03fc3e89fb5e33
train/Dent/46_3_JPG_jpg.rf.CC8mJRRtC1Lr12cZxja6.jpg,Dent,2,P46,P46,train,3,1,train,test,train,train,train,456b1e4b5d25a4407af41b619fff1f15
train/Dent/46_4_JPG_jpg.rf.A1lM7mhEwURbs0MX2TWS.jpg,Dent,2,P46,P46,train,4,1,train,test,train,train,train,8c58d32fb0b73fb5963a3e13690706ac
train/Dent/46_5_JPG_jpg.rf.OyTM5XMh8PMupPb1tUCR.jpg,Dent,2,P46,P46,train,5,1,train,test,train,train,train,98b9f652a2bc2dda01b47cea381f35ee
train/Dent/46_7_JPG_jpg.rf.Egdxek6GOvUhpGmZv0J3.jpg,Dent,2,P46,P46,train,7,1,train,test,train,train,train,ac2a58bf5cf5ff47e5f7a890b3262423
train/Dent/75_0_JPG_jpg.rf.mmvQDDJE0xwJYYAFQkCc.jpg,Dent,2,P75,P75,train,0,4,train,train,train,train,test,3a6d1c42a978aca1d4d9248d5629d00d
train/Dent/75_13_JPG_jpg.rf.CADqSUVoVlMf0oweKVOD.jpg,Dent,2,P75,P75,train,13,4,train,train,train,train,test,f0c044bf53b9753ee256bc8f7d69c62f
train/Dent/75_16_JPG_jpg.rf.gBFEGLY2auob0IINPOam.jpg,Dent,2,P75,P75,train,16,4,train,train,train,train,test,b58b711f7658915abddbaff0d28b47d7
train/Dent/75_17_JPG_jpg.rf.6u6vY8TAhNntWO8CutCP.jpg,Dent,2,P75,P75,train,17,4,train,train,train,train,test,a3a58ef8f2176dc381f15d94f9c74743
train/Dent/75_18_JPG_jpg.rf.Pp2DluEsIFXkIdei9Tnu.jpg,Dent,2,P75,P75,train,18,4,train,train,train,train,test,885317f879288614bb7eb1dd3d7469e0
train/Dent/75_19_JPG_jpg.rf.azI38IJVBTkvzuQGjKu2.jpg,Dent,2,P75,P75,train,19,4,train,train,train,train,test,1b0ff8356fd46839e09736b24c76ce5f
train/Dent/75_1_JPG_jpg.rf.NpvLvy28awF36EvLIkPq.jpg,Dent,2,P75,P75,train,1,4,train,train,train,train,test,e05c48d1fa9c3585ea71827e0b2a57a2
train/Dent/75_20_JPG_jpg.rf.gdeuvkUyml701qJ9mZcG.jpg,Dent,2,P75,P75,train,20,4,train,train,train,train,test,9cf655082d677e12e4ecb2280c3d9580
train/Dent/75_22_JPG_jpg.rf.lO5KASI10e7w5XZILEvu.jpg,Dent,2,P75,P75,train,22,4,train,train,train,train,test,f0b8ca61bd73f51d63fb3286df2a0be7
train/Dent/75_23_JPG_jpg.rf.1FbJT8NLSqRykPFFeyxg.jpg,Dent,2,P75,P75,train,23,4,train,train,train,train,test,dfc43af31c28674eb44e41da51696a9e
train/Dent/75_3_JPG_jpg.rf.yRcdJOPFxKOVPbYDYswU.jpg,Dent,2,P75,P75,train,3,4,train,train,train,train,test,5ab6e996c64f39b70965673c67e021de
train/Dent/75_4_JPG_jpg.rf.3FJCN44lcD5zd5M1fWiV.jpg,Dent,2,P75,P75,train,4,4,train,train,train,train,test,374f550e1a05f8f1065a93a5195b6890
train/Dent/75_5_JPG_jpg.rf.iECNXzruOW272ZzZof9D.jpg,Dent,2,P75,P75,train,5,4,train,train,train,train,test,6da64618f756476679489b55dcc8e1cc
train/Dent/75_6_JPG_jpg.rf.54nLke0jX4dLQCR3m7GU.jpg,Dent,2,P75,P75,train,6,4,train,train,train,train,test,8f231d426926e6e77cbcffa4b1722b83
train/Dent/75_7_JPG_jpg.rf.N78T0nyl99ewF1h0k0IM.jpg,Dent,2,P75,P75,train,7,4,train,train,train,train,test,401821800af9d8de7d9bf21732f29c85
train/Dent/82_0_JPG_jpg.rf.uIwibYT7yUAW3ArTBfBP.jpg,Dent,2,P82,P82,train,0,1,train,test,val,train,train,937496937c7403b874ab2b9ed50076f7
train/Dent/82_10_JPG_jpg.rf.qDZNHZnt7BniKiiQKrJS.jpg,Dent,2,P82,P82,train,10,1,train,test,val,train,train,13f3915c605c77847b9f2dd3626f2e34
train/Dent/82_11_JPG_jpg.rf.8vyhHJw1gxJXvjg5DCnE.jpg,Dent,2,P82,P82,train,11,1,train,test,val,train,train,cc0a425c88996f693bf4d493aa9e1e1e
train/Dent/82_13_JPG_jpg.rf.I8uCxzPLnVkSbW2tWqF8.jpg,Dent,2,P82,P82,train,13,1,train,test,val,train,train,2eea857df8b47611c84380299ba33a38
train/Dent/82_17_JPG_jpg.rf.I5bmV1yrdUtsSTGHTzSj.jpg,Dent,2,P82,P82,train,17,1,train,test,val,train,train,62417ced31401b7b8ad6587b44444338
train/Dent/82_19_JPG_jpg.rf.0ICcqdhMCF64kSpe8sWo.jpg,Dent,2,P82,P82,train,19,1,train,test,val,train,train,0f0254e4d7c430fea92bf5eacad6d41f
train/Dent/82_22_JPG_jpg.rf.9dumnsqHb8mMEmbTVKeE.jpg,Dent,2,P82,P82,train,22,1,train,test,val,train,train,6cc5b7906a7c0a15cae207f7ba46a3ca
train/Dent/82_24_JPG_jpg.rf.tXBHzbfZuXjHo06pcD8L.jpg,Dent,2,P82,P82,train,24,1,train,test,val,train,train,5f044fe36e887a92f5a01e48aa2904f2
train/Dent/82_2_JPG_jpg.rf.3LFmtfQdiaAY8roGgGId.jpg,Dent,2,P82,P82,train,2,1,train,test,val,train,train,43f7c3ec99217350d8a89d5ce0534ffe
train/Dent/82_3_JPG_jpg.rf.VIgMsW6XYOyQvCdecsNS.jpg,Dent,2,P82,P82,train,3,1,train,test,val,train,train,88de23fb546b461b99cc382d47544283
train/Dent/82_4_JPG_jpg.rf.M5KEGJ2vKixcEHkaOIqF.jpg,Dent,2,P82,P82,train,4,1,train,test,val,train,train,9e92206deaac744125cb7e94ef1f6513
train/Dent/82_6_JPG_jpg.rf.SYWsAkywc4zuE9f9wNX0.jpg,Dent,2,P82,P82,train,6,1,train,test,val,train,train,fcf510f7321697489f62eb831637a0d3
train/Dent/82_7_JPG_jpg.rf.VrXczKtkD1v4BxZAtDbI.jpg,Dent,2,P82,P82,train,7,1,train,test,val,train,train,ff48389289c14f80d867ba3a9b5b4aae
train/Dent/82_8_JPG_jpg.rf.yXhqV0avT7OIBfduOVdK.jpg,Dent,2,P82,P82,train,8,1,train,test,val,train,train,c6e89de4a76c73d151713ffb855282b2
train/Dent/83_0_JPG_jpg.rf.PUD1UwjNBOR9wuV3uYxP.jpg,Dent,2,P83,P83,train,0,3,val,train,train,test,train,847e976c00682fd46d343a0066b6f157
train/Dent/83_13_JPG_jpg.rf.gc6wnXMmEpZ4UPRiDVme.jpg,Dent,2,P83,P83,train,13,3,val,train,train,test,train,0f2011e60cc579e90591fe9b6ab40f64
train/Dent/83_14_JPG_jpg.rf.craGjysbLmViwACtOYVH.jpg,Dent,2,P83,P83,train,14,3,val,train,train,test,train,68dcdfc0ff5fa778eeb456fc5e80d1bb
train/Dent/83_16_JPG_jpg.rf.1ioT62pdMjVESxnXQ6IX.jpg,Dent,2,P83,P83,train,16,3,val,train,train,test,train,bfa195657cf8a1eea7c59da6774d7bfd
train/Dent/83_17_JPG_jpg.rf.g8aZnfzeeoy33XzzbAWr.jpg,Dent,2,P83,P83,train,17,3,val,train,train,test,train,8ef06d3957e25f6c93819016bb819e64
train/Dent/83_18_JPG_jpg.rf.iMpEtVuDwBVekZrdUM5f.jpg,Dent,2,P83,P83,train,18,3,val,train,train,test,train,67afa60b5533f78ce95d888d84a851b7
train/Dent/83_20_JPG_jpg.rf.wXv38yZA2ij0lEFfScCl.jpg,Dent,2,P83,P83,train,20,3,val,train,train,test,train,8fafc7aa0a9c1484ccc3ed361b9126c2
train/Dent/83_21_JPG_jpg.rf.eQMpjYsCPViZdVLQMyhH.jpg,Dent,2,P83,P83,train,21,3,val,train,train,test,train,2901535356e0c749476cb2120642858e
train/Dent/83_22_JPG_jpg.rf.hbO3WuKhtfg6dpzUqQIN.jpg,Dent,2,P83,P83,train,22,3,val,train,train,test,train,6b122f34fb014c5e878fb385e35b5419
train/Dent/83_24_JPG_jpg.rf.jvcx3wYHrunoJfqrvmBe.jpg,Dent,2,P83,P83,train,24,3,val,train,train,test,train,0c346582d8d6357ea3dd3f0e4e630488
train/Dent/83_25_JPG_jpg.rf.M5tzv4hFZnrMe4brcIKQ.jpg,Dent,2,P83,P83,train,25,3,val,train,train,test,train,3fc95e24c779ebebeaa70d2cc381f3f2
train/Dent/83_5_JPG_jpg.rf.qnNVqy4PcmPsZJyJK4IU.jpg,Dent,2,P83,P83,train,5,3,val,train,train,test,train,3768fe652015ca6eb187ab41aa9a7952
train/Dent/83_6_JPG_jpg.rf.QeKj8qxHC2lu75eTvtom.jpg,Dent,2,P83,P83,train,6,3,val,train,train,test,train,c43ba128eef615c0a90f526d6ce6f05d
train/Dent/83_7_JPG_jpg.rf.lktX8SWk9FhGCFqOEPJ5.jpg,Dent,2,P83,P83,train,7,3,val,train,train,test,train,132bf08fff22e9da1a20a1de7b869086
train/Dent/83_8_JPG_jpg.rf.eEzwU3nySQDKhyvB44Cy.jpg,Dent,2,P83,P83,train,8,3,val,train,train,test,train,4b93922c2376e64d6eb103110bbdce2f
train/Dent/84_0_JPG_jpg.rf.zAHdJCCEt9VPsJ3nPVEv.jpg,Dent,2,P84,P84,train,0,0,test,train,train,train,train,a3843c7f936d337a295575dc53859344
train/Dent/84_10_JPG_jpg.rf.TqOYhb122i1uTZVZYGGY.jpg,Dent,2,P84,P84,train,10,0,test,train,train,train,train,18a07533fb0a6c7359f0a475ff719d63
train/Dent/84_12_JPG_jpg.rf.YLFBqOxuEWEIWXbxFsbQ.jpg,Dent,2,P84,P84,train,12,0,test,train,train,train,train,8829ec5ef6a74f66191daa0ae13c929f
train/Dent/84_13_JPG_jpg.rf.Rh6Cs5XqMSnBO5BUwiT1.jpg,Dent,2,P84,P84,train,13,0,test,train,train,train,train,b55daec193f923558d838fce8f7b2ee7
train/Dent/84_14_JPG_jpg.rf.TTxHTx3MT9xNzJv6xX4M.jpg,Dent,2,P84,P84,train,14,0,test,train,train,train,train,c713095f82d8b0c4a1f5d298ffd99b3b
train/Dent/84_15_JPG_jpg.rf.RIOuEXy91rYZtsP696Lj.jpg,Dent,2,P84,P84,train,15,0,test,train,train,train,train,70e34b97aec1f9ab8db49a5ddf0987c0
train/Dent/84_16_JPG_jpg.rf.JMS7auBoP15ttzU6auH1.jpg,Dent,2,P84,P84,train,16,0,test,train,train,train,train,c4078d401a1994267141eff37604f728
train/Dent/84_17_JPG_jpg.rf.xWyFeVCYYkHUSobXN7W1.jpg,Dent,2,P84,P84,train,17,0,test,train,train,train,train,cd732b24876ed551b735a8bfad3e15f1
train/Dent/84_18_JPG_jpg.rf.G9Ud9Fo95AbMu8T9wRfi.jpg,Dent,2,P84,P84,train,18,0,test,train,train,train,train,953e7732b90090d8c2ca1dd7a77b1006
train/Dent/84_19_JPG_jpg.rf.DA9O9Wz8byLMeICuQbKd.jpg,Dent,2,P84,P84,train,19,0,test,train,train,train,train,31dfabdf5882aaef159ec6bba1057d20
train/Dent/84_1_JPG_jpg.rf.G1wE6i1ggwNRDrsDHMoC.jpg,Dent,2,P84,P84,train,1,0,test,train,train,train,train,591e6336aad80c16fdfac1cc4be26d6e
train/Dent/84_21_JPG_jpg.rf.ooBloyXyxihF5hNg2CDy.jpg,Dent,2,P84,P84,train,21,0,test,train,train,train,train,11615ce4d686d5140bf8d14a30217a10
train/Dent/84_22_JPG_jpg.rf.wEsobhrXDC8C4jKF1tYZ.jpg,Dent,2,P84,P84,train,22,0,test,train,train,train,train,a1658f700448e9f80c69dc3758fe86bd
train/Dent/84_23_JPG_jpg.rf.k1tRFGFQuAblOBCdycY8.jpg,Dent,2,P84,P84,train,23,0,test,train,train,train,train,d070f905a0d178995e14ab70b5bc7516
train/Dent/84_24_JPG_jpg.rf.3fPSNE2vdcPReu1M6urY.jpg,Dent,2,P84,P84,train,24,0,test,train,train,train,train,38e15e23f07ee0f4e593487fd8a8cf60
train/Dent/84_2_JPG_jpg.rf.PQHqSJ2aGCUu0hPwtL3E.jpg,Dent,2,P84,P84,train,2,0,test,train,train,train,train,9ea12435bdcef882803b58c79722999d
train/Dent/84_3_JPG_jpg.rf.y1jaJiCSgaZwtXDWsVPV.jpg,Dent,2,P84,P84,train,3,0,test,train,train,train,train,2c30dc701c198e9328a3bb7c33c29ebb
train/Dent/84_4_JPG_jpg.rf.DuUSJCTM1LVLjHUwFeiy.jpg,Dent,2,P84,P84,train,4,0,test,train,train,train,train,ef1001606cffa208ba6d7da37d3dd9e5
train/Dent/84_5_JPG_jpg.rf.LSWt9frU74OM2tSgdDc3.jpg,Dent,2,P84,P84,train,5,0,test,train,train,train,train,655109038996752f6b70239dd3e8014e
train/Dent/84_7_JPG_jpg.rf.XhMk6MyQA9Xq5l6jmaNz.jpg,Dent,2,P84,P84,train,7,0,test,train,train,train,train,1800e3348d2d03fa9c46b1b333158962
train/Dent/84_9_JPG_jpg.rf.5i5qwuK7pNbErschi507.jpg,Dent,2,P84,P84,train,9,0,test,train,train,train,train,cf8d4380ff5d3e8ac8e96f4b11c6c439
train/Dent/85_0_JPG_jpg.rf.iXnYiPKxPVQFjrYbhFZP.jpg,Dent,2,P85,P85,train,0,4,train,train,train,train,test,7b99e635dabd1349276c2034b67b886d
train/Dent/85_10_JPG_jpg.rf.docN3fQaY8AUhfS6i5u2.jpg,Dent,2,P85,P85,train,10,4,train,train,train,train,test,69773f7627f4a574d0370991465ae8bf
train/Dent/85_11_JPG_jpg.rf.3XZRFHWxhMSZ7IuJUMjW.jpg,Dent,2,P85,P85,train,11,4,train,train,train,train,test,f339d9bab0106e2a30f8e08cca2b9e1f
train/Dent/85_12_JPG_jpg.rf.Fw1q00NVYOB305IpJM7O.jpg,Dent,2,P85,P85,train,12,4,train,train,train,train,test,2787ce079eeacfa1962768822b83a403
train/Dent/85_13_JPG_jpg.rf.b4Qmikz3OmNEPnuPC6C1.jpg,Dent,2,P85,P85,train,13,4,train,train,train,train,test,31ecdd8c4153e3ff8061c9fc61c6822c
train/Dent/85_14_JPG_jpg.rf.HeoKBJGMr13xxvJECj7C.jpg,Dent,2,P85,P85,train,14,4,train,train,train,train,test,762896ba5050d725ae51c5a4efc5b69b
train/Dent/85_15_JPG_jpg.rf.nEKkDcFYFJY962tc3j1a.jpg,Dent,2,P85,P85,train,15,4,train,train,train,train,test,6c7c760ea5da9ef2b0f71b29406ba4c5
train/Dent/85_16_JPG_jpg.rf.uus960zIKqcHt9tjbYm8.jpg,Dent,2,P85,P85,train,16,4,train,train,train,train,test,5caf445bfe68f53c81d752d41b62bea2
train/Dent/85_19_JPG_jpg.rf.ZHlX0CZK0OLY0RM5BmTK.jpg,Dent,2,P85,P85,train,19,4,train,train,train,train,test,502a4b4a0a95b74597f904cc4c8b5696
train/Dent/85_1_JPG_jpg.rf.UwEHn92nj2qZeKPgU8GZ.jpg,Dent,2,P85,P85,train,1,4,train,train,train,train,test,f81cbe3e6332c8aa271bd4d731996036
train/Dent/85_20_JPG_jpg.rf.gOHhLqD7mbkZOYpE6sKB.jpg,Dent,2,P85,P85,train,20,4,train,train,train,train,test,8a76a1d9db756fd5b326744a90c1c764
train/Dent/85_21_JPG_jpg.rf.39eDC8PU8K9WXggMVRRt.jpg,Dent,2,P85,P85,train,21,4,train,train,train,train,test,40c2886d2a9f87ce4040166d4eee555a
train/Dent/85_22_JPG_jpg.rf.1MpGbPZ3khgC3JcoBk9i.jpg,Dent,2,P85,P85,train,22,4,train,train,train,train,test,e96492043cfe0811540fe28cfb1150c0
train/Dent/85_23_JPG_jpg.rf.M2wsmjUiVUmg1xbdPEWF.jpg,Dent,2,P85,P85,train,23,4,train,train,train,train,test,6205938868af61e9accdd65f8f5399c8
train/Dent/85_24_JPG_jpg.rf.GC4E4FZugzsTnD4kZ0J3.jpg,Dent,2,P85,P85,train,24,4,train,train,train,train,test,d617dd2ea290cd7187702f4cd6cfd5a6
train/Dent/85_25_JPG_jpg.rf.4WZJ7tDhkJd4U9LhgWkc.jpg,Dent,2,P85,P85,train,25,4,train,train,train,train,test,96e4d418e2d67ce1317dd7255bd602af
train/Dent/85_2_JPG_jpg.rf.BFpeH36GKPuRsTgy3dUs.jpg,Dent,2,P85,P85,train,2,4,train,train,train,train,test,d0b388fd5892fe9dabaa3943be6a2e8a
train/Dent/85_3_JPG_jpg.rf.JkpLYDCmEoQ3iPonsE7U.jpg,Dent,2,P85,P85,train,3,4,train,train,train,train,test,174ebfb820e414e5c57456c77e644286
train/Dent/85_4_JPG_jpg.rf.bE7S1Yd8j3RZe8pGtzQv.jpg,Dent,2,P85,P85,train,4,4,train,train,train,train,test,89f38b3515c37b7ce2f24bdb0ad882e4
train/Dent/85_5_JPG_jpg.rf.NaCBe94qRRAQRVUdFls7.jpg,Dent,2,P85,P85,train,5,4,train,train,train,train,test,81482f9cc51de9f1ba3d0153c9adea5b
train/Dent/85_6_JPG_jpg.rf.TVYfiS2vmNqWIH08EIp3.jpg,Dent,2,P85,P85,train,6,4,train,train,train,train,test,70c1ec1c97f9d5c84ab1683e07522679
train/Dent/85_7_JPG_jpg.rf.6t8cVLz4c7Kmm4Bic9cW.jpg,Dent,2,P85,P85,train,7,4,train,train,train,train,test,4a6980610991562e2b037dce68917cc0
train/Dent/85_8_JPG_jpg.rf.zFbE0b3h3XJYdRbTu1lL.jpg,Dent,2,P85,P85,train,8,4,train,train,train,train,test,4cd7f6affab79bb857c788d0c358ac49
train/Dent/85_9_JPG_jpg.rf.RgOnrPiPTnqkWzmO4xur.jpg,Dent,2,P85,P85,train,9,4,train,train,train,train,test,c7aa163b34a78d20264e4e67b9cdc6bd
train/Dent/86_1_JPG_jpg.rf.KcqkabbLTCtfkw38NuFE.jpg,Dent,2,P86,P86,train,1,4,train,train,train,train,test,c8e72dbb4474d0192110549a6176056e
train/Dent/bump-on-car-with-silver-paint-royalty-free-image-851868276-1557340955_jpg.rf.Q9hdViExJlfmjKz0QjHK.jpg,Dent,2,P75,S_bump-on-car-with-silver-paint-royalty-free-image-851868276-1557340955_jpg,train,-1,4,train,train,train,train,test,8c16c6a0e6fe688e3cd65bfc03871b5d
train/Dent/cd_2608_1_jpg.rf.VcoUViy8YJ6zfbHBgDhb.jpg,Dent,2,S_cd_2608_1_jpg,S_cd_2608_1_jpg,train,-1,0,test,train,train,train,val,262fb363198b4040281845e8150c13a7
train/Dent/cd_2608_24_jpg.rf.HsnsKVGZ7ussqC6ccfub.jpg,Dent,2,S_cd_2608_24_jpg,S_cd_2608_24_jpg,train,-1,0,test,val,train,train,train,9b341f2c74e61dbc51646bce7d1d7924
train/Dent/cd_2608_27_jpg.rf.cBCCGDa9JsQbXaBrxLAk.jpg,Dent,2,S_cd_2608_27_jpg,S_cd_2608_27_jpg,train,-1,4,train,train,train,train,test,ffc79bbf423cb7f1cc0b928d0efb173d
train/Dent/dent-main_jpg.rf.IETx0mLHLnx34FmWnICC.jpg,Dent,2,S_dent-main_jpg,S_dent-main_jpg,train,-1,4,train,val,train,train,test,49c923548e1d6ce873efae8683408d4b
train/Dent/IMG_20230511_100352_jpg.rf.JipSNi2ZYXhsZmEmm6Ji.jpg,Dent,2,S_IMG_20230511_100352_jpg,S_IMG_20230511_100352_jpg,train,-1,3,train,train,train,test,train,83cabe414f7cf78d596822cb1e4852b5
train/Dent/IMG_20230511_101245_jpg.rf.2j9BUNgxzxl282btX0Eo.jpg,Dent,2,S_IMG_20230511_101245_jpg,S_IMG_20230511_101245_jpg,train,-1,3,train,train,train,test,train,7d330bf2b89333ed94d368d41a790c21
train/Dent/IMG_20230511_102729_jpg.rf.0emjtIUiRW45Bs0xT5nO.jpg,Dent,2,S_IMG_20230511_102729_jpg,S_IMG_20230511_102729_jpg,train,-1,2,train,train,test,train,train,303b153d5e287d9e8cba1914f14a1628
train/Dent/IMG_20230511_102838_jpg.rf.wuCx1cke9ZsVu4UjJeXY.jpg,Dent,2,S_IMG_20230511_102838_jpg,S_IMG_20230511_102838_jpg,train,-1,3,train,train,train,test,val,b2ca122a228227ea1a56eca3ed8bd518
train/Dent/IMG_20230511_103726_jpg.rf.Y04wy3RrvOVxGuELFGS3.jpg,Dent,2,S_IMG_20230511_103726_jpg,S_IMG_20230511_103726_jpg,train,-1,4,val,train,train,train,test,b1d6d1d6556b363bc0fa89c79562b122
train/Dent/IMG_20230511_103908_jpg.rf.U5rWT9mHVSVhyo4XThLd.jpg,Dent,2,S_IMG_20230511_103908_jpg,S_IMG_20230511_103908_jpg,train,-1,0,test,train,train,train,train,79f3ecea8a978e9f71f55dca10665d03
train/Dent/IMG_20230511_103938_jpg.rf.lbcKtzKJ1eLMIkMbJNo9.jpg,Dent,2,S_IMG_20230511_103938_jpg,S_IMG_20230511_103938_jpg,train,-1,1,train,test,train,train,train,47088f2efc1a645baba08af9e2b10d75
train/Dent/IMG_20230511_104314_jpg.rf.rA4tx8seX61TjtMuJ0vq.jpg,Dent,2,S_IMG_20230511_104314_jpg,S_IMG_20230511_104314_jpg,train,-1,0,test,train,train,train,train,714b9fcdfb6a04ae651fdc303420cda6
train/Dent/IMG_20230511_104830_jpg.rf.iudBkAPqPaJsDWwKVszL.jpg,Dent,2,S_IMG_20230511_104830_jpg,S_IMG_20230511_104830_jpg,train,-1,2,train,train,test,train,val,f54cce1aac0cdf30959d10ec262d22c3
train/Dent/IMG_20230511_105032_jpg.rf.aRREIE7pb8mP0VDhVwHR.jpg,Dent,2,S_IMG_20230511_105032_jpg,S_IMG_20230511_105032_jpg,train,-1,0,test,train,train,train,train,cedc974328962df7886ac108ab76b116
train/Dent/IMG_20230511_105112_jpg.rf.O9VJAwUaiRKLCN3wUXKl.jpg,Dent,2,S_IMG_20230511_105112_jpg,S_IMG_20230511_105112_jpg,train,-1,3,train,train,train,test,train,ecf782fa5eff719031d847f4d29eb61d
train/Dent/IMG_20230512_115931_jpg.rf.0rhD70EuJncv564Rs9JN.jpg,Dent,2,S_IMG_20230512_115931_jpg,S_IMG_20230512_115931_jpg,train,-1,4,train,train,train,val,test,8abb653cc90d78ba676af4ae361095b3
train/Dent/IMG_20230512_124014_jpg.rf.3Dq8L1CRXRhfdb8WHqE6.jpg,Dent,2,S_IMG_20230512_124014_jpg,S_IMG_20230512_124014_jpg,train,-1,0,test,train,train,train,train,a323bc617e0c3ade6eb6e6da0b97b63b
train/Dent/IMG_20230512_124025_jpg.rf.9OsxgruqAnzqZ01lMdDt.jpg,Dent,2,S_IMG_20230512_124025_jpg,S_IMG_20230512_124025_jpg,train,-1,3,train,train,train,test,train,1cd50e555d44e2710fe881ee2e716eae
train/Dent/IMG_20230512_124157_jpg.rf.60uLbxT9t4xk7Qg36CEq.jpg,Dent,2,S_IMG_20230512_124157_jpg,S_IMG_20230512_124157_jpg,train,-1,2,train,val,test,train,train,cc022c21778162c7f23f565a8b6ca439
train/Dent/IMG_20230512_125832_jpg.rf.vnrNw9nOqkuUpMlAX3r0.jpg,Dent,2,S_IMG_20230512_125832_jpg,S_IMG_20230512_125832_jpg,train,-1,3,train,train,val,test,train,045fa3493cd2b47b805e1176dd65ff65
train/Dent/IMG_20230512_125848_jpg.rf.vTnoSsMqN9h41v5BS3gj.jpg,Dent,2,S_IMG_20230512_125848_jpg,S_IMG_20230512_125848_jpg,train,-1,4,train,train,train,train,test,5de8d5b6f3c807111d6c2dd7ec4d7fb3
train/Dent/IMG_20230512_125905_jpg.rf.2CElTjX4CM74pvTZewIO.jpg,Dent,2,S_IMG_20230512_125905_jpg,S_IMG_20230512_125905_jpg,train,-1,0,test,val,train,train,train,5feaf758d477a1cf72da145a5103f128
train/Dent/IMG_20230512_125910_jpg.rf.w7YE9Uf21wZqbHLIwSNW.jpg,Dent,2,S_IMG_20230512_125910_jpg,S_IMG_20230512_125910_jpg,train,-1,3,train,train,train,test,val,64ffdf3b7dae6661185d064fb7f5ea9e
train/Dent/IMG_20230512_125918_jpg.rf.QNETJuVIlJMLRVsk3U3p.jpg,Dent,2,S_IMG_20230512_125918_jpg,S_IMG_20230512_125918_jpg,train,-1,1,train,test,train,train,train,ff0e8ef74857ff7b2cd8049acac9a0a6
train/Dent/IMG_20230512_125920_jpg.rf.oNlYASHV7DpprC6Y50m4.jpg,Dent,2,S_IMG_20230512_125920_jpg,S_IMG_20230512_125920_jpg,train,-1,4,train,train,train,val,test,9430baf4eacf0cab986b0fe30b397c42
train/Dent/IMG_20230512_125923_jpg.rf.XKYJmgKZ54HYvNacIr7x.jpg,Dent,2,S_IMG_20230512_125923_jpg,S_IMG_20230512_125923_jpg,train,-1,0,test,train,train,train,train,b036cb32da214167d49e59c1f4104239
train/Dent/IMG_20230512_125926_jpg.rf.AoVyXBiQqFvJT2RunGUu.jpg,Dent,2,S_IMG_20230512_125926_jpg,S_IMG_20230512_125926_jpg,train,-1,1,train,test,train,train,train,0a0dba66d044bb9098f5615c7a824b84
train/Dent/IMG_20230512_125955_jpg.rf.eOwPMGG23qXNY82Z5QsV.jpg,Dent,2,S_IMG_20230512_125955_jpg,S_IMG_20230512_125955_jpg,train,-1,0,test,train,train,train,train,08f677f095952c2c98821a3724a53b91
train/Dent/IMG_20230512_130155_jpg.rf.llaltXR4IyykBloMjlGU.jpg,Dent,2,S_IMG_20230512_130155_jpg,S_IMG_20230512_130155_jpg,train,-1,2,train,train,test,train,train,977942ec357668e374f896c32c2bdbb3
train/Dent/IMG_20230512_130313_jpg.rf.thqPd0gbML0NNBtPnH77.jpg,Dent,2,S_IMG_20230512_130313_jpg,S_IMG_20230512_130313_jpg,train,-1,2,train,train,test,train,train,9fac693a05c36ad2117bc6291b9d13f7
train/Dent/IMG_20230512_130408_jpg.rf.YgYaIfVZwcf1xPhcvG4p.jpg,Dent,2,S_IMG_20230512_130408_jpg,S_IMG_20230512_130408_jpg,train,-1,4,train,train,train,train,test,8c32371923661898842673780ce075b1
train/Dent/IMG_20230512_130413_jpg.rf.YZfWfbC86QQDeLVbc9Zp.jpg,Dent,2,S_IMG_20230512_130413_jpg,S_IMG_20230512_130413_jpg,train,-1,1,train,test,train,train,val,35738a2f1615db97b5c99230d23eb2ce
train/Dent/IMG_20230512_130420_jpg.rf.7F3Au1Kuxv6Ppknm7cBV.jpg,Dent,2,S_IMG_20230512_130420_jpg,S_IMG_20230512_130420_jpg,train,-1,1,train,test,val,train,train,574f30d3ccf5dd85004496cb2f675728
train/Dent/IMG_20230512_130644_jpg.rf.WpUlx5TEqssJayajC0Qa.jpg,Dent,2,S_IMG_20230512_130644_jpg,S_IMG_20230512_130644_jpg,train,-1,3,train,train,train,test,train,66c153a93c669da8d472128d0cd6d7b8
train/Dent/IMG_20230512_130736_jpg.rf.0wHzzzCMDcgtCM58urA0.jpg,Dent,2,S_IMG_20230512_130736_jpg,S_IMG_20230512_130736_jpg,train,-1,2,train,train,test,train,train,6a98db959b3ac760d58e7b05e5ef129b
train/Dent/IMG_20230512_130821_jpg.rf.Xnsex71V27GeTJpEKwci.jpg,Dent,2,S_IMG_20230512_130821_jpg,S_IMG_20230512_130821_jpg,train,-1,2,val,train,test,train,train,3d34f603163a7a964aea41c950c30500
train/Dent/IMG_20230512_130841_jpg.rf.FxcALAK0h6qtTdyYWglG.jpg,Dent,2,S_IMG_20230512_130841_jpg,S_IMG_20230512_130841_jpg,train,-1,0,test,train,train,train,val,b1cd5f4170cf6c91e11b1842cbfdd7fd
train/Dent/IMG_20230512_130920_jpg.rf.q9aHozEBjGAo9XsLO6Yg.jpg,Dent,2,S_IMG_20230512_130920_jpg,S_IMG_20230512_130920_jpg,train,-1,4,train,train,train,train,test,59a7adced0439ab50e00fb0ddb1365f1
train/Dent/IMG_20230512_130923_jpg.rf.wiFon3vwZKRBRvQkhKpM.jpg,Dent,2,S_IMG_20230512_130923_jpg,S_IMG_20230512_130923_jpg,train,-1,0,test,val,train,train,train,22ca0b57f7575a4d8c921b8a9b32edc4
train/Dent/IMG_20230512_130929_jpg.rf.4XIUiY3TW8sAkXN6OssT.jpg,Dent,2,S_IMG_20230512_130929_jpg,S_IMG_20230512_130929_jpg,train,-1,3,train,train,train,test,train,d970eafd85a983ef00eda67c82e97d6c
train/Dent/IMG_20230512_130942_jpg.rf.238bS3KpQOLT9oUzQjyA.jpg,Dent,2,S_IMG_20230512_130942_jpg,S_IMG_20230512_130942_jpg,train,-1,2,train,train,test,train,train,edcfa588e31161642a89b1c5f0fed6b6
train/Dent/IMG_20230512_131005_jpg.rf.oWBwZefOnikjGgp133DK.jpg,Dent,2,S_IMG_20230512_131005_jpg,S_IMG_20230512_131005_jpg,train,-1,0,test,train,train,train,train,66e0925934a884a089d6f355eb033014
train/Dent/IMG_20230512_131024_jpg.rf.6yXnCBRvFhnNhyPDpjnH.jpg,Dent,2,S_IMG_20230512_131024_jpg,S_IMG_20230512_131024_jpg,train,-1,0,test,train,train,train,val,ba5c17876324dc51fea2939b24f3ff45
train/Dent/IMG_20230512_131039_jpg.rf.zMQRJyecUIcWBb6fRjUW.jpg,Dent,2,S_IMG_20230512_131039_jpg,S_IMG_20230512_131039_jpg,train,-1,2,train,train,test,train,train,e8160222696f75aedb9e02f552661b2f
train/Dent/IMG_20230513_100430_jpg.rf.KUNPb1LkAoFBaunEGMEj.jpg,Dent,2,S_IMG_20230513_100430_jpg,S_IMG_20230513_100430_jpg,train,-1,0,test,val,train,train,train,034d7c49cd0e2a0f048a48084bbeba78
train/Dent/IMG_20230513_100446_jpg.rf.UPfHQOIusxxKnOReXOE5.jpg,Dent,2,S_IMG_20230513_100446_jpg,S_IMG_20230513_100446_jpg,train,-1,3,val,train,train,test,train,3afd04c0c631e6bc4419e2a219ebd6a2
train/Dent/IMG_20230513_100450_jpg.rf.cAZQNkxmw7GtycZmHqon.jpg,Dent,2,S_IMG_20230513_100450_jpg,S_IMG_20230513_100450_jpg,train,-1,4,train,train,val,train,test,091cbc7fda37c00316c0f77c0703694a
train/Dent/IMG_20230513_100452_jpg.rf.kf0VmVBvUALVP8IkWH2r.jpg,Dent,2,S_IMG_20230513_100452_jpg,S_IMG_20230513_100452_jpg,train,-1,2,train,train,test,train,train,4a1908eabacaf474992239c2f17d9d53
train/Dent/IMG_20230513_100805_jpg.rf.tz8at9dkxlAVwTEOrqik.jpg,Dent,2,S_IMG_20230513_100805_jpg,S_IMG_20230513_100805_jpg,train,-1,3,val,train,val,test,train,c03ed922d8ed69bd5c8fbb4cab2f5f98
train/Dent/IMG_20230513_100816_jpg.rf.UqWunB4Kgs6cQBfakw5w.jpg,Dent,2,S_IMG_20230513_100816_jpg,S_IMG_20230513_100816_jpg,train,-1,1,val,test,val,train,val,ff5cc09037175d827f7582be7944cb23
train/Dent/IMG_20230513_100820_jpg.rf.qeNaN1NC5PB5qskhQDAv.jpg,Dent,2,S_IMG_20230513_100820_jpg,S_IMG_20230513_100820_jpg,train,-1,4,train,train,val,train,test,1ec3aa3122bceb63385f8eb0c6b988eb
train/Dent/IMG_20230513_100825_jpg.rf.RcCPDFUUMPpsUE629Ucv.jpg,Dent,2,S_IMG_20230513_100825_jpg,S_IMG_20230513_100825_jpg,train,-1,0,test,train,train,train,train,198727e2102a6ab4d933b54abfee089e
train/Dent/IMG_20230513_101717_jpg.rf.wiJB1vdl8Pv3sAAIw7dC.jpg,Dent,2,S_IMG_20230513_101717_jpg,S_IMG_20230513_101717_jpg,train,-1,1,train,test,train,val,train,1203e59eba6b71703fd3ce75bc640696
train/Dent/IMG_20230513_101722_jpg.rf.Ymm2DbFiGJU8dzCBfTPe.jpg,Dent,2,S_IMG_20230513_101722_jpg,S_IMG_20230513_101722_jpg,train,-1,0,test,train,train,train,train,e93725d837f63444fe6a3567c7ccda93
train/Dent/IMG_20230513_101725_jpg.rf.Bmnz8xTPQSx1MZIVzoyp.jpg,Dent,2,S_IMG_20230513_101725_jpg,S_IMG_20230513_101725_jpg,train,-1,0,test,train,train,train,train,b5f59d99da81a9a956c024f2a9519c14
train/Dent/IMG_20230513_102115_jpg.rf.4rlwmnQ8uqt96miBsbqN.jpg,Dent,2,S_IMG_20230513_102115_jpg,S_IMG_20230513_102115_jpg,train,-1,2,train,train,test,train,train,58b036b2699e490c538be33da91e4d0b
train/Dent/IMG_20230513_102123_jpg.rf.eFU4wjKrtxGi9NzGtGaD.jpg,Dent,2,S_IMG_20230513_102123_jpg,S_IMG_20230513_102123_jpg,train,-1,2,train,train,test,val,train,c4205a52ca96c49084aa0534d34e3250
train/Dent/IMG_20230513_102125_jpg.rf.A5xwkBuSFYiVPdQE4ntT.jpg,Dent,2,S_IMG_20230513_102125_jpg,S_IMG_20230513_102125_jpg,train,-1,2,train,train,test,train,train,58e7dd46caced36b7d0d472f3b682108
train/Dent/IMG_20230513_102305_jpg.rf.vdGVjJDX5QzKE27ZAyJd.jpg,Dent,2,S_IMG_20230513_102305_jpg,S_IMG_20230513_102305_jpg,train,-1,3,train,val,val,test,train,328c23c20a062fe4a4763f132feaa858
train/Dent/IMG_20230513_102310_jpg.rf.iv0l4mvZqydf7X1HkRPz.jpg,Dent,2,S_IMG_20230513_102310_jpg,S_IMG_20230513_102310_jpg,train,-1,2,train,train,test,val,train,93e10df2cc58f0440bb668b3c30ce11b
train/Dent/IMG_20230513_102314_jpg.rf.NinhqLDXc50rXYXkALwT.jpg,Dent,2,S_IMG_20230513_102314_jpg,S_IMG_20230513_102314_jpg,train,-1,3,train,train,train,test,train,99dc4cd8a51511d6158c41ed8915a304
train/Dent/IMG_20230513_102316_jpg.rf.YXtnzTVetejptP3dAviy.jpg,Dent,2,S_IMG_20230513_102316_jpg,S_IMG_20230513_102316_jpg,train,-1,4,val,train,val,train,test,4b97b05293b4c397f43bee25765c3be8
train/Dent/IMG_20230513_102320_jpg.rf.tASOQt6deXdHHJ1QrqrW.jpg,Dent,2,S_IMG_20230513_102320_jpg,S_IMG_20230513_102320_jpg,train,-1,0,test,train,train,train,val,1397562c2cc7170db291ffba344bd010
train/Dent/IMG_20230513_102323_jpg.rf.7pPjcPagei84378MwxGF.jpg,Dent,2,S_IMG_20230513_102323_jpg,S_IMG_20230513_102323_jpg,train,-1,4,train,train,train,train,test,672283328fa8f26dfc95ba424388875a
train/Dent/IMG_20230513_102326_jpg.rf.OQEOn4nOrs6JmnmavCQo.jpg,Dent,2,S_IMG_20230513_102326_jpg,S_IMG_20230513_102326_jpg,train,-1,3,train,train,train,test,train,ced07c16c4b4250b8945f80322ad6909
train/Dent/IMG_20230513_103414_jpg.rf.14bX3NnCTqIZisKET55w.jpg,Dent,2,S_IMG_20230513_103414_jpg,S_IMG_20230513_103414_jpg,train,-1,1,train,test,train,train,val,3e1735fe214595e6fd47f7df701b87e0
train/Dent/IMG_20230513_103420_jpg.rf.PVL8fHW0jgYzEDu9gNHE.jpg,Dent,2,S_IMG_20230513_103420_jpg,S_IMG_20230513_103420_jpg,train,-1,4,train,val,train,train,test,1a03f0be1af794ae8c93d2442d3255eb
train/Dent/IMG_20230513_103422_jpg.rf.g6MskNNRJDEVqdFA4EoF.jpg,Dent,2,S_IMG_20230513_103422_jpg,S_IMG_20230513_103422_jpg,train,-1,0,test,train,train,train,train,541508b2db8c3204a38c5569f3150660
train/Dent/IMG_20230513_103443_jpg.rf.8LsdNA7e3urJ85AqrbLC.jpg,Dent,2,S_IMG_20230513_103443_jpg,S_IMG_20230513_103443_jpg,train,-1,0,test,train,train,train,train,d4a0cf8c3731268dda497a2bb011e1a7
train/Dent/IMG_20230513_103445_jpg.rf.rXW4zYwuRFcT30zte4Qp.jpg,Dent,2,S_IMG_20230513_103445_jpg,S_IMG_20230513_103445_jpg,train,-1,2,train,train,test,val,train,d8b7d7a2995572d44bc39f6202d7ba39
train/Dent/IMG_20230513_103449_jpg.rf.z6EfgAgpDa2lSlJmn9yv.jpg,Dent,2,S_IMG_20230513_103449_jpg,S_IMG_20230513_103449_jpg,train,-1,3,train,train,val,test,train,4594ffafbf93e79d95b6ad731ddd9530
train/Dent/IMG_20230513_103452_jpg.rf.2dqXlrSFfe7Ao9ivLbrF.jpg,Dent,2,S_IMG_20230513_103452_jpg,S_IMG_20230513_103452_jpg,train,-1,1,val,test,train,val,train,cf353c87741947b6364fbffcf9c1747d
train/Dent/IMG_20230513_103454_jpg.rf.ZD5jQP8sfN4L51AmfSFE.jpg,Dent,2,S_IMG_20230513_103454_jpg,S_IMG_20230513_103454_jpg,train,-1,1,train,test,train,train,train,915236a1e5f7eb66f8dab2899e5328b1
train/Dent/IMG_20230513_103502_jpg.rf.rSWqeeQjvKqP0g0ZXNKD.jpg,Dent,2,S_IMG_20230513_103502_jpg,S_IMG_20230513_103502_jpg,train,-1,2,train,train,test,train,val,85cf4d614dd511f32a5ace4215cda132
train/Dent/IMG_20230513_103504_jpg.rf.B49gUDKfQ6tIU4ILbKuZ.jpg,Dent,2,S_IMG_20230513_103504_jpg,S_IMG_20230513_103504_jpg,train,-1,0,test,val,train,train,train,9416f31fafe856cfd8e0f5f91cbf5ce7
train/Dent/IMG_20230513_103507_jpg.rf.T21NbJF46X4plbEcEQZj.jpg,Dent,2,S_IMG_20230513_103507_jpg,S_IMG_20230513_103507_jpg,train,-1,1,val,test,val,val,val,ee8f2378088fbddf8c45aeba6ca0b271
train/Dent/IMG_20230513_103512_jpg.rf.sUJQsq7F7KSToQJfXryg.jpg,Dent,2,S_IMG_20230513_103512_jpg,S_IMG_20230513_103512_jpg,train,-1,2,train,train,test,train,train,8cad4b50f828b17ed7bef54db81ccc42
train/Dent/IMG_20230513_103515_jpg.rf.JVLknMxizigJ8AIRosY7.jpg,Dent,2,S_IMG_20230513_103515_jpg,S_IMG_20230513_103515_jpg,train,-1,1,train,test,train,train,train,ef45230e6b184b335c64a941d3ebd465
train/Dent/IMG_20230513_103533_jpg.rf.E6rkRBYVow9YwRCy0OZR.jpg,Dent,2,S_IMG_20230513_103533_jpg,S_IMG_20230513_103533_jpg,train,-1,4,val,train,train,train,test,ae590c2f92323daa865a71353fe9d1bb
train/Dent/IMG_20230513_103546_jpg.rf.JyvxsJv93hS9LagZ2zeE.jpg,Dent,2,S_IMG_20230513_103546_jpg,S_IMG_20230513_103546_jpg,train,-1,1,train,test,train,train,train,eb910ff0b48f756f22751771305f143e
train/Dent/IMG_20230513_103551_jpg.rf.6tgGxjjKA4c0HLsp1r0r.jpg,Dent,2,S_IMG_20230513_103551_jpg,S_IMG_20230513_103551_jpg,train,-1,3,train,train,train,test,train,38d04d3fc02a74aca56b678ce4f7eb74
train/Dent/IMG_20230513_103555_jpg.rf.PnxYl4ZmI9TionDLMglP.jpg,Dent,2,S_IMG_20230513_103555_jpg,S_IMG_20230513_103555_jpg,train,-1,4,train,train,train,train,test,6b336cb0f203b42e2ded5aef1e759cf5
train/Dent/IMG_20230513_103602_jpg.rf.GNuQTdZ9vfgYkmdIGUi8.jpg,Dent,2,S_IMG_20230513_103602_jpg,S_IMG_20230513_103602_jpg,train,-1,0,test,train,train,train,train,e827fb7a7bd36da12ae6c35d3cda5ab5
train/Dent/IMG_20230513_103611_jpg.rf.88SsL4I4S9VWrwM8u2u1.jpg,Dent,2,S_IMG_20230513_103611_jpg,S_IMG_20230513_103611_jpg,train,-1,4,train,val,train,train,test,1fd497e81cbe8eb9e167186491f6c351
train/Dent/IMG_20230513_103619_jpg.rf.gT3QXlNds7bvyudNFjTm.jpg,Dent,2,S_IMG_20230513_103619_jpg,S_IMG_20230513_103619_jpg,train,-1,4,val,train,train,train,test,a9459375fdbac0fadd9f4c132a521aed
train/Dent/IMG_20230513_103621_jpg.rf.3c1XudTVxV26dY5y94KL.jpg,Dent,2,S_IMG_20230513_103621_jpg,S_IMG_20230513_103621_jpg,train,-1,0,test,train,val,train,val,9414a5f9fbdbb0dc199a92249a079870
train/Dent/IMG_20230513_103721_jpg.rf.M9ml7uLKgTkDjDf3vq4F.jpg,Dent,2,S_IMG_20230513_103721_jpg,S_IMG_20230513_103721_jpg,train,-1,3,train,train,train,test,train,84dd5e0c6d45121dc46a8acba6f580e2
train/Dent/IMG_20230513_103723_jpg.rf.cneM2pQxbaDjf5gOBUd6.jpg,Dent,2,S_IMG_20230513_103723_jpg,S_IMG_20230513_103723_jpg,train,-1,4,train,train,train,val,test,657ac994bc4ec432673d40977bd32bb9
train/Dent/IMG_20230513_103728_jpg.rf.Dp4N1ggAam39ESe1ef3Q.jpg,Dent,2,S_IMG_20230513_103728_jpg,S_IMG_20230513_103728_jpg,train,-1,0,test,train,train,val,train,df40ab6e22dc6a18ed91bb9455ce734d
train/Dent/IMG_20230513_103731_jpg.rf.LZ54cD3f3ugXhNYIqkJ7.jpg,Dent,2,S_IMG_20230513_103731_jpg,S_IMG_20230513_103731_jpg,train,-1,0,test,train,train,train,train,f255466eb1b1c2ef5ee186fa84528eff
train/Dent/IMG_20230513_103735_jpg.rf.LWhdn7Zqsm04JSmZES1c.jpg,Dent,2,S_IMG_20230513_103735_jpg,S_IMG_20230513_103735_jpg,train,-1,1,train,test,train,train,train,346bf59068eb96d453501b7f54cec54d
train/Dent/IMG_20230513_103741_jpg.rf.xp4fGQ6ZbzXfgJgkFeSA.jpg,Dent,2,S_IMG_20230513_103741_jpg,S_IMG_20230513_103741_jpg,train,-1,1,train,test,train,train,train,7e4132f13eff816ecf0026c6d8cc0a45
train/Dent/IMG_20230513_103745_jpg.rf.URrqdFOpACVJPkuipSNy.jpg,Dent,2,S_IMG_20230513_103745_jpg,S_IMG_20230513_103745_jpg,train,-1,1,train,test,train,train,train,29248f73abc55d213ada40746a3bc545
train/Dent/IMG_20230513_103748_jpg.rf.DmQOw18cdVwGTzq1LVso.jpg,Dent,2,S_IMG_20230513_103748_jpg,S_IMG_20230513_103748_jpg,train,-1,4,train,train,train,train,test,305fa261b5d9a9cd53befeb54115fef3
train/Dent/IMG_20230513_103751_jpg.rf.Y6jYBnQVdwVb0pKbim0B.jpg,Dent,2,S_IMG_20230513_103751_jpg,S_IMG_20230513_103751_jpg,train,-1,4,train,train,train,train,test,01306bf6cc3743d16ca6053ad73e03a2
train/Dent/IMG_20230513_103753_jpg.rf.dcEOJe4IcTznd9i5DN83.jpg,Dent,2,S_IMG_20230513_103753_jpg,S_IMG_20230513_103753_jpg,train,-1,4,train,train,train,train,test,c3e5f1c88a8a706caf5f7b7ec50890ad
train/Dent/IMG_20230513_103757_jpg.rf.uWoGnbEdIFpNLCpWSlhg.jpg,Dent,2,S_IMG_20230513_103757_jpg,S_IMG_20230513_103757_jpg,train,-1,3,train,train,val,test,train,39cea8c7acce8fac348d306974983e82
train/Dent/IMG_20230513_103812_jpg.rf.aDgMTzTZ3RicA0tdEwMs.jpg,Dent,2,S_IMG_20230513_103812_jpg,S_IMG_20230513_103812_jpg,train,-1,4,train,train,train,train,test,2d006cdd776e7e0d8067b9020df44be0
train/Dent/IMG_20230513_103826_jpg.rf.bU3mLkEoSIYEfyFCOOje.jpg,Dent,2,S_IMG_20230513_103826_jpg,S_IMG_20230513_103826_jpg,train,-1,1,train,test,train,train,train,9c82aeb8ae4255d27910231e5714e137
train/Dent/IMG_20230513_104121 - Copy_jpg.rf.U830heaVIAtA23oMXEKJ.jpg,Dent,2,S_IMG_20230513_104121 - Copy_jpg,S_IMG_20230513_104121 - Copy_jpg,train,-1,3,train,val,train,test,train,bc3eed015f5a54132bf5798a443d1797
train/Dent/IMG_20230513_104142 - Copy_jpg.rf.pI26fatb5KDGZS9NeEcs.jpg,Dent,2,S_IMG_20230513_104142 - Copy_jpg,S_IMG_20230513_104142 - Copy_jpg,train,-1,2,train,train,test,val,train,d034b915a3a1da4421772ba2c3ed12eb
train/Dent/IMG_20230513_104153 - Copy_jpg.rf.64qX0YQKxXhLteJJGaZI.jpg,Dent,2,S_IMG_20230513_104153 - Copy_jpg,S_IMG_20230513_104153 - Copy_jpg,train,-1,1,val,test,train,val,train,38f72aeb28acf5d6086ca2636b5e99c7
train/Dent/IMG_20230513_104158_jpg.rf.CROzM5OR9gV2PRVSykhw.jpg,Dent,2,S_IMG_20230513_104158_jpg,S_IMG_20230513_104158_jpg,train,-1,3,val,train,train,test,train,0277a354f8de4816bad96cdb56b3d2fa
train/Dent/IMG_20230513_104205 - Copy_jpg.rf.VXVeBbW6gxqMrQYuu4fy.jpg,Dent,2,S_IMG_20230513_104205 - Copy_jpg,S_IMG_20230513_104205 - Copy_jpg,train,-1,0,test,train,train,train,train,ed2c88d922f4092f56063692aa533406
train/Dent/IMG_20230513_104207 - Copy_jpg.rf.ciIIVLQqoSbFEycV7yQy.jpg,Dent,2,S_IMG_20230513_104207 - Copy_jpg,S_IMG_20230513_104207 - Copy_jpg,train,-1,1,val,test,train,val,train,8519f36492898b6e9eedb5f80f499047
train/Dent/IMG_20230513_104209_jpg.rf.V6QFEY2BpaKYgRSUyKpp.jpg,Dent,2,S_IMG_20230513_104209_jpg,S_IMG_20230513_104209_jpg,train,-1,3,train,val,train,test,train,1d9aa124589030c14101fb0e1cf904dc
train/Dent/KWvFP_jpg.rf.5BaV43KMVI0mMezBRzFq.jpg,Dent,2,P17,S_KWvFP_jpg,train,-1,2,val,val,test,val,val,c6f09c397e74d42721b39a1d35d9be50
train/Dent/lower_door_dent_before_jpg.rf.1kAxTEfUNYyAeGw1H4tw.jpg,Dent,2,S_lower_door_dent_before_jpg,S_lower_door_dent_before_jpg,train,-1,2,train,val,test,train,train,12eb9c21dc9886bdb8350901c3a5e022
train/Dent/lower_door_dent_before_jpg.rf.TlDvovVRAslno0jGlHYJ.jpg,Dent,2,S_lower_door_dent_before_jpg,S_lower_door_dent_before_jpg,train,-1,2,train,val,test,train,train,7c852da953668d923b332df5f87c8863
train/Dent/lower_door_dent_before_jpg.rf.X3kBkBgQvprLm2EdLanE.jpg,Dent,2,S_lower_door_dent_before_jpg,S_lower_door_dent_before_jpg,train,-1,2,train,val,test,train,train,9e58d09209d240df3836a1c130526fa6
train/Dent/may-bay-lom-vo-16510667760812135938670-1651121931_jpg.rf.bujojbMVm90z4j8IBiys.jpg,Dent,2,P83,S_may-bay-lom-vo-16510667760812135938670-1651121931_jpg,train,-1,3,val,train,train,test,train,40ec7216b8bab13e765cf42bf5fd984e
train/Dent/radome_damage_copy_jpg.rf.4Hsir6dudHjxSVZ6i9c6.jpg,Dent,2,S_radome_damage_copy_jpg,S_radome_damage_copy_jpg,train,-1,2,train,train,test,val,train,98ae523d62d6277b1f5d67ab3bfc8bb4
train/Dent/stillwater-dent_jpg.rf.dLtTei9bsW2wB5Dz2aFh.jpg,Dent,2,S_stillwater-dent_jpg,S_stillwater-dent_jpg,train,-1,3,val,train,train,test,val,1f876dafd52178c70a3338409c0e1cda
train/Dent/stillwater-dent_jpg.rf.DrwFO3pPEUJJds1vuAIj.jpg,Dent,2,S_stillwater-dent_jpg,S_stillwater-dent_jpg,train,-1,3,val,train,train,test,val,f280e51ffcfddad4520fa5ce2ba8fdf3
train/Dent/Udklip5_png_jpg.rf.hszwoFpqSD1NmgpUo3LQ.jpg,Dent,2,P32,S_Udklip5_png_jpg,train,-1,3,train,train,train,test,train,01282deef9a69f5464b69fb16bc95845
train/Dent/Udklip5_png_jpg.rf.KgItNmx4gMk9JjtcBBtt.jpg,Dent,2,P32,S_Udklip5_png_jpg,train,-1,3,train,train,train,test,train,ea35f81731d62f4cf44ff6975a4857a9
train/Dent/Udklip5_png_jpg.rf.x6kKg1HphCk7X3HGp7uT.jpg,Dent,2,P32,S_Udklip5_png_jpg,train,-1,3,train,train,train,test,train,5e03e4d9aa7cc48300b187b1b109e17f
train/Dent/West-Atlantic-Boeing-737-Suffers-Hard-Landing-at-Exeter-800x579_jpg.rf.DNX2DpzkkbxulnNW546b.jpg,Dent,2,P19,S_West-Atlantic-Boeing-737-Suffers-Hard-Landing-at-Exeter-800x579_jpg,train,-1,3,train,train,train,test,train,39c98c4e940d8f5ee35a392a1dc6431c
train/Dent/West-Atlantic-Boeing-737-Suffers-Hard-Landing-at-Exeter-800x579_jpg.rf.Kk2ZnAWDeojLuINzbrpS.jpg,Dent,2,P19,S_West-Atlantic-Boeing-737-Suffers-Hard-Landing-at-Exeter-800x579_jpg,train,-1,3,train,train,train,test,train,f50bae1e59b7b6a39fc51b73b352a03c
train/Dent/West-Atlantic-Boeing-737-Suffers-Hard-Landing-at-Exeter-800x579_jpg.rf.zGZSh04Ya2KgOPAbbwq4.jpg,Dent,2,P19,S_West-Atlantic-Boeing-737-Suffers-Hard-Landing-at-Exeter-800x579_jpg,train,-1,3,train,train,train,test,train,6849b3c45246ee4c0a7badf86b048031
train/Missing Head/106_19_JPG_jpg.rf.Dfgx3obTEzcVZKfpCX0Y.jpg,Missing Head,3,P106,P106,train,19,1,train,test,train,train,train,a945cecd5d593a6dab03f7b3db386cb7
train/Missing Head/106_21_JPG_jpg.rf.ipXHJUJLJChNqiGZhofy.jpg,Missing Head,3,P106,P106,train,21,1,train,test,train,train,train,bdf4c7de7c5eb14fc8670c96d479bb40
train/Missing Head/106_24_JPG_jpg.rf.XYQhWzVgEJJAFzsTZYaE.jpg,Missing Head,3,P106,P106,train,24,1,train,test,train,train,train,f35f9ffb724969fad4a45c8267180057
train/Missing Head/106_6_JPG_jpg.rf.hdIoIIwxK42LpFy5wRCN.jpg,Missing Head,3,P106,P106,train,6,1,train,test,train,train,train,af1fb86a8ddf95eafc9c388ef987573b
train/Missing Head/114_24_JPG_jpg.rf.oTnhElNQC1xP0t19kZXn.jpg,Missing Head,3,P114,P114,train,24,2,train,train,test,train,train,ba69c44cc3bb0b11b5859f808b49fdd8
train/Missing Head/114_6_JPG_jpg.rf.PzMFqczDN5UsAs6KjBeE.jpg,Missing Head,3,P114,P114,train,6,2,train,train,test,train,train,3bebb536fbf615733efb1dab62c4be17
train/Missing Head/22_10_JPG_jpg.rf.Nn7C9LXj3zi3ZwoTFz9M.jpg,Missing Head,3,P22,P22,train,10,2,train,train,test,train,train,5f1b9c7832d9262c7e584fb47d54b394
train/Missing Head/22_21_JPG_jpg.rf.5PU0F029jPn2cOGSjCHH.jpg,Missing Head,3,P22,P22,train,21,2,train,train,test,train,train,2aae1a1840378e78df2137fc460e213e
train/Missing Head/22_9_JPG_jpg.rf.IVcqu6JSc8LospKlaqPN.jpg,Missing Head,3,P22,P22,train,9,2,train,train,test,train,train,ae22e143570c47ee7737e2201a94bc83
train/Missing Head/25_19_JPG_jpg.rf.Z0BSk1PgVdZN33zI69Us.jpg,Missing Head,3,P25,P25,train,19,3,train,train,val,test,train,c2b58385460aec636de6a9b9b4484dcb
train/Missing Head/31_10_JPG_jpg.rf.CgdyDQofOvROBfLVeLmZ.jpg,Missing Head,3,P31,P31,train,10,0,test,train,train,train,train,161daa71706d270d1af61557b1b61e23
train/Missing Head/31_11_JPG_jpg.rf.NWqzX6TW0tqB1c2BE9Im.jpg,Missing Head,3,P31,P31,train,11,0,test,train,train,train,train,161ca0d8fb131b5fcd93da9d083a9541
train/Missing Head/31_15_JPG_jpg.rf.iK4guosuoYijbXZb8EXi.jpg,Missing Head,3,P31,P31,train,15,0,test,train,train,train,train,b1763473225e269208ffb383f7e09556
train/Missing Head/31_16_JPG_jpg.rf.fy7Rd6PKZ4nPRBQkzT19.jpg,Missing Head,3,P31,P31,train,16,0,test,train,train,train,train,4689e142b58f882935a3046de0a324dc
train/Missing Head/31_17_JPG_jpg.rf.aLnodlf8VAnYl3pnuj6e.jpg,Missing Head,3,P31,P31,train,17,0,test,train,train,train,train,06aa7c87059be8f43fc8791b1ddd6268
train/Missing Head/31_18_JPG_jpg.rf.bLaCrRk3W8rZnnXdYaAM.jpg,Missing Head,3,P31,P31,train,18,0,test,train,train,train,train,1c4536e0a4f04c6535236ce80bdaaea4
train/Missing Head/31_19_JPG_jpg.rf.oInhxfCvW3WxPx8Ce0qN.jpg,Missing Head,3,P31,P31,train,19,0,test,train,train,train,train,7753d748ac236e1185f65a5733f974b0
train/Missing Head/31_23_JPG_jpg.rf.wgVZ3kiFSuLywU7BnH3v.jpg,Missing Head,3,P31,P31,train,23,0,test,train,train,train,train,e2051f89a4c8b403ca1474de754f0f27
train/Missing Head/31_2_JPG_jpg.rf.bcQdYFT7wnxfXNDSSSt3.jpg,Missing Head,3,P31,P31,train,2,0,test,train,train,train,train,739366f422fb23a1ad6e345d3462c5d6
train/Missing Head/31_3_JPG_jpg.rf.hD2Ztz88oMbXhJJRMu1b.jpg,Missing Head,3,P31,P31,train,3,0,test,train,train,train,train,77013772f7b3ff09870a68b42d4536cc
train/Missing Head/31_5_JPG_jpg.rf.jztN2MOAmAyuIOnQ2lop.jpg,Missing Head,3,P31,P31,train,5,0,test,train,train,train,train,6cc23c1ff5ae1d4003eeab155aed5bbf
train/Missing Head/31_6_JPG_jpg.rf.PLCWB44TSAEQwL02E0Q7.jpg,Missing Head,3,P31,P31,train,6,0,test,train,train,train,train,21afbee4eabe8cbb4624e3c87f799c27
train/Missing Head/39_0_JPG_jpg.rf.NqRsGfJ1GiS8Svgpo84z.jpg,Missing Head,3,P39,P39,train,0,3,train,train,train,test,train,0bf5e9e6187e12ca58623c787186841b
train/Missing Head/39_13_JPG_jpg.rf.l0ujF66hmrDRIwbqQAvG.jpg,Missing Head,3,P39,P39,train,13,3,train,train,train,test,train,a207cf5f3164739134f4cf78f4ca6599
train/Missing Head/39_14_JPG_jpg.rf.FLn8Jh4fx1ENemMEJL0g.jpg,Missing Head,3,P39,P39,train,14,3,train,train,train,test,train,46070515ba5ba5c30ff4f6844b66e53a
train/Missing Head/39_15_JPG_jpg.rf.JmzX7IL04o2j52GIE6uo.jpg,Missing Head,3,P39,P39,train,15,3,train,train,train,test,train,d837bca594a564a7c6d066bcbe1c71ce
train/Missing Head/39_16_JPG_jpg.rf.w4COuhk2Y0uBUMd6gu8T.jpg,Missing Head,3,P39,P39,train,16,3,train,train,train,test,train,3ca76cf613748a6feaad8371dc0a04b0
train/Missing Head/39_17_JPG_jpg.rf.tBbKJy82mpEdwsiGbbL5.jpg,Missing Head,3,P39,P39,train,17,3,train,train,train,test,train,dc6cb0d169f0006c1b4e69248bda07d5
train/Missing Head/39_19_JPG_jpg.rf.9NTbNyQDswtmXvrLc9er.jpg,Missing Head,3,P39,P39,train,19,3,train,train,train,test,train,8c3fa6c7e8461fa72965508f0816bd83
train/Missing Head/39_20_JPG_jpg.rf.oN6lprjj0Yo4ulb9Zice.jpg,Missing Head,3,P39,P39,train,20,3,train,train,train,test,train,386e4125aaeb724e967828f45b1763bb
train/Missing Head/39_23_JPG_jpg.rf.oYeYoq6DmsFq74LmqQQN.jpg,Missing Head,3,P39,P39,train,23,3,train,train,train,test,train,06c09bb3e6695bce3df59f35f499de4a
train/Missing Head/39_25_JPG_jpg.rf.LMmZFNWGXnsOYFZmiNas.jpg,Missing Head,3,P39,P39,train,25,3,train,train,train,test,train,b93ccf1f1453302132501101ddebbe9d
train/Missing Head/39_2_JPG_jpg.rf.KHKTksZdEcRWkZVI6luy.jpg,Missing Head,3,P39,P39,train,2,3,train,train,train,test,train,d54064422c8de412c0f6c360e2e61e85
train/Missing Head/39_3_JPG_jpg.rf.X50c55D9uspvk3zsRDHY.jpg,Missing Head,3,P39,P39,train,3,3,train,train,train,test,train,85a3c2e931faf9f11e742a137556e64d
train/Missing Head/39_6_JPG_jpg.rf.vNBL042nM81Y4O5bThOU.jpg,Missing Head,3,P39,P39,train,6,3,train,train,train,test,train,e42157e01e6744db3fd2446e09733685
train/Missing Head/39_7_JPG_jpg.rf.GJBAGGY6vzmG5zQ54UQJ.jpg,Missing Head,3,P39,P39,train,7,3,train,train,train,test,train,796b99066b9aaa907be51c726092c0ff
train/Missing Head/39_8_JPG_jpg.rf.10TeZ2q2EfIioizai2PJ.jpg,Missing Head,3,P39,P39,train,8,3,train,train,train,test,train,6fb451df826f1615d4e4bf68648804e4
train/Missing Head/39_9_JPG_jpg.rf.KVXbEtYxoTywaa7xMQ6I.jpg,Missing Head,3,P39,P39,train,9,3,train,train,train,test,train,a989306cb1e4bcae1e83fbb9a5615bac
train/Missing Head/43_20_JPG - Copy_jpg.rf.TJTfBE11hob1hTBuSEtm.jpg,Missing Head,3,P43,P43,train,20,4,val,val,train,val,test,9d277b53d984fc7046029dfaaf1bb494
train/Missing Head/4NRWU7AUXNKFPOSDMWQK3LP2ZE_jpg.rf.HmJsM79Jy2gJZu38gc8R.jpg,Missing Head,3,S_4NRWU7AUXNKFPOSDMWQK3LP2ZE_jpg,S_4NRWU7AUXNKFPOSDMWQK3LP2ZE_jpg,train,-1,1,train,test,val,train,train,3018cf95f2f1fd405886fd9b357b2ea2
train/Missing Head/5_jpg.rf.3NqY1yUjPeYOCqUPuDZt.jpg,Missing Head,3,P31,S_5_jpg,train,-1,0,test,train,train,train,train,ad46cb79e0631bc7b285ba6405e71d8f
train/Missing Head/5_jpg.rf.OjuK3wRgwj8fzLrW1k1e.jpg,Missing Head,3,P31,S_5_jpg,train,-1,0,test,train,train,train,train,ce6776732be2843d794bc5b95e82c111
train/Missing Head/5_jpg.rf.pfqQQIsgEwzg1GPVdF8o.jpg,Missing Head,3,P31,S_5_jpg,train,-1,0,test,train,train,train,train,5d5722536744c52dc1808c4cff0155de
train/Missing Head/IMG_20230511_095653_jpg.rf.43LNzsDR1alWrTl2gUcW.jpg,Missing Head,3,S_IMG_20230511_095653_jpg,S_IMG_20230511_095653_jpg,train,-1,4,train,val,train,train,test,cc1963458918785aa7e066d205325975
train/Missing Head/IMG_20230511_095934_jpg.rf.jbdgC3bfSCltNdL22E8c.jpg,Missing Head,3,S_IMG_20230511_095934_jpg,S_IMG_20230511_095934_jpg,train,-1,2,train,train,test,train,train,c960235305ca93699b4f5a3fa0bb5961
train/Missing Head/IMG_20230511_100623_jpg.rf.Wu2tBZ1gCy8upxtMij1A.jpg,Missing Head,3,S_IMG_20230511_100623_jpg,S_IMG_20230511_100623_jpg,train,-1,1,val,test,train,val,train,059dabad9d2e3954c41950e566e71193
train/Missing Head/IMG_20230511_100733_jpg.rf.EkPClcJyLmn5sjVKGBWB.jpg,Missing Head,3,S_IMG_20230511_100733_jpg,S_IMG_20230511_100733_jpg,train,-1,4,train,train,train,train,test,8a398250dd8154af5e94068c08fa712f
train/Missing Head/IMG_20230511_100826_jpg.rf.OMdO5EPxYlwNAw046RYt.jpg,Missing Head,3,S_IMG_20230511_100826_jpg,S_IMG_20230511_100826_jpg,train,-1,0,test,val,val,train,train,588054aa25daf909d11125ef7288859b
train/Missing Head/IMG_20230511_100829_jpg.rf.G5UlzVwUyjujMFbHmkag.jpg,Missing Head,3,S_IMG_20230511_100829_jpg,S_IMG_20230511_100829_jpg,train,-1,0,test,train,train,train,train,c773343fee65dadffe4ea8e33c52dd72
train/Missing Head/IMG_20230511_100834_jpg.rf.fo0N7md0GwGPV9wEAf2J.jpg,Missing Head,3,S_IMG_20230511_100834_jpg,S_IMG_20230511_100834_jpg,train,-1,4,train,train,train,train,test,4e099d7c58f6ac5b23d92c6a4911ef26
train/Missing Head/IMG_20230511_100842_jpg.rf.ydzy85mhmWQfTPyKH86I.jpg,Missing Head,3,S_IMG_20230511_100842_jpg,S_IMG_20230511_100842_jpg,train,-1,1,val,test,train,train,train,919fe92bc1d4da39ef293dfcdafa461a
train/Missing Head/IMG_20230511_101129_jpg.rf.vTLANrhAulkdYJR8KelJ.jpg,Missing Head,3,S_IMG_20230511_101129_jpg,S_IMG_20230511_101129_jpg,train,-1,2,train,train,test,train,train,0bbb56d13d00d1fad920a7a64473b8c9
train/Missing Head/IMG_20230511_101153_jpg.rf.jGMatONJuazQrFYfjjwy.jpg,Missing Head,3,S_IMG_20230511_101153_jpg,S_IMG_20230511_101153_jpg,train,-1,2,train,val,test,train,val,c95fbe8056adaa67a372650b08affd9e
train/Missing Head/IMG_20230511_101201_jpg.rf.I6eQv8bA1mTC3dTStAno.jpg,Missing Head,3,S_IMG_20230511_101201_jpg,S_IMG_20230511_101201_jpg,train,-1,3,train,train,train,test,train,fb7f0196665ddc37673b251fd831053b
train/Missing Head/IMG_20230511_101221_jpg.rf.cEPMtY9MU0OAo068zt3W.jpg,Missing Head,3,S_IMG_20230511_101221_jpg,S_IMG_20230511_101221_jpg,train,-1,4,val,train,val,train,test,2013e2abf2e874ceff16df83fa9d26b9
train/Missing Head/IMG_20230511_101232_jpg.rf.65eMrgMGx2JGbzQxGAog.jpg,Missing Head,3,S_IMG_20230511_101232_jpg,S_IMG_20230511_101232_jpg,train,-1,2,train,train,test,train,train,7a5b6a54efadedce25c4fce3ffb02657
train/Missing Head/IMG_20230511_101238_jpg.rf.yprGV2MlyNzII0hcumWL.jpg,Missing Head,3,S_IMG_20230511_101238_jpg,S_IMG_20230511_101238_jpg,train,-1,3,val,train,train,test,train,4257ad7d5001a153974e854f30bfbd80
train/Missing Head/IMG_20230511_101243_jpg.rf.ZEh7qM6TC5Zn79f3t2iU.jpg,Missing Head,3,S_IMG_20230511_101243_jpg,S_IMG_20230511_101243_jpg,train,-1,1,val,test,train,train,train,20a443f895fc12c016374551a4ba7f4a
train/Missing Head/IMG_20230511_101302_jpg.rf.QHy6qqvR75w8sI0KiEqp.jpg,Missing Head,3,S_IMG_20230511_101302_jpg,S_IMG_20230511_101302_jpg,train,-1,1,train,test,train,train,val,56171f4f365708b7aa324fd737a1d6d0
train/Missing Head/IMG_20230511_101309_jpg.rf.xcY30B9arlVTSkZy3BOw.jpg,Missing Head,3,S_IMG_20230511_101309_jpg,S_IMG_20230511_101309_jpg,train,-1,0,test,train,train,train,train,4f1efa7923db7d3ffd546dce7d7aa190
train/Missing Head/IMG_20230511_101324_jpg.rf.x80RBtt8pfeSCe9qTUC1.jpg,Missing Head,3,S_IMG_20230511_101324_jpg,S_IMG_20230511_101324_jpg,train,-1,2,train,val,test,train,train,9998ca8c8b944b6e6dc8a5ed941b7484
train/Missing Head/IMG_20230511_101329_jpg.rf.JIpXndWhn0hxEwNYCccV.jpg,Missing Head,3,S_IMG_20230511_101329_jpg,S_IMG_20230511_101329_jpg,train,-1,2,val,train,test,train,train,a2b39b4024f567f46290be27f59cb16b
train/Missing Head/IMG_20230511_101551_jpg.rf.VInnOdUjpjDECwAGvIzO.jpg,Missing Head,3,S_IMG_20230511_101551_jpg,S_IMG_20230511_101551_jpg,train,-1,0,test,train,val,train,train,b0f10058c0255b31646e9e7f567dc44e
train/Missing Head/IMG_20230511_101559_jpg.rf.QPHMZSG3y5HNJEuZhUTO.jpg,Missing Head,3,S_IMG_20230511_101559_jpg,S_IMG_20230511_101559_jpg,train,-1,2,train,train,test,train,train,95515ad85dbaab69c3236858b1c05294
train/Missing Head/IMG_20230511_101603_jpg.rf.KJAgdBHq0BgJhEkTzJ7O.jpg,Missing Head,3,S_IMG_20230511_101603_jpg,S_IMG_20230511_101603_jpg,train,-1,0,test,train,train,train,train,c2fc9bf71d507c4cd669ad971e71fc44
train/Missing Head/IMG_20230511_101843_jpg.rf.URAQdv4vumygUoroLkuN.jpg,Missing Head,3,S_IMG_20230511_101843_jpg,S_IMG_20230511_101843_jpg,train,-1,0,test,train,train,train,val,1666e9ffd39161d122cebe57fd66a96a
train/Missing Head/IMG_20230511_101850_jpg.rf.IvffsNvvAMZQUfvZ34F0.jpg,Missing Head,3,S_IMG_20230511_101850_jpg,S_IMG_20230511_101850_jpg,train,-1,2,train,train,test,train,train,1ee8e6fdc6eae0ee0f9e8f4ccf2970c2
train/Missing Head/IMG_20230511_101851_jpg.rf.C6cUzHFb0m5rWEezCu8s.jpg,Missing Head,3,S_IMG_20230511_101851_jpg,S_IMG_20230511_101851_jpg,train,-1,2,train,train,test,train,train,351471116efd9e8d00b9c50ebcd7a1fb
train/Missing Head/IMG_20230511_101901_jpg.rf.7yr5CCRbBgU5hRmtRyPj.jpg,Missing Head,3,S_IMG_20230511_101901_jpg,S_IMG_20230511_101901_jpg,train,-1,4,val,val,train,train,test,1e0cea367e099edd23f102fcbb595e5d
train/Missing Head/IMG_20230511_101910_jpg.rf.5tA3HkOnMm9HqYnQGbDT.jpg,Missing Head,3,S_IMG_20230511_101910_jpg,S_IMG_20230511_101910_jpg,train,-1,4,train,val,train,val,test,95c72db13430e296c68cd4497dc84e8a
train/Missing Head/IMG_20230511_101935_jpg.rf.hflHcJCXc3nLGzRRVvif.jpg,Missing Head,3,S_IMG_20230511_101935_jpg,S_IMG_20230511_101935_jpg,train,-1,4,train,train,train,train,test,013fcc0e2399bf027ca693ae18be3f16
train/Missing Head/IMG_20230511_101940_jpg.rf.GelY5zMpuw8RsWinxWmO.jpg,Missing Head,3,S_IMG_20230511_101940_jpg,S_IMG_20230511_101940_jpg,train,-1,0,test,train,train,train,train,41332c53d6fc324aac8ec51e667c3264
train/Missing Head/IMG_20230511_101946_jpg.rf.aW9CccAmLqpZA4AAzM2K.jpg,Missing Head,3,S_IMG_20230511_101946_jpg,S_IMG_20230511_101946_jpg,train,-1,3,train,train,train,test,train,c5017750337f0085bef486a25ef39cfb
train/Missing Head/IMG_20230511_101955_jpg.rf.d5OtLntX3xFEBNRt1d5j.jpg,Missing Head,3,S_IMG_20230511_101955_jpg,S_IMG_20230511_101955_jpg,train,-1,2,train,train,test,train,train,f12027071b0f1cd6b98929969ac5c555
train/Missing Head/IMG_20230511_102003_jpg.rf.9XEcGPEB5lE11NzOvgft.jpg,Missing Head,3,S_IMG_20230511_102003_jpg,S_IMG_20230511_102003_jpg,train,-1,1,train,test,train,train,train,84c34a968310480ffe7863e758f1e699
train/Missing Head/IMG_20230511_102014_jpg.rf.EyE5xEvCvNdQXDht0QaG.jpg,Missing Head,3,S_IMG_20230511_102014_jpg,S_IMG_20230511_102014_jpg,train,-1,1,train,test,val,val,train,647217a919147a409b40277394bea120
train/Missing Head/IMG_20230511_102141_jpg.rf.5PAYKY0FFo1svJlPZ3zm.jpg,Missing Head,3,S_IMG_20230511_102141_jpg,S_IMG_20230511_102141_jpg,train,-1,2,train,train,test,val,val,e115219a50a29106f81cd070097a0a93
train/Missing Head/IMG_20230511_102152_jpg.rf.4gPD3mofioyhE3YqlMo7.jpg,Missing Head,3,S_IMG_20230511_102152_jpg,S_IMG_20230511_102152_jpg,train,-1,0,test,train,val,train,train,1d3c64aa4f90a2e3b5ed7de07d19542e
train/Missing Head/IMG_20230511_102946_jpg.rf.DuKVLeAuliCO1PnfnOZB.jpg,Missing Head,3,S_IMG_20230511_102946_jpg,S_IMG_20230511_102946_jpg,train,-1,0,test,train,train,train,val,b9d1744e9213b1a5b97d3a719cbe1f11
train/Missing Head/IMG_20230511_103359_jpg.rf.eFNWkvofASYnksThyVgB.jpg,Missing Head,3,S_IMG_20230511_103359_jpg,S_IMG_20230511_103359_jpg,train,-1,1,train,test,val,train,train,a8b0de0c086c65c3e83af752d806fabc
train/Missing Head/IMG_20230511_103402_jpg.rf.5xvVA2OrgdzE7XS41sAe.jpg,Missing Head,3,S_IMG_20230511_103402_jpg,S_IMG_20230511_103402_jpg,train,-1,4,train,train,train,val,test,643fa6502bab31f227beac7d12f916a1
train/Missing Head/IMG_20230511_103409_jpg.rf.oI0ZQcPQN4nSQukTuDFR.jpg,Missing Head,3,S_IMG_20230511_103409_jpg,S_IMG_20230511_103409_jpg,train,-1,4,train,val,train,train,test,c43ef13d02230a35c457c70c931fef49
train/Missing Head/IMG_20230511_103425_jpg.rf.vfJNN8xngCqV8WmDbH8A.jpg,Missing Head,3,S_IMG_20230511_103425_jpg,S_IMG_20230511_103425_jpg,train,-1,3,train,train,train,test,train,748d0ff95569064c439b4bf583acafd2
train/Missing Head/IMG_20230511_104617_jpg.rf.TtMsFWaTScs4v0cknadB.jpg,Missing Head,3,S_IMG_20230511_104617_jpg,S_IMG_20230511_104617_jpg,train,-1,2,train,train,test,train,train,cb7b3cf09b40c5562170bba2cf9dd8b0
train/Missing Head/IMG_20230512_120937_jpg.rf.NJ7pbPPaFqrAAfZmZABH.jpg,Missing Head,3,S_IMG_20230512_120937_jpg,S_IMG_20230512_120937_jpg,train,-1,2,train,train,test,train,train,875b63bc113eca948ba71f5434872c2d
train/Missing Head/IMG_20230512_120942_jpg.rf.nJYQRrEmaI1R3DpBDO0q.jpg,Missing Head,3,S_IMG_20230512_120942_jpg,S_IMG_20230512_120942_jpg,train,-1,1,train,test,val,train,train,9ce67ffbef8883d122018c222533f336
train/Missing Head/IMG_20230512_120946_jpg.rf.KeLQdto6hbUpNXl7Foan.jpg,Missing Head,3,S_IMG_20230512_120946_jpg,S_IMG_20230512_120946_jpg,train,-1,2,train,train,test,train,train,0fe701aec1e17436ba89348cdd7c7572
train/Missing Head/IMG_20230512_121001_jpg.rf.0fmvDQnBJlN41uxB5nda.jpg,Missing Head,3,S_IMG_20230512_121001_jpg,S_IMG_20230512_121001_jpg,train,-1,4,val,train,train,train,test,7f6033c4b293f7bc1cca5b734f75d038
train/Missing Head/IMG_20230512_121015_jpg.rf.iBRDAVtrgKlGhqvHO2AB.jpg,Missing Head,3,S_IMG_20230512_121015_jpg,S_IMG_20230512_121015_jpg,train,-1,4,train,train,train,train,test,2051bbf9b21313b7263e5771c6a7576a
train/Missing Head/IMG_20230512_121807_jpg.rf.xf9l7tRzceOVxdQ89ds3.jpg,Missing Head,3,S_IMG_20230512_121807_jpg,S_IMG_20230512_121807_jpg,train,-1,1,train,test,train,train,train,273195703b54f837fde1c6271537a023
train/Missing Head/IMG_20230512_121811_jpg.rf.tBtzpPYWDPr6vp2pqFiS.jpg,Missing Head,3,S_IMG_20230512_121811_jpg,S_IMG_20230512_121811_jpg,train,-1,4,train,train,train,val,test,bae1dbbf6102abbcdb395c28cce495f9
train/Missing Head/IMG_20230512_121815_jpg.rf.7OHHmjrE1dsclyri1wav.jpg,Missing Head,3,S_IMG_20230512_121815_jpg,S_IMG_20230512_121815_jpg,train,-1,1,train,test,val,train,val,b5d544b83f1d7c122f026fa480d378d5
train/Missing Head/IMG_20230512_121833_jpg.rf.WJCJdQX8S5FmQJIExbTD.jpg,Missing Head,3,S_IMG_20230512_121833_jpg,S_IMG_20230512_121833_jpg,train,-1,2,train,train,test,val,train,9d20cbf2508c8c1b021efa0126a72c9d
train/Missing Head/IMG_20230512_121845_jpg.rf.y24ib6BzyD0jYMEiRA4F.jpg,Missing Head,3,S_IMG_20230512_121845_jpg,S_IMG_20230512_121845_jpg,train,-1,0,test,train,val,train,train,71f91a2ab7459a9da15c6990b764539f
train/Missing Head/IMG_20230512_121856_jpg.rf.7GAqnrM6cvIzXjgbWTuX.jpg,Missing Head,3,S_IMG_20230512_121856_jpg,S_IMG_20230512_121856_jpg,train,-1,4,train,train,val,train,test,c40b76f4b6e80225278e7db9fd6b6074
train/Missing Head/IMG_20230512_121903_jpg.rf.XUB4jTvGmxG3MWMfvsSz.jpg,Missing Head,3,S_IMG_20230512_121903_jpg,S_IMG_20230512_121903_jpg,train,-1,0,test,train,train,train,train,97c34921b9ea6cc6d837c93fc7db96db
train/Missing Head/IMG_20230512_121905_jpg.rf.bTHaFpeBISoIewR9Dtpi.jpg,Missing Head,3,S_IMG_20230512_121905_jpg,S_IMG_20230512_121905_jpg,train,-1,2,train,train,test,train,train,b166361d72fc8f7965bf4a9f57f32503
train/Missing Head/IMG_20230512_121947_jpg.rf.MxWacAxB6VyFIEhTCrcb.jpg,Missing Head,3,S_IMG_20230512_121947_jpg,S_IMG_20230512_121947_jpg,train,-1,2,train,val,test,train,val,1c104526421476a84698c9bbf8ccbce3
train/Missing Head/IMG_20230512_121952_jpg.rf.NL8RbMQWiUWgO0Yq3NLi.jpg,Missing Head,3,S_IMG_20230512_121952_jpg,S_IMG_20230512_121952_jpg,train,-1,4,train,train,val,val,test,31ef538da850ae499bad6d0d970dd3ac
train/Missing Head/IMG_20230512_123259_jpg.rf.VwJw8oL74OcSHrlkrx1D.jpg,Missing Head,3,S_IMG_20230512_123259_jpg,S_IMG_20230512_123259_jpg,train,-1,0,test,val,train,val,val,53e3d88b39bc7afc90c781db36648ecb
train/Missing Head/IMG_20230512_124638_jpg.rf.8M3ukeXUaTQr2sKlL9Su.jpg,Missing Head,3,S_IMG_20230512_124638_jpg,S_IMG_20230512_124638_jpg,train,-1,2,train,val,test,train,val,1b107da7826df83d5a665ed6e62841bf
train/Missing Head/IMG_20230512_130752_jpg.rf.rUgR3uQqjj4dvwRNHMWG.jpg,Missing Head,3,S_IMG_20230512_130752_jpg,S_IMG_20230512_130752_jpg,train,-1,1,train,test,train,train,train,716247005ba45595b0320821954d52c6
train/Missing Head/IMG_20230512_130811_jpg.rf.6PfMzMfU3WwGHLp7eXZJ.jpg,Missing Head,3,S_IMG_20230512_130811_jpg,S_IMG_20230512_130811_jpg,train,-1,2,val,train,test,train,train,8f616622d7e720a31b7d044f67606142
train/Missing Head/IMG_20230512_131227_jpg.rf.dTBpgBjNyS25Nsvehhyc.jpg,Missing Head,3,S_IMG_20230512_131227_jpg,S_IMG_20230512_131227_jpg,train,-1,1,train,test,train,train,train,0ebc0ea3d5bf2aad49e24e85dfefda06
train/Missing Head/IMG_20230513_095422_jpg.rf.uEtEJpJHfhXi8yTN52Y6.jpg,Missing Head,3,S_IMG_20230513_095422_jpg,S_IMG_20230513_095422_jpg,train,-1,0,test,train,train,train,train,8640841d629131b0e39138253d62fc0b
train/Missing Head/IMG_20230513_100011_jpg.rf.FCiZmaE9cuJiojotQ7LR.jpg,Missing Head,3,S_IMG_20230513_100011_jpg,S_IMG_20230513_100011_jpg,train,-1,4,train,train,train,train,test,5c52ca2b38216bd965291f9ea160b284
train/Missing Head/IMG_20230513_100226_jpg.rf.manmkAznBb70v5tCs7mQ.jpg,Missing Head,3,S_IMG_20230513_100226_jpg,S_IMG_20230513_100226_jpg,train,-1,1,val,test,val,val,train,93468c7eabf9c474bc53296888ff52e9
train/Missing Head/IMG_20230513_100607_jpg.rf.rASMnTuk56xKUMO8yLWd.jpg,Missing Head,3,S_IMG_20230513_100607_jpg,S_IMG_20230513_100607_jpg,train,-1,1,train,test,train,train,train,59434e8825f4581fa74c9a12138e72fc
train/Missing Head/IMG_20230513_100609_jpg.rf.QcbckPsAI5HYY7j7cjwg.jpg,Missing Head,3,S_IMG_20230513_100609_jpg,S_IMG_20230513_100609_jpg,train,-1,1,train,test,train,val,train,d14ddffe8a46ed4defab2d2a534fad0f
train/Missing Head/IMG_20230513_100618_jpg.rf.dAatt5KpnyubN4zHlRJa.jpg,Missing Head,3,S_IMG_20230513_100618_jpg,S_IMG_20230513_100618_jpg,train,-1,4,val,train,train,train,test,a8b92e93caacf8dcb2d5f402e4d9f5cc
train/Missing Head/IMG_20230513_100628_jpg.rf.cCmDCHu3PwrlWwN40IM4.jpg,Missing Head,3,S_IMG_20230513_100628_jpg,S_IMG_20230513_100628_jpg,train,-1,4,train,train,train,train,test,a91c68874e903da80970669764d2f2ce
train/Missing Head/IMG_20230513_100634_jpg.rf.h9CKW1yDMtWMT1UZhcWo.jpg,Missing Head,3,S_IMG_20230513_100634_jpg,S_IMG_20230513_100634_jpg,train,-1,3,train,val,train,test,train,37f8bf7b746a201903efdb3a25dc26b7
train/Missing Head/IMG_20230513_100637_jpg.rf.IhhI0GqI3DROLU0jPmVS.jpg,Missing Head,3,S_IMG_20230513_100637_jpg,S_IMG_20230513_100637_jpg,train,-1,1,val,test,train,train,train,a2d7bfe28394fc05b8a98a735ee3ee9a
train/Missing Head/IMG_20230513_100640 - Copy_jpg.rf.2HXzODnlkianOfMvtqHb.jpg,Missing Head,3,S_IMG_20230513_100640 - Copy_jpg,S_IMG_20230513_100640 - Copy_jpg,train,-1,2,train,train,test,train,val,b6829b40ab6bb541d3b0a6f6275a5a1e
train/Missing Head/IMG_20230513_100643_jpg.rf.dNS09T1s5guz1PPgHDgX.jpg,Missing Head,3,S_IMG_20230513_100643_jpg,S_IMG_20230513_100643_jpg,train,-1,4,train,train,train,train,test,14230e11f847c815016bfdbe77c703c2
train/Missing Head/IMG_20230513_100850_jpg.rf.x1n9aYrRxngVUFHTNnSv.jpg,Missing Head,3,S_IMG_20230513_100850_jpg,S_IMG_20230513_100850_jpg,train,-1,1,train,test,train,train,val,2b100d447cec5573e9af414f0f7ccc93
train/Missing Head/IMG_20230513_100854 - Copy_jpg.rf.s8KVw0D7uHzr15RhaNHR.jpg,Missing Head,3,S_IMG_20230513_100854 - Copy_jpg,S_IMG_20230513_100854 - Copy_jpg,train,-1,1,train,test,train,train,train,a61334c343f5b4cf58a75aa2b105bd59
train/Missing Head/IMG_20230513_100856_jpg.rf.s6Yprq9ZhtC4sRNSQJCz.jpg,Missing Head,3,S_IMG_20230513_100856_jpg,S_IMG_20230513_100856_jpg,train,-1,1,train,test,train,train,train,9490373c0ca5d26fc36e332f90af21d4
train/Missing Head/IMG_20230513_100900_jpg.rf.14pGckuwD1AoL0gwgwkN.jpg,Missing Head,3,S_IMG_20230513_100900_jpg,S_IMG_20230513_100900_jpg,train,-1,2,val,val,test,train,train,37f0be765e3b0fead0515696774eb8e8
train/Missing Head/IMG_20230513_100902_jpg.rf.hE935z8bsM4VAUzOWR5k.jpg,Missing Head,3,S_IMG_20230513_100902_jpg,S_IMG_20230513_100902_jpg,train,-1,4,val,train,train,val,test,bc29bd955a7fecbec296653ec1bf540d
train/Missing Head/IMG_20230513_100922_jpg.rf.8QpswNs3pXKcfMvrOiN7.jpg,Missing Head,3,S_IMG_20230513_100922_jpg,S_IMG_20230513_100922_jpg,train,-1,1,train,test,val,train,train,0ef29a6c7ab7628d899164dc3846f6d5
train/Missing Head/IMG_20230513_100925 - Copy_jpg.rf.rfpvBkEfJbtQv1bNu64v.jpg,Missing Head,3,S_IMG_20230513_100925 - Copy_jpg,S_IMG_20230513_100925 - Copy_jpg,train,-1,2,train,train,test,train,train,effe56190f1f7b1f099ac3e43ab1bde5
train/Missing Head/IMG_20230513_100927_jpg.rf.tPmfaCFdoSEybxuk9qUQ.jpg,Missing Head,3,S_IMG_20230513_100927_jpg,S_IMG_20230513_100927_jpg,train,-1,0,test,train,val,train,train,bca6b52aca76dc1407fbc38e64ca1516
train/Missing Head/IMG_20230513_100929 - Copy_jpg.rf.duAiScBlCxil5G8awX74.jpg,Missing Head,3,S_IMG_20230513_100929 - Copy_jpg,S_IMG_20230513_100929 - Copy_jpg,train,-1,0,test,train,train,train,train,a0db7735e78de9d6daf8ccfeb88f9beb
train/Missing Head/IMG_20230513_100931_jpg.rf.0HfpzvDyKR2QPp85aCxH.jpg,Missing Head,3,S_IMG_20230513_100931_jpg,S_IMG_20230513_100931_jpg,train,-1,0,test,train,train,val,val,1fd1ccb7ed182afbdba15cf8a21d8906
train/Missing Head/IMG_20230513_101008_jpg.rf.COpbkcwbipgBHIh9PyV8.jpg,Missing Head,3,S_IMG_20230513_101008_jpg,S_IMG_20230513_101008_jpg,train,-1,1,train,test,train,train,train,88da8d481f4c2df96da631be735e2007
train/Missing Head/IMG_20230513_101010_jpg.rf.jJsRqRbs0rbxeFLuZq2b.jpg,Missing Head,3,S_IMG_20230513_101010_jpg,S_IMG_20230513_101010_jpg,train,-1,3,train,train,train,test,train,b613f863a92ac37c59c8f7bf466b0b13
train/Missing Head/IMG_20230513_101011_jpg.rf.5CmypK7n9nPeT3sYxm2X.jpg,Missing Head,3,S_IMG_20230513_101011_jpg,S_IMG_20230513_101011_jpg,train,-1,0,test,train,train,val,train,4e498e638bef53a2ec4904b9f1f807b0
train/Missing Head/IMG_20230513_101015_jpg.rf.i8WgNhMBeYQTkTozC2Tf.jpg,Missing Head,3,S_IMG_20230513_101015_jpg,S_IMG_20230513_101015_jpg,train,-1,3,train,train,train,test,train,9fcb14d40f3370ea11ffe2606216fe29
train/Missing Head/IMG_20230513_101018_jpg.rf.pySSF42X0OPqWPCG6qm9.jpg,Missing Head,3,S_IMG_20230513_101018_jpg,S_IMG_20230513_101018_jpg,train,-1,2,train,train,test,val,train,0a70ea35fa087c0e25924ece3fc759eb
train/Missing Head/IMG_20230513_101020_jpg.rf.SoUp3yvJ6lc3lP3OjV0a.jpg,Missing Head,3,S_IMG_20230513_101020_jpg,S_IMG_20230513_101020_jpg,train,-1,3,train,train,train,test,train,dec1f25cbf788c659ed83693a2492e2b
train/Missing Head/IMG_20230513_101022_jpg.rf.uE5RR6uqzpdJFiKvEuB2.jpg,Missing Head,3,S_IMG_20230513_101022_jpg,S_IMG_20230513_101022_jpg,train,-1,3,train,train,train,test,train,aae274156dbf0bbd10ce5345adcb0824
train/Missing Head/IMG_20230513_101026_jpg.rf.3AjHM1VenqPiDUeXb4vZ.jpg,Missing Head,3,S_IMG_20230513_101026_jpg,S_IMG_20230513_101026_jpg,train,-1,1,val,test,train,train,val,31f6915a9d8923bd10e0d380a9e4325e
train/Missing Head/IMG_20230513_101030_jpg.rf.oCRRzAwkavi6ou3llXIw.jpg,Missing Head,3,S_IMG_20230513_101030_jpg,S_IMG_20230513_101030_jpg,train,-1,3,train,val,val,test,val,bd163b24e3ef3ec34677c551ef5ff401
train/Missing Head/IMG_20230513_101035_jpg.rf.W4oQABdeHQT3QgmDci4U.jpg,Missing Head,3,S_IMG_20230513_101035_jpg,S_IMG_20230513_101035_jpg,train,-1,1,val,test,train,train,train,107420636c932d5159931928b3ee47e4
train/Missing Head/IMG_20230513_101037_jpg.rf.0RHeyeoZTw8sWG75rmUx.jpg,Missing Head,3,S_IMG_20230513_101037_jpg,S_IMG_20230513_101037_jpg,train,-1,2,train,train,test,val,train,e4bdb2ac17c5e2c5e39c9d5467cf139e
train/Missing Head/IMG_20230513_101039_jpg.rf.KIHtTbhSnvzvsstNFbYc.jpg,Missing Head,3,S_IMG_20230513_101039_jpg,S_IMG_20230513_101039_jpg,train,-1,4,val,train,val,train,test,872681d7f9e9851c294d03230b0cd315
train/Missing Head/IMG_20230513_101041_jpg.rf.zW7drcC3JvSlwcc1pXN7.jpg,Missing Head,3,S_IMG_20230513_101041_jpg,S_IMG_20230513_101041_jpg,train,-1,4,train,train,train,train,test,340c39ee1e83cd4c69f0076f9d7b58f4
train/Missing Head/IMG_20230513_101237_jpg.rf.rtKog80U2sNhOUqkLu8m.jpg,Missing Head,3,S_IMG_20230513_101237_jpg,S_IMG_20230513_101237_jpg,train,-1,2,train,val,test,train,train,9f055d052930f167a35b928b7da99e5b
train/Missing Head/IMG_20230513_101412_jpg.rf.P64vdkgZNOcO2bquFsaR.jpg,Missing Head,3,S_IMG_20230513_101412_jpg,S_IMG_20230513_101412_jpg,train,-1,4,train,train,train,train,test,61bef83be506d1442146585d388bd001
train/Missing Head/IMG_20230513_101419_jpg.rf.4mPKMYqQA9musRSAnzDE.jpg,Missing Head,3,S_IMG_20230513_101419_jpg,S_IMG_20230513_101419_jpg,train,-1,4,train,train,train,train,test,2a4dfb1c2f6b24113db54b1df6125054
train/Missing Head/IMG_20230513_101719_jpg.rf.NeoCr1g4OnH5octRDQo2.jpg,Missing Head,3,S_IMG_20230513_101719_jpg,S_IMG_20230513_101719_jpg,train,-1,2,train,train,test,train,train,968b35c7b15bebe89efe1ce3f3b468be
train/Missing Head/IMG_20230513_102135_jpg.rf.MR75C4fhagZDIsJiaIhl.jpg,Missing Head,3,S_IMG_20230513_102135_jpg,S_IMG_20230513_102135_jpg,train,-1,1,train,test,train,train,train,0f76340ccaa635222757faa5fd289f5b
train/Missing Head/IMG_20230513_102204_jpg.rf.qjMMdgDGi9dNimwQNtVL.jpg,Missing Head,3,S_IMG_20230513_102204_jpg,S_IMG_20230513_102204_jpg,train,-1,3,train,train,train,test,train,6ceda10cca9ebe5678566c1dec831709
train/Missing Head/IMG_20230513_102207_jpg.rf.PpYjoU6NFVyrEoUH2KQX.jpg,Missing Head,3,S_IMG_20230513_102207_jpg,S_IMG_20230513_102207_jpg,train,-1,2,train,train,test,train,train,1df7d93db29ad89aa471982ba6e17ceb
train/Missing Head/IMG_20230513_102210_jpg.rf.A8pqzoD5HZ0tt8HOAHHH.jpg,Missing Head,3,S_IMG_20230513_102210_jpg,S_IMG_20230513_102210_jpg,train,-1,4,train,val,val,val,test,098371b334e0660e5d51e84456782e5f
train/Missing Head/IMG_20230513_102215_jpg.rf.sNSySg9uFey2WIEgFZ6s.jpg,Missing Head,3,S_IMG_20230513_102215_jpg,S_IMG_20230513_102215_jpg,train,-1,2,train,val,test,train,train,71e7d21a14a72abeba744c5bdaa65b6d
train/Missing Head/IMG_20230513_102221_jpg.rf.GBKZrTo6qQnUR2K6z1u2.jpg,Missing Head,3,S_IMG_20230513_102221_jpg,S_IMG_20230513_102221_jpg,train,-1,2,train,train,test,train,train,7fa2e816862fb3d04dbe582632e1ef4e
train/Missing Head/IMG_20230513_102224_jpg.rf.b4XHlQlJdwjvscJI7VAa.jpg,Missing Head,3,S_IMG_20230513_102224_jpg,S_IMG_20230513_102224_jpg,train,-1,2,train,train,test,train,val,e6851182cf1df2ff90d239b6cc764e90
train/Missing Head/IMG_20230513_102232_jpg.rf.xWXjMBlrAFIkZTqfvZCo.jpg,Missing Head,3,S_IMG_20230513_102232_jpg,S_IMG_20230513_102232_jpg,train,-1,0,test,train,train,train,train,c50a046cffb8d0e0ed1120834e0b1416
train/Missing Head/IMG_20230513_102428_jpg.rf.mUlayERLdYrzKs6hR3fr.jpg,Missing Head,3,S_IMG_20230513_102428_jpg,S_IMG_20230513_102428_jpg,train,-1,0,test,val,train,train,val,69c4ab96b3ac54d217eefa925a352024
train/Missing Head/IMG_20230513_102430_jpg.rf.1XbfvbIvrHHeslnsZo9k.jpg,Missing Head,3,S_IMG_20230513_102430_jpg,S_IMG_20230513_102430_jpg,train,-1,0,test,train,train,train,train,98e78ccb82d4ee4ebf7ae2206698589d
train/Missing Head/IMG_20230513_102433_jpg.rf.NYvHlxHxb1TVlu2nDUTC.jpg,Missing Head,3,S_IMG_20230513_102433_jpg,S_IMG_20230513_102433_jpg,train,-1,1,train,test,train,train,train,9a506fda91d710c364971c8129354813
train/Missing Head/IMG_20230513_102438_jpg.rf.gjTXOMpPoJWjlmLD50FB.jpg,Missing Head,3,S_IMG_20230513_102438_jpg,S_IMG_20230513_102438_jpg,train,-1,3,train,train,train,test,train,06656b6e4ff44262f9ed75755676f8fe
train/Missing Head/IMG_20230513_102441_jpg.rf.q0zA2kQs1J5pyj4tcYXx.jpg,Missing Head,3,S_IMG_20230513_102441_jpg,S_IMG_20230513_102441_jpg,train,-1,2,val,train,test,train,val,97f27cb611a972a18b0e3f49bbd386c0
train/Missing Head/IMG_20230513_102443_jpg.rf.UZ7MZY6UmDdIUKHGH7iv.jpg,Missing Head,3,S_IMG_20230513_102443_jpg,S_IMG_20230513_102443_jpg,train,-1,3,train,train,train,test,train,717bb8d84f64e7fdaaf7ddc144bd9d12
train/Missing Head/IMG_20230513_102636_jpg.rf.njLdBMD8gcVP6ZgikWiZ.jpg,Missing Head,3,S_IMG_20230513_102636_jpg,S_IMG_20230513_102636_jpg,train,-1,0,test,val,train,train,train,30b73e4455f5b568ca1ae3a648c647b2
train/Missing Head/IMG_20230513_102638_jpg.rf.CtopkwkinH1NlGMeWdqO.jpg,Missing Head,3,S_IMG_20230513_102638_jpg,S_IMG_20230513_102638_jpg,train,-1,0,test,train,train,train,train,71c6ec3dbcb26d73272e3f60d30c52e3
train/Missing Head/IMG_20230513_102642_jpg.rf.kxjQxFrirflaVoKCedqg.jpg,Missing Head,3,S_IMG_20230513_102642_jpg,S_IMG_20230513_102642_jpg,train,-1,3,train,train,train,test,train,dabf6e923d16f360ee4baf7c5ff441ea
train/Missing Head/IMG_20230513_102644_jpg.rf.3oHbD2NdidiSyLJ9WM83.jpg,Missing Head,3,S_IMG_20230513_102644_jpg,S_IMG_20230513_102644_jpg,train,-1,0,test,train,train,train,train,eda1fff32066bdad23b95832f4e56052
train/Missing Head/IMG_20230513_102709_jpg.rf.LQT9x4whRdAJ4gCUGHea.jpg,Missing Head,3,S_IMG_20230513_102709_jpg,S_IMG_20230513_102709_jpg,train,-1,1,train,test,train,train,train,5c95844d5175e5a3b5401da79a2ddd5c
train/Missing Head/IMG_20230513_102712_jpg.rf.kHnHlX6eo5xtpO7xBlBz.jpg,Missing Head,3,S_IMG_20230513_102712_jpg,S_IMG_20230513_102712_jpg,train,-1,4,train,val,val,train,test,9b4cf62931a35e9108d9795eb54cc9b7
train/Missing Head/IMG_20230513_102715__01_jpg.rf.nEQ8bsS2LH8kKDnXJ1Mf.jpg,Missing Head,3,S_IMG_20230513_102715__01_jpg,S_IMG_20230513_102715__01_jpg,train,-1,2,train,train,test,train,train,21b6f2cedd66f7c73fad833e323986f1
train/Missing Head/IMG_20230513_102715_jpg.rf.4K3PK2Eal16SEMc7KD3r.jpg,Missing Head,3,S_IMG_20230513_102715_jpg,S_IMG_20230513_102715_jpg,train,-1,4,train,train,train,val,test,16a8558f3aaa36e4b6a4b06b3030e19b
train/Missing Head/IMG_20230513_102718_jpg.rf.57Pb35iQho6FDflCqnvT.jpg,Missing Head,3,S_IMG_20230513_102718_jpg,S_IMG_20230513_102718_jpg,train,-1,4,train,train,train,train,test,d31add438477479bf8459bb67d2222df
train/Missing Head/IMG_20230513_102724_jpg.rf.8rdxycUfJePO8XbANHeT.jpg,Missing Head,3,S_IMG_20230513_102724_jpg,S_IMG_20230513_102724_jpg,train,-1,2,train,train,test,train,val,9e6b9e4b4c416ddafcc8dba9c9fe2e84
train/Missing Head/IMG_20230513_102727_jpg.rf.TkJVECWhf2KfsY0zF6V3.jpg,Missing Head,3,S_IMG_20230513_102727_jpg,S_IMG_20230513_102727_jpg,train,-1,1,train,test,train,train,train,54289847013da27fd9e9f9e7273d0162
train/Missing Head/IMG_20230513_102730_jpg.rf.4FLlnpnnj79Tm8NlScrB.jpg,Missing Head,3,S_IMG_20230513_102730_jpg,S_IMG_20230513_102730_jpg,train,-1,1,train,test,train,val,train,2d1df1badaa4b7e3df7de74a42861087
train/Missing Head/IMG_20230513_102732_jpg.rf.QT3zRtIufTgSwfOoKHA5.jpg,Missing Head,3,S_IMG_20230513_102732_jpg,S_IMG_20230513_102732_jpg,train,-1,3,val,train,train,test,train,62ab48d1247ae3f43181a2b437bfacc5
train/Missing Head/IMG_20230513_102736_jpg.rf.r2tbIOM8B9fOIaLa6SnR.jpg,Missing Head,3,S_IMG_20230513_102736_jpg,S_IMG_20230513_102736_jpg,train,-1,2,val,train,test,train,val,48fc5d261c1285e4094353f0ee8af845
train/Missing Head/IMG_20230513_102808_jpg.rf.ebJOCmRBAZfMdlFYeHui.jpg,Missing Head,3,S_IMG_20230513_102808_jpg,S_IMG_20230513_102808_jpg,train,-1,0,test,train,train,train,train,6c4bae5955e1fecca5bdeff4f0d3b3d9
train/Missing Head/IMG_20230513_102821_jpg.rf.CLHM7TOGgOqrtg0yujvu.jpg,Missing Head,3,S_IMG_20230513_102821_jpg,S_IMG_20230513_102821_jpg,train,-1,0,test,train,train,train,train,c2269e515b8ac15fae59a42a84977e9b
train/Missing Head/IMG_20230513_103321_jpg.rf.c0hTBJUekfG5NAAI3Lno.jpg,Missing Head,3,S_IMG_20230513_103321_jpg,S_IMG_20230513_103321_jpg,train,-1,1,train,test,train,train,val,83436d04f98fb1301b6a3bcf32654adc
train/Missing Head/IMG_20230513_103323_jpg.rf.mB132OH4UsyGki0i2IB0.jpg,Missing Head,3,S_IMG_20230513_103323_jpg,S_IMG_20230513_103323_jpg,train,-1,2,train,train,test,train,train,cd9033c2ba672b9ee8b8760155b923b7
train/Missing Head/IMG_20230513_103326_jpg.rf.Sa41Gc0Y7AHIG8RdqQ3I.jpg,Missing Head,3,S_IMG_20230513_103326_jpg,S_IMG_20230513_103326_jpg,train,-1,4,train,train,train,train,test,959ebe7305f4151072db1951e4b3012b
train/Missing Head/IMG_20230513_103328_jpg.rf.vir1lJo3GaYpOc3yYqm3.jpg,Missing Head,3,S_IMG_20230513_103328_jpg,S_IMG_20230513_103328_jpg,train,-1,1,train,test,val,train,val,500de37e8c3c3dd54bb07ba8769b1574
train/Missing Head/IMG_20230513_103331_jpg.rf.tgP6UPND6439NSXmnaFt.jpg,Missing Head,3,P42,S_IMG_20230513_103331_jpg,train,-1,0,test,train,val,train,train,5818a06ed175e25f02a81495d9f55271
train/Missing Head/IMG_20230513_103336_jpg.rf.fffjjnYCJGVEKwbeVCpZ.jpg,Missing Head,3,S_IMG_20230513_103336_jpg,S_IMG_20230513_103336_jpg,train,-1,3,train,train,train,test,train,4836bb3cfb908938808baa37925d77dc
train/Missing Head/IMG_20230513_103338_jpg.rf.se7eGO5D9lPOl5ePCY8y.jpg,Missing Head,3,S_IMG_20230513_103338_jpg,S_IMG_20230513_103338_jpg,train,-1,1,train,test,val,train,train,be753b5644d7162ad9b141546198f055
train/Missing Head/IMG_20230513_103340_jpg.rf.4lMxx3prO90XUkH6kBfi.jpg,Missing Head,3,S_IMG_20230513_103340_jpg,S_IMG_20230513_103340_jpg,train,-1,1,train,test,train,val,train,303a3eb8220b9a2a344fde18f8301217
train/Missing Head/IMG_20230513_103343_jpg.rf.OHRUzHv47Ei3hHUDrkn0.jpg,Missing Head,3,S_IMG_20230513_103343_jpg,S_IMG_20230513_103343_jpg,train,-1,1,train,test,train,train,train,439dcc87b14bb0136c9c14b4009a13eb
train/Missing Head/IMG_20230513_103821_jpg.rf.sz0hi7XdLv5CLh3s05NZ.jpg,Missing Head,3,S_IMG_20230513_103821_jpg,S_IMG_20230513_103821_jpg,train,-1,3,train,train,train,test,train,f75f75ab0f1a675e2115dfc2d47fcdf3
train/Missing Head/IMG_20230513_103823_jpg.rf.aZEsJjcc8dDSwHghb4Ju.jpg,Missing Head,3,S_IMG_20230513_103823_jpg,S_IMG_20230513_103823_jpg,train,-1,0,test,train,train,train,train,5c9d79a67d9f0962a8fecc6eac318f68
train/Missing Head/IMG_20230513_103831_jpg.rf.AXw5gARoT8O9DUTgN7jG.jpg,Missing Head,3,S_IMG_20230513_103831_jpg,S_IMG_20230513_103831_jpg,train,-1,4,train,train,train,train,test,d271f57edbbb7f549b55a98e3b9ff9fd
train/Missing Head/IMG_20230513_104021_jpg.rf.O2pNqpCzLgMaYLCjmtJn.jpg,Missing Head,3,S_IMG_20230513_104021_jpg,S_IMG_20230513_104021_jpg,train,-1,4,train,train,train,train,test,11469f6aa6cf733ab270087a29c09913
train/Missing Head/IMG_20230513_104029_jpg.rf.OS0ddjnh3B3b1CAvnJ6E.jpg,Missing Head,3,S_IMG_20230513_104029_jpg,S_IMG_20230513_104029_jpg,train,-1,1,train,test,train,train,train,9ca897fb16402c9e09baa4e8852ea6b6
train/Missing Head/IMG_20230513_104039_jpg.rf.obcGb1rKlKg21iYQU5ej.jpg,Missing Head,3,S_IMG_20230513_104039_jpg,S_IMG_20230513_104039_jpg,train,-1,3,train,train,train,test,train,d3e5e7e3836fc02c32022ecdea988a98
train/Missing Head/IMG_20230513_104042_jpg.rf.dDQyBuV5VuTQnAt1mrmK.jpg,Missing Head,3,S_IMG_20230513_104042_jpg,S_IMG_20230513_104042_jpg,train,-1,3,train,train,train,test,train,00acac434d407f1b21f6e8122ad23274
train/Missing Head/IMG_20230513_104044_jpg.rf.iig5f43P3Wy0JQKvNqMb.jpg,Missing Head,3,S_IMG_20230513_104044_jpg,S_IMG_20230513_104044_jpg,train,-1,1,train,test,train,train,val,10e254322fa41a318610c05a1ae38a27
train/Missing Head/IMG_20230513_104050_jpg.rf.kwDIln6mLI2cMlNWHqny.jpg,Missing Head,3,S_IMG_20230513_104050_jpg,S_IMG_20230513_104050_jpg,train,-1,4,train,train,train,train,test,f3960021bbba5823c7faf6f3149501b8
train/Missing Head/IMG_20230513_104058_jpg.rf.mpg179gWdo72t2kdXqXD.jpg,Missing Head,3,S_IMG_20230513_104058_jpg,S_IMG_20230513_104058_jpg,train,-1,3,train,train,val,test,train,975395ccf64598b876caa99316b76677
train/Missing Head/SDR-510019035_jpg.rf.Hp8iqIj27vfavc7up5NZ.jpg,Missing Head,3,S_SDR-510019035_jpg,S_SDR-510019035_jpg,train,-1,4,train,train,train,train,test,9f7e1de04c68ce0c96c123e05b813f16
train/Missing Head/SDR-510019035_jpg.rf.rudk9g7TVez03g3IGtar.jpg,Missing Head,3,S_SDR-510019035_jpg,S_SDR-510019035_jpg,train,-1,4,train,train,train,train,test,610f758ad50c0d39469665903c84e592
train/Paint Off/100_0_JPG_jpg.rf.VZSvXhteVFzqNPFbiYvI.jpg,Paint Off,4,P100,P100,train,0,3,val,val,val,test,train,d7422ad9c284224c7186181bb12ff89d
train/Paint Off/100_11_JPG_jpg.rf.HaA6oToMA9ptspKkqvlc.jpg,Paint Off,4,P100,P100,train,11,3,val,val,val,test,train,91157875ba17e00893f2836b4a71f791
train/Paint Off/100_14_JPG_jpg.rf.ItTsU9C8FKzYwsVFlQe4.jpg,Paint Off,4,P100,P100,train,14,3,val,val,val,test,train,1c3a1fde3592cae6dae4b01a525bdc45
train/Paint Off/100_15_JPG_jpg.rf.sTCRO75NJNdYom5K6T98.jpg,Paint Off,4,P100,P100,train,15,3,val,val,val,test,train,b64daaade395062bb38e63ce6b5919e2
train/Paint Off/100_16_JPG_jpg.rf.PipIz28apy7oEtXd0WRl.jpg,Paint Off,4,P100,P100,train,16,3,val,val,val,test,train,a2aa4025305447b4c66cc73bbc7d8462
train/Paint Off/100_17_JPG_jpg.rf.STThkY0UQHqFbcX5WK4N.jpg,Paint Off,4,P100,P100,train,17,3,val,val,val,test,train,373dd78a64cc10b20505d4bdc62cc5ca
train/Paint Off/100_19_JPG_jpg.rf.c0bdYnEyIci4cWyLkCeR.jpg,Paint Off,4,P100,P100,train,19,3,val,val,val,test,train,677f55178f15ef0847d45db1d82c632f
train/Paint Off/100_1_JPG_jpg.rf.SfsZUvfIo5k1pomZXUid.jpg,Paint Off,4,P100,P100,train,1,3,val,val,val,test,train,169df8f14db41f27e93759ef4dca6c0b
train/Paint Off/100_21_JPG_jpg.rf.cj2LnV7CUYBw0z1tcabP.jpg,Paint Off,4,P100,P100,train,21,3,val,val,val,test,train,d358d7bbb0c9ef83dc8bade04900536f
train/Paint Off/100_22_JPG_jpg.rf.9vhJx9O2bw8FshOKfWpo.jpg,Paint Off,4,P100,P100,train,22,3,val,val,val,test,train,ebe9dedd729101f8769209b0108468ec
train/Paint Off/100_23_JPG_jpg.rf.BaZ6YnH21EJ2qIyTiuKr.jpg,Paint Off,4,P100,P100,train,23,3,val,val,val,test,train,a3f7b623a9029ff1cee78693010d4663
train/Paint Off/100_4_JPG_jpg.rf.fBVqnweceIXmHKQpdUzW.jpg,Paint Off,4,P100,P100,train,4,3,val,val,val,test,train,69346261b71861cee4e2949e60444a62
train/Paint Off/100_5_JPG_jpg.rf.JXAc2y8gIkoto44vB0D4.jpg,Paint Off,4,P100,P100,train,5,3,val,val,val,test,train,c2146c005e6c8d601a6e4601154ee292
train/Paint Off/100_6_JPG_jpg.rf.4VSV4Hb3NfMPI3o3f1nX.jpg,Paint Off,4,P100,P100,train,6,3,val,val,val,test,train,ba9d2a8f16788863089c89e737b11215
train/Paint Off/100_7_JPG_jpg.rf.FPIaa1Wo9JnSaHIxn4mL.jpg,Paint Off,4,P100,P100,train,7,3,val,val,val,test,train,c414fb217afa2466d2a5149383fb304d
train/Paint Off/100_8_JPG_jpg.rf.u2npv1faxx7mxIdkMlNg.jpg,Paint Off,4,P100,P100,train,8,3,val,val,val,test,train,2dc5f6b342e17872e12ca27da4278c30
train/Paint Off/100_9_JPG_jpg.rf.wFw14weOIRGeju6MRzoH.jpg,Paint Off,4,P100,P100,train,9,3,val,val,val,test,train,4a7d75a25c8a59fdfea7747c6164bdd1
train/Paint Off/101_0_JPG_jpg.rf.FF43wUFJNbVTOxl8neNl.jpg,Paint Off,4,P101,P101,train,0,2,train,train,test,train,val,1d8515c75ef9b265a6e884bd422366e3
train/Paint Off/101_10_JPG_jpg.rf.VplIRV9LFskLXT30g8lh.jpg,Paint Off,4,P101,P101,train,10,2,train,train,test,train,val,cddae8c83debba0b98aeb3a80fa0cecb
train/Paint Off/101_11_JPG_jpg.rf.TSO7iq8pd4iPRBOUbv1y.jpg,Paint Off,4,P101,P101,train,11,2,train,train,test,train,val,5ebc7d509858718b37c750377120d694
train/Paint Off/101_12_JPG_jpg.rf.ikxM78tz6jYiSzRLyEn3.jpg,Paint Off,4,P101,P101,train,12,2,train,train,test,train,val,2b951e9155bea10fd6c62c1c30b5cd00
train/Paint Off/101_13_JPG_jpg.rf.TBz3SZU6JaGuAOQW4ETB.jpg,Paint Off,4,P101,P101,train,13,2,train,train,test,train,val,4394ca475c5ac05657b4f2bedd0969aa
train/Paint Off/101_14_JPG_jpg.rf.CMtSUNBOxuYbTtt5ozK5.jpg,Paint Off,4,P101,P101,train,14,2,train,train,test,train,val,2084c1a0478304ea22ae4d62e79b24a1
train/Paint Off/101_15_JPG_jpg.rf.2wPvTKUhJPmrrTgqfRgu.jpg,Paint Off,4,P101,P101,train,15,2,train,train,test,train,val,07e9b35c0d4491314f5608f8578bc2c2
train/Paint Off/101_16_JPG_jpg.rf.99Zsw3QUlvCcc7itbQTJ.jpg,Paint Off,4,P101,P101,train,16,2,train,train,test,train,val,0e064abbc3b52549617ab77ae7900fdc
train/Paint Off/101_17_JPG_jpg.rf.Chh7fG5bRK0wb6q965yB.jpg,Paint Off,4,P101,P101,train,17,2,train,train,test,train,val,b653b30c1605318706f778029d0780ca
train/Paint Off/101_18_JPG_jpg.rf.4mFKrIyg0Al6Yv4UF5gK.jpg,Paint Off,4,P101,P101,train,18,2,train,train,test,train,val,cc7fec3a5e48cdc9b47d1f93a328307f
train/Paint Off/101_19_JPG_jpg.rf.aMIvTLZoE8qfDA0L9Rhq.jpg,Paint Off,4,P101,P101,train,19,2,train,train,test,train,val,ba75e47d3265f4816ddb79807ff8dba2
train/Paint Off/101_1_JPG_jpg.rf.JzxQTB7iCZ7e7OGsIRtL.jpg,Paint Off,4,P101,P101,train,1,2,train,train,test,train,val,d003f4da1b9d6e5e5145d9677c0bc91b
train/Paint Off/101_21_JPG_jpg.rf.w33HTnfBN1uISdy843JU.jpg,Paint Off,4,P101,P101,train,21,2,train,train,test,train,val,ef171cfe0fe4ad22ae3619dbbae282f6
train/Paint Off/101_22_JPG_jpg.rf.MfbfzJiIsSWqJJfSzatT.jpg,Paint Off,4,P101,P101,train,22,2,train,train,test,train,val,283d419cc76b24d3924b06753bef4670
train/Paint Off/101_23_JPG_jpg.rf.Bg6s2bWkboXVQP1hOXvT.jpg,Paint Off,4,P101,P101,train,23,2,train,train,test,train,val,e027ba1e54b5a2a49830ba10a3ba18f4
train/Paint Off/101_25_JPG_jpg.rf.FdrHBOM2xJdpZntqBMIi.jpg,Paint Off,4,P101,P101,train,25,2,train,train,test,train,val,8675263293bc3aa69715412e7958c146
train/Paint Off/101_3_JPG_jpg.rf.Ku5G637Y7Qjl8cV0qStv.jpg,Paint Off,4,P101,P101,train,3,2,train,train,test,train,val,47d1c2bff9863e5d76db02a2587d4af1
train/Paint Off/101_6_JPG_jpg.rf.FMqRjWnjtfeES0KbN2Ux.jpg,Paint Off,4,P101,P101,train,6,2,train,train,test,train,val,2e20494701fbca474117b790c27ea994
train/Paint Off/101_7_JPG_jpg.rf.20bukzqzrvOV5fauoVbP.jpg,Paint Off,4,P101,P101,train,7,2,train,train,test,train,val,f404a71a3b9103fc5cd904432ffd70f7
train/Paint Off/101_8_JPG_jpg.rf.2IQ4LsF5DXTkh6xJA4DR.jpg,Paint Off,4,P101,P101,train,8,2,train,train,test,train,val,7f6b3e2664134007b8e9cbfe00a20681
train/Paint Off/102_0_JPG_jpg.rf.P18gnlR3jScnaN5lHX5T.jpg,Paint Off,4,P102,P102,train,0,2,train,train,test,train,train,29b25ea86b1f0e67f8a072e0429c213b
train/Paint Off/102_10_JPG_jpg.rf.blT3sTtuhPa2TiatftP6.jpg,Paint Off,4,P102,P102,train,10,2,train,train,test,train,train,c5596a02c003ccebdfa44b1bf98d48f5
train/Paint Off/102_11_JPG_jpg.rf.nUJv148ThfU8wafhupcA.jpg,Paint Off,4,P102,P102,train,11,2,train,train,test,train,train,09d8cc5017b70325d3b0318c21641b1c
train/Paint Off/102_13_JPG_jpg.rf.Gnx2A7DbG8B3yB3rqg26.jpg,Paint Off,4,P102,P102,train,13,2,train,train,test,train,train,090c601b35d85c5cbc697e07427fbe0c
train/Paint Off/102_14_JPG_jpg.rf.yTNhBaJLKPSaaC7L8fzH.jpg,Paint Off,4,P102,P102,train,14,2,train,train,test,train,train,db3d4898485e78a2092b42d25a7882e1
train/Paint Off/102_15_JPG_jpg.rf.Ls0139zDu1oV4P0gq3T4.jpg,Paint Off,4,P102,P102,train,15,2,train,train,test,train,train,78a74fcd26138a1080f6537f68d2436e
train/Paint Off/102_16_JPG_jpg.rf.6lPQCQ0IzxTZ7E82fkEV.jpg,Paint Off,4,P102,P102,train,16,2,train,train,test,train,train,a66065fa006fbb42b04ed29cd8cccd1b
train/Paint Off/102_17_JPG_jpg.rf.UF6grq9Eamwf4MTN9rrO.jpg,Paint Off,4,P102,P102,train,17,2,train,train,test,train,train,46853bf1b42482a035bdd83edd3051af
train/Paint Off/102_18_JPG_jpg.rf.BLEHWo4pkTmtv8Vrf4oD.jpg,Paint Off,4,P102,P102,train,18,2,train,train,test,train,train,809cc622a26d5c81fd71db855893d602
train/Paint Off/102_1_JPG_jpg.rf.Q6A15UBZBpufTxXrVWom.jpg,Paint Off,4,P102,P102,train,1,2,train,train,test,train,train,0cc4e0014a37bed70534013f868e72ba
train/Paint Off/102_20_JPG_jpg.rf.Jp4Lqq1hN99jWbvPPCDT.jpg,Paint Off,4,P102,P102,train,20,2,train,train,test,train,train,603949b7f29473dc0fb8ae300c8c2ab9
train/Paint Off/102_21_JPG_jpg.rf.Jl4FWih0ztwlwwxPmQBk.jpg,Paint Off,4,P102,P102,train,21,2,train,train,test,train,train,118de8488415c4e86c2b50a9af590916
train/Paint Off/102_22_JPG_jpg.rf.ZK34mwkHM1cbou4vlwwN.jpg,Paint Off,4,P102,P102,train,22,2,train,train,test,train,train,69f0c746090ce2b7c820ce2ce22b5f08
train/Paint Off/102_23_JPG_jpg.rf.CNdLYoYX1rhDXcdA2hZW.jpg,Paint Off,4,P102,P102,train,23,2,train,train,test,train,train,faa3211ec2ec89bce8058cb045b26399
train/Paint Off/102_25_JPG_jpg.rf.WiCJGrtPfzJAmYozeGhV.jpg,Paint Off,4,P102,P102,train,25,2,train,train,test,train,train,96daf1a07ae900935250f00aef0f4b06
train/Paint Off/102_2_JPG_jpg.rf.o6CuQgObc1Nrzu07sCqQ.jpg,Paint Off,4,P102,P102,train,2,2,train,train,test,train,train,30c8817e4d12c38e7d66f0fa165cc795
train/Paint Off/102_3_JPG_jpg.rf.4M6ESM42vbZdPouQdLX7.jpg,Paint Off,4,P102,P102,train,3,2,train,train,test,train,train,f3ac488809b3cd0354854afef5d62378
train/Paint Off/102_4_JPG_jpg.rf.PToXXooVyBRDmPvoE983.jpg,Paint Off,4,P102,P102,train,4,2,train,train,test,train,train,18bd846b83c76d9cab91be6cd06ad7c8
train/Paint Off/102_6_JPG_jpg.rf.l22p9YclT5IxNGAF2iXx.jpg,Paint Off,4,P102,P102,train,6,2,train,train,test,train,train,a3039b7c27005b73e662439b903c706c
train/Paint Off/102_7_JPG_jpg.rf.pGrL47fEbRBsiHqGVKXJ.jpg,Paint Off,4,P102,P102,train,7,2,train,train,test,train,train,8070764f75d455ec4726fdcd17bbefc5
train/Paint Off/102_8_JPG_jpg.rf.KKiQoDpNTeK98lWusvb6.jpg,Paint Off,4,P102,P102,train,8,2,train,train,test,train,train,e6cdf0fd55fa3535b93bdb34fdbbfd5e
train/Paint Off/103_0_JPG_jpg.rf.o438VxOeI8vsfYanMJ6H.jpg,Paint Off,4,P103,P103,train,0,0,test,train,train,train,train,6408175fe7eb83b46f989d0b1f0ad48b
train/Paint Off/103_6_JPG_jpg.rf.QtAPhQm7dyAUYD4FTPHy.jpg,Paint Off,4,P103,P103,train,6,0,test,train,train,train,train,f745f4edcb0aece4fd058b65efea4f20
train/Paint Off/113_24_JPG_jpg.rf.fUGCH3nY8m9DM0g32wJF.jpg,Paint Off,4,P113,P113,train,24,4,train,train,train,train,test,06846b1578f0785b3e19b332307f620b
train/Paint Off/113_6_JPG_jpg.rf.D9xEqMWY9CJ4MXC08Noo.jpg,Paint Off,4,P113,P113,train,6,4,train,train,train,train,test,c302df7500b0ff46f99bf6656b2e688f
train/Paint Off/122D07D6-FEEB-4CE7-A888-0DECD2937642-jpeg-b010b33804822b65aeb7256bb33f66ca_jpeg_jpg.rf.utvXSXjxzcKzAv7jMuUL.jpg,Paint Off,4,P81,S_122D07D6-FEEB-4CE7-A888-0DECD2937642-jpeg-b010b33804822b65aeb7256bb33f66ca_jpeg_jpg,train,-1,0,test,val,train,train,train,da55bdd008a11390f9682d8f6061f339
train/Paint Off/171_5_JPG_jpg.rf.7YGwvTQ3RwXzxTNDkhIS.jpg,Paint Off,4,P171,P171,train,5,0,test,train,train,val,val,82f7f0d366023438a5832886ad6e059f
train/Paint Off/173_10_JPG_jpg.rf.vXBWNFSdPAxszGAN1Uk2.jpg,Paint Off,4,P173,P173,train,10,1,val,test,train,val,val,4bf5cfa6778e2595c1a82411ca691eac
train/Paint Off/173_18_JPG_jpg.rf.Et86K3VoU63cdwOLmizt.jpg,Paint Off,4,P173,P173,train,18,1,val,test,train,val,val,cc6d2f807b14241b012b3111da7ae9c9
train/Paint Off/173_19_JPG_jpg.rf.omRv4NKBX1zIYgqTQ51r.jpg,Paint Off,4,P173,P173,train,19,1,val,test,train,val,val,105f813ca13f2ebbe1b9a77329e16629
train/Paint Off/173_20_JPG_jpg.rf.Hx9wBpWXpksFwRGJJuev.jpg,Paint Off,4,P173,P173,train,20,1,val,test,train,val,val,0359f78c52639ee81d3bc5a30073ef20
train/Paint Off/173_25_JPG_jpg.rf.gv0W8LkDf2mYd9tKfM3l.jpg,Paint Off,4,P173,P173,train,25,1,val,test,train,val,val,ec3c4b401e6310b3846fa44105dd713f
train/Paint Off/173_2_JPG_jpg.rf.gBpYZDVJRY3L0sbrbb5I.jpg,Paint Off,4,P173,P173,train,2,1,val,test,train,val,val,622a8fb1760fc4bcecb75337a7d55b2a
train/Paint Off/173_3_JPG_jpg.rf.Dn9BjCEwKWpXqUOPR2UH.jpg,Paint Off,4,P173,P173,train,3,1,val,test,train,val,val,03f12e0bb079e0f1a89d20fac3296867
train/Paint Off/173_5_JPG_jpg.rf.oYQEtQD25CX6zu3sLcSR.jpg,Paint Off,4,P173,P173,train,5,1,val,test,train,val,val,be61e6d8ec7bae676e375aab7697b9c1
train/Paint Off/173_6_JPG_jpg.rf.ZratdE4FJQjH1ioPjo55.jpg,Paint Off,4,P173,P173,train,6,1,val,test,train,val,val,b06538828f2a02a6b05033454b17c2ca
train/Paint Off/173_8_JPG_jpg.rf.lC6xCqfZ24x9mLpAHZKK.jpg,Paint Off,4,P173,P173,train,8,1,val,test,train,val,val,1403aa152745f98c8cb1354339c02f86
train/Paint Off/174_10_JPG_jpg.rf.zcl1nuw5JXRq4he1112W.jpg,Paint Off,4,P174,P174,train,10,4,train,train,train,train,test,c9d0ca6ce9238521c9782dc72f9f9d54
train/Paint Off/174_11_JPG_jpg.rf.4qX7O0Ml22t3GbY97a5l.jpg,Paint Off,4,P174,P174,train,11,4,train,train,train,train,test,8bae4cd120ab27e21df17756c28159db
train/Paint Off/174_13_JPG_jpg.rf.zozad2kP3aPJQQ8rN3UN.jpg,Paint Off,4,P174,P174,train,13,4,train,train,train,train,test,d3d16429d60b2b7b111240d882e851ba
train/Paint Off/174_14_JPG_jpg.rf.9gKTS2QVlTaM9OZbhxtf.jpg,Paint Off,4,P174,P174,train,14,4,train,train,train,train,test,ae67a78f6aced6fa6afd05b9a3835357
train/Paint Off/174_16_JPG_jpg.rf.H8BG5fPtRzQ3aFxS2jdR.jpg,Paint Off,4,P174,P174,train,16,4,train,train,train,train,test,c62d0aab5738c6d724f7e261f5049146
train/Paint Off/174_17_JPG_jpg.rf.ENfcm0wDbte7Hd3REZzP.jpg,Paint Off,4,P174,P174,train,17,4,train,train,train,train,test,a7c686ced1280279f6dc997eff2c22cf
train/Paint Off/174_19_JPG_jpg.rf.9sLqLfTZNv5wGFfoAxCr.jpg,Paint Off,4,P174,P174,train,19,4,train,train,train,train,test,f0bfe3e6411258775920c8c4625317e6
train/Paint Off/174_1_JPG_jpg.rf.zBQJuJwp8EKEhsWcWpY0.jpg,Paint Off,4,P174,P174,train,1,4,train,train,train,train,test,255cfcdf98a6c247abba1e5425e72e21
train/Paint Off/174_20_JPG_jpg.rf.YNqBbfgZx6jyJ7aPjHuK.jpg,Paint Off,4,P174,P174,train,20,4,train,train,train,train,test,8c2e100e602db7097df3b3274bdb3710
train/Paint Off/174_21_JPG_jpg.rf.tVWfUSqft3oOF2uNDqxm.jpg,Paint Off,4,P174,P174,train,21,4,train,train,train,train,test,ea7c1f2f391332408ba400c79b7f2bca
train/Paint Off/174_22_JPG_jpg.rf.Jv6CjJPt2CR16H8CIRUi.jpg,Paint Off,4,P174,P174,train,22,4,train,train,train,train,test,ff46e2416167f894f3ff3b03800dcb51
train/Paint Off/174_24_JPG_jpg.rf.RxMkL1fJsFpmjS6HkvtM.jpg,Paint Off,4,P174,P174,train,24,4,train,train,train,train,test,ee0952d1b8a996604207ba414ff67dda
train/Paint Off/174_25_JPG_jpg.rf.t3UYRnj77lP0GGsCtd0g.jpg,Paint Off,4,P174,P174,train,25,4,train,train,train,train,test,05d8f964e278e954c8d0957486f2edda
train/Paint Off/174_2_JPG_jpg.rf.i9dIKifa8MePfXSuj6wi.jpg,Paint Off,4,P174,P174,train,2,4,train,train,train,train,test,942cac9a33778c92d695251930f123a9
train/Paint Off/174_3_JPG_jpg.rf.scN81OoJ6jR1ejjFi5up.jpg,Paint Off,4,P174,P174,train,3,4,train,train,train,train,test,222b5d4ffba961e8083ec6348bd5f0d7
train/Paint Off/174_4_JPG_jpg.rf.bNOcIdTEmUYuGgw8KQQi.jpg,Paint Off,4,P174,P174,train,4,4,train,train,train,train,test,589bdae55d35013adabe2597bc062ea1
train/Paint Off/174_8_JPG_jpg.rf.3jREED2FfAjCT1lKLu6u.jpg,Paint Off,4,P174,P174,train,8,4,train,train,train,train,test,e02ebfe76ad65f035648e5b0a2015f8a
train/Paint Off/174_9_JPG_jpg.rf.xGbEz5accpYZc60z5wgA.jpg,Paint Off,4,P174,P174,train,9,4,train,train,train,train,test,fb8a69d421d3fdce24ec6ec35c18edc5
train/Paint Off/192_6_JPG_jpg.rf.wnaKs49EJaWfIczlzRHq.jpg,Paint Off,4,P192,P192,train,6,4,train,train,train,train,test,35059498f0382d17139bc87972a90d43
train/Paint Off/201_12_JPG_jpg.rf.3x044sNnWi3L2a7JyxVX.jpg,Paint Off,4,P201,P201,train,12,3,train,train,val,test,train,c028288febdcbd75269acd569abe00e1
train/Paint Off/201_5_JPG_jpg.rf.QqngVlPwkfTCGbkqEAzW.jpg,Paint Off,4,P201,P201,train,5,3,train,train,val,test,train,bd0af1935b726f2908ae2306a4569228
train/Paint Off/25_6_JPG_jpg.rf.xsL9iW7tbqkxT5eSDbpQ.jpg,Paint Off,4,P25,P25,train,6,3,train,train,val,test,train,20f3ea46cf0766e9869c466822e98d1c
train/Paint Off/27_5_JPG_jpg.rf.a0mMr4RLdV0dNy1vCgZr.jpg,Paint Off,4,P27,P27,train,5,0,test,train,train,train,train,484042558ad5b18cd6039cc9db719391
train/Paint Off/46_10_JPG_jpg.rf.vHe0YhyxY1zDKMBrGJeW.jpg,Paint Off,4,P46,P46,train,10,1,train,test,train,train,train,b26fb430c9c219f3ef405030f6f31027
train/Paint Off/46_13_JPG_jpg.rf.tsF6ZsjqOwRP5wA1Vpp6.jpg,Paint Off,4,P46,P46,train,13,1,train,test,train,train,train,c9ece1a6b2426f3a610d3a609d301169
train/Paint Off/46_19_JPG_jpg.rf.0RPBZS48vuLy1HEsVp5o.jpg,Paint Off,4,P46,P46,train,19,1,train,test,train,train,train,5920dcb9e1a810286a5a2a6e86ad3ef7
train/Paint Off/46_20_JPG_jpg.rf.IGb9wUJQC4GZ1KbkI0A1.jpg,Paint Off,4,P46,P46,train,20,1,train,test,train,train,train,8a69be316968a25e3ba03f66e40e1aac
train/Paint Off/46_8_JPG_jpg.rf.yG4gjoJclC7OkUTujAdr.jpg,Paint Off,4,P46,P46,train,8,1,train,test,train,train,train,cf48787dab8e318165c8e82dbf829e66
train/Paint Off/47_0_JPG_jpg.rf.O9wGwhnB0mvgu8V2qIwX.jpg,Paint Off,4,P47,P47,train,0,1,train,test,train,train,train,4e9cb39e4a267de4fb6b522bbb091fba
train/Paint Off/47_10_JPG_jpg.rf.0yyR7YldYVpP7GH292Pr.jpg,Paint Off,4,P47,P47,train,10,1,train,test,train,train,train,6d527d67a73684e21944a2463a0d6695
train/Paint Off/47_11_JPG_jpg.rf.4G18sP2yIln78I5U9qk5.jpg,Paint Off,4,P47,P47,train,11,1,train,test,train,train,train,109615205e775d4df7e437a337c256d8
train/Paint Off/47_12_JPG_jpg.rf.nzQnRVM1Vg0xcYibGDML.jpg,Paint Off,4,P47,P47,train,12,1,train,test,train,train,train,c33430766756e44a5d09fea0bd073a4f
train/Paint Off/47_13_JPG_jpg.rf.I9Xu0Jid7psSq7VTweF4.jpg,Paint Off,4,P47,P47,train,13,1,train,test,train,train,train,b75181446e0b79883157f0ac64c4965a
train/Paint Off/47_14_JPG_jpg.rf.kfM0z7e88rzRcrUJusiI.jpg,Paint Off,4,P47,P47,train,14,1,train,test,train,train,train,813752a0e524ace260e81610cf6007ff
train/Paint Off/47_15_JPG_jpg.rf.Uj4cHrtGB09wzvULrl5M.jpg,Paint Off,4,P47,P47,train,15,1,train,test,train,train,train,702a2248685aa9e9a5310432b50221fc
train/Paint Off/47_16_JPG_jpg.rf.rAuBMTwaMxvMBNY15HNt.jpg,Paint Off,4,P47,P47,train,16,1,train,test,train,train,train,6c7202d25b3704764a22753c859adc5a
train/Paint Off/47_17_JPG_jpg.rf.LUtojHJ1zeF5vTq1ljEe.jpg,Paint Off,4,P47,P47,train,17,1,train,test,train,train,train,38babec9c2869c178be0786ce49e6873
train/Paint Off/47_19_JPG_jpg.rf.ja51KmBHtaIOgMmbyUAv.jpg,Paint Off,4,P47,P47,train,19,1,train,test,train,train,train,52fa76cc550dd6544215afd075e22a6b
train/Paint Off/47_20_JPG_jpg.rf.EVG8lxolCSVWf7AzkBaR.jpg,Paint Off,4,P47,P47,train,20,1,train,test,train,train,train,2caf4f7b0abddfd77c1e98abb77eb01f
train/Paint Off/47_21_JPG_jpg.rf.GY4nj0uaI6FnFpYhllzj.jpg,Paint Off,4,P47,P47,train,21,1,train,test,train,train,train,a12af68500cc0511f18c9597d26a4910
train/Paint Off/47_24_JPG_jpg.rf.YwUsnsjwvdoq6sWIrAOi.jpg,Paint Off,4,P47,P47,train,24,1,train,test,train,train,train,ea774c4c8b3b56f6df95c7af355a4481
train/Paint Off/47_25_JPG_jpg.rf.NJDLTuCeejMzlMnGop3Y.jpg,Paint Off,4,P47,P47,train,25,1,train,test,train,train,train,e4093512981ff13fcfc7ee290ff2c9ec
train/Paint Off/47_2_JPG_jpg.rf.DA7x5dc0lAdhGqpoBv7u.jpg,Paint Off,4,P47,P47,train,2,1,train,test,train,train,train,dbaa93022a624e87a2a280a6412bb5b2
train/Paint Off/47_3_JPG_jpg.rf.s5ZsY8YZuSvsRIShUIpI.jpg,Paint Off,4,P47,P47,train,3,1,train,test,train,train,train,6cefa263abb6a9fd2fe10770fe4df38e
train/Paint Off/47_4_JPG_jpg.rf.y7upWHG9cKWa1KLp6zbk.jpg,Paint Off,4,P47,P47,train,4,1,train,test,train,train,train,e46b461867f09dd54e33f5d235857a72
train/Paint Off/47_5_JPG_jpg.rf.AmAKE4NxLSVDK2H5VzLd.jpg,Paint Off,4,P47,P47,train,5,1,train,test,train,train,train,8586e100f75440df3ae7e5bf432c82b7
train/Paint Off/47_6_JPG_jpg.rf.NYWtpdANru8nqJUNrZIa.jpg,Paint Off,4,P47,P47,train,6,1,train,test,train,train,train,b25be9d312699445afd6ace4a837a42d
train/Paint Off/47_7_JPG_jpg.rf.e7680QuuidrGq3ajTGPR.jpg,Paint Off,4,P47,P47,train,7,1,train,test,train,train,train,6020003fdeae194771264fed5d40af72
train/Paint Off/47_8_JPG_jpg.rf.Bv8yNgTYPg3PCktjJDUw.jpg,Paint Off,4,P47,P47,train,8,1,train,test,train,train,train,e046cb910fa6a038db0eb30d218a73a4
train/Paint Off/47_9_JPG_jpg.rf.74ch0A5qzDa6xzrzdS4X.jpg,Paint Off,4,P47,P47,train,9,1,train,test,train,train,train,727a45ad15da40cbe689b9cc729e3b49
train/Paint Off/4NRWU7AUXNKFPOSDMWQK3LP2ZE_jpg.rf.iGlvVBWuHI5l7GEu2AoJ.jpg,Paint Off,4,S_4NRWU7AUXNKFPOSDMWQK3LP2ZE_jpg,S_4NRWU7AUXNKFPOSDMWQK3LP2ZE_jpg,train,-1,1,train,test,val,train,train,47cf4e2ecd829718cd7cd9874563f8cd
train/Paint Off/4NRWU7AUXNKFPOSDMWQK3LP2ZE_jpg.rf.qrkJmTGOQdjsoEL49ZuR.jpg,Paint Off,4,S_4NRWU7AUXNKFPOSDMWQK3LP2ZE_jpg,S_4NRWU7AUXNKFPOSDMWQK3LP2ZE_jpg,train,-1,1,train,test,val,train,train,316282e4e6f5549f6e132aabea1b9481
train/Paint Off/81_16_JPG_jpg.rf.Bac1jbQPD1RK4zGvAATb.jpg,Paint Off,4,P81,P81,train,16,0,test,val,train,train,train,3e3921f534202d67aed65d3a9a87ee36
train/Paint Off/81_19_JPG_jpg.rf.rVASFoAbfuK2xTzsy87o.jpg,Paint Off,4,P81,P81,train,19,0,test,val,train,train,train,520ca8f2d0fc58bac70a9ec00dbf911e
train/Paint Off/81_1_JPG_jpg.rf.OU1BxXyYMFZnm7DSkNKc.jpg,Paint Off,4,P81,P81,train,1,0,test,val,train,train,train,c530aa356a04c3a698e8acc840e3afd2
train/Paint Off/81_22_JPG_jpg.rf.PB2DkM2jyGSyrNFOtAZr.jpg,Paint Off,4,P81,P81,train,22,0,test,val,train,train,train,065ca17ab6e2b0307f2f842bad6c7415
train/Paint Off/81_25_JPG_jpg.rf.ygPfeAqDLFkehvbHwA22.jpg,Paint Off,4,P81,P81,train,25,0,test,val,train,train,train,0bef4b279b0b772cd71f67fa5497cea4
train/Paint Off/81_2_JPG_jpg.rf.ZdZLmRU9OROPPPk20eoD.jpg,Paint Off,4,P81,P81,train,2,0,test,val,train,train,train,4160cb5139bb127a6782030ab3051597
train/Paint Off/81_3_JPG_jpg.rf.UHrGRSj6hTc4Iucsp08r.jpg,Paint Off,4,P81,P81,train,3,0,test,val,train,train,train,fa6064b4b28052b905488ec1be7d47d6
train/Paint Off/81_4_JPG_jpg.rf.UPx8CBspDBHGrFgahWJK.jpg,Paint Off,4,P81,P81,train,4,0,test,val,train,train,train,42e764f5e4af8c033c7f2ce6c45e4ccb
train/Paint Off/81_5_JPG_jpg.rf.RT68PNShaa8tZ82LzmaA.jpg,Paint Off,4,P81,P81,train,5,0,test,val,train,train,train,9c42ba40661d85a6e7e1d976cf291571
train/Paint Off/81_8_JPG_jpg.rf.urzF9XKoVBvvBlslqrz3.jpg,Paint Off,4,P81,P81,train,8,0,test,val,train,train,train,b393c7086ed3dda162d19b46d56c2e82
train/Paint Off/81_9_JPG_jpg.rf.7S9plExHu6KM4i0kHhz8.jpg,Paint Off,4,P81,P81,train,9,0,test,val,train,train,train,3b114dfc0161922782c0e4c6351b2768
train/Paint Off/90_0_JPG_jpg.rf.ApbFPw44wr98JBWZguEp.jpg,Paint Off,4,P90,P90,train,0,0,test,train,train,train,train,6c3b6115b5285a98bba6c1d9f23e9630
train/Paint Off/90_10_JPG_jpg.rf.3f5nI41fu2KvGxFSehwG.jpg,Paint Off,4,P90,P90,train,10,0,test,train,train,train,train,b684203e514c8016f14cf727a42bb35b
train/Paint Off/90_11_JPG_jpg.rf.PpdRop5Gnb08vNrq6Lie.jpg,Paint Off,4,P90,P90,train,11,0,test,train,train,train,train,c6934ac6182ff87d5e740a862d20e2bf
train/Paint Off/90_12_JPG_jpg.rf.VsI2LpdASm2WSwodLmon.jpg,Paint Off,4,P90,P90,train,12,0,test,train,train,train,train,3cc445167d9206ae0cc490a907202922
train/Paint Off/90_13_JPG_jpg.rf.fJ0ghE7NdBFvM52Ervs7.jpg,Paint Off,4,P90,P90,train,13,0,test,train,train,train,train,87fd74545748c9b7f82c76fbf3cefa46
train/Paint Off/90_14_JPG_jpg.rf.PfKc2o0EumzOaTwoPw9o.jpg,Paint Off,4,P90,P90,train,14,0,test,train,train,train,train,326112b87fa98b8c7af3d6e5b0497396
train/Paint Off/90_15_JPG_jpg.rf.XXYcOlaJJeBcNSLChqVi.jpg,Paint Off,4,P90,P90,train,15,0,test,train,train,train,train,4724be1b64bc0a216582819be7767ec4
train/Paint Off/90_16_JPG_jpg.rf.HfyU6prd8ee7DVbuiyLa.jpg,Paint Off,4,P90,P90,train,16,0,test,train,train,train,train,7c51ce1e8418f406859706c6a2c12b75
train/Paint Off/90_17_JPG_jpg.rf.6t0ibuT4FxpYAqPnB4KS.jpg,Paint Off,4,P90,P90,train,17,0,test,train,train,train,train,85c52a3fd96cadb56e4e7d86f20b935c
train/Paint Off/90_18_JPG_jpg.rf.CXw9JkS72G165mgGohff.jpg,Paint Off,4,P90,P90,train,18,0,test,train,train,train,train,074ab52475f98c047b0fb257bafea61f
train/Paint Off/90_19_JPG_jpg.rf.Ed2MdHmldeenNTmdfQUx.jpg,Paint Off,4,P90,P90,train,19,0,test,train,train,train,train,54e7b0ec3eca3095ad5b4c090975b971
train/Paint Off/90_1_JPG_jpg.rf.B95DqDQpJDp4Mu5kSGNY.jpg,Paint Off,4,P90,P90,train,1,0,test,train,train,train,train,2ad18cb800ab002ad02a59e353cd74d1
train/Paint Off/90_20_JPG_jpg.rf.vauCPUFJwS4bhSUy5x8g.jpg,Paint Off,4,P90,P90,train,20,0,test,train,train,train,train,7a68e5afd6fa3165a8c562ac495589c7
train/Paint Off/90_21_JPG_jpg.rf.u5xEKTxe9nDyeNeaQyUZ.jpg,Paint Off,4,P90,P90,train,21,0,test,train,train,train,train,45df3320ca339fed9e25928754fdbfea
train/Paint Off/90_24_JPG_jpg.rf.cVs9t81nJ8a6X0ubcUbX.jpg,Paint Off,4,P90,P90,train,24,0,test,train,train,train,train,fe070390703aa3b7903dfd62a82179aa
train/Paint Off/90_25_JPG_jpg.rf.W89jZA46rM1Q1svx8i2f.jpg,Paint Off,4,P90,P90,train,25,0,test,train,train,train,train,dc2b8727921dc40dd6574ae8d25f3b09
train/Paint Off/90_2_JPG_jpg.rf.HhiDDZpSHEOMGI0nQhJc.jpg,Paint Off,4,P90,P90,train,2,0,test,train,train,train,train,99f36181266653e2373b2c8bb2efd2eb
train/Paint Off/90_4_JPG_jpg.rf.xDBo5ovd8aOTuXIBDIVK.jpg,Paint Off,4,P90,P90,train,4,0,test,train,train,train,train,fcd3f5f66bb18ccb20a6a66deff45dbf
train/Paint Off/90_5_JPG_jpg.rf.AWkZiUaWyrWG7rnqb5FR.jpg,Paint Off,4,P90,P90,train,5,0,test,train,train,train,train,3e4af657e999b5460837af533b1e32d9
train/Paint Off/90_6_JPG_jpg.rf.SWzuvm8OkKXr9CJH6Hj0.jpg,Paint Off,4,P90,P90,train,6,0,test,train,train,train,train,ba1625fa43a8b99b2dd0441633cab9c3
train/Paint Off/90_7_JPG_jpg.rf.BdEv1b91jdoyhmOlJYzG.jpg,Paint Off,4,P90,P90,train,7,0,test,train,train,train,train,a28bf8b1b93d6dc9d83531eab4e1202e
train/Paint Off/90_8_JPG_jpg.rf.zWn8cYQYPNEayqkTHGg3.jpg,Paint Off,4,P90,P90,train,8,0,test,train,train,train,train,a111d7a9216ad0c14125be848a5fa80d
train/Paint Off/90_9_JPG_jpg.rf.358qrbQOVPuekfgTH2W1.jpg,Paint Off,4,P90,P90,train,9,0,test,train,train,train,train,539704075c8ac745464ee111261cc6ad
train/Paint Off/91_0_JPG_jpg.rf.oWVVzUQcXsdE2RkG4jrY.jpg,Paint Off,4,P91,P91,train,0,2,train,train,test,train,train,093257f8f59bcb5e1644a5fc49e5553c
train/Paint Off/91_16_JPG_jpg.rf.Z9my5Xg91J43eZ4HJYui.jpg,Paint Off,4,P91,P91,train,16,2,train,train,test,train,train,49510f95cfd4896cc06bcb7c0935231e
train/Paint Off/91_17_JPG_jpg.rf.uixzscTI0PWWwkALcP0v.jpg,Paint Off,4,P91,P91,train,17,2,train,train,test,train,train,20493e6296d784c409216e521836dfc8
train/Paint Off/91_1_JPG_jpg.rf.7syaMjgi3TXG4za792Fk.jpg,Paint Off,4,P91,P91,train,1,2,train,train,test,train,train,d041f86d476f133910bb71a031960c73
train/Paint Off/91_5_JPG_jpg.rf.gQx3WeklOIo2Fs419CLm.jpg,Paint Off,4,P91,P91,train,5,2,train,train,test,train,train,fcc07fe24ff0c194f87f0d2576e34c29
train/Paint Off/91_8_JPG_jpg.rf.rJaEB5LgOusrTULAXd5H.jpg,Paint Off,4,P91,P91,train,8,2,train,train,test,train,train,062fd074ff55f8a9087cd0a485286945
train/Paint Off/95_0_JPG_jpg.rf.ctTnMjxU4mqBMJaExqdl.jpg,Paint Off,4,P95,P95,train,0,4,train,train,train,val,test,dfacba3496adedfa53448050dfd7dcf9
train/Paint Off/95_10_JPG_jpg.rf.PBmpsVDKEdkfeQFMYd3O.jpg,Paint Off,4,P95,P95,train,10,4,train,train,train,val,test,7ec1d392dfc7ac295fdde21b170245d4
train/Paint Off/95_11_JPG_jpg.rf.WdhtdmK6g63N7nIjZNtx.jpg,Paint Off,4,P95,P95,train,11,4,train,train,train,val,test,91a7e28cd31c23384c848a78079949d6
train/Paint Off/95_12_JPG_jpg.rf.JmkDeom6ABJgmPG3NDbJ.jpg,Paint Off,4,P95,P95,train,12,4,train,train,train,val,test,4bffc429c5dab09be0c134ec2f941175
train/Paint Off/95_14_JPG_jpg.rf.LYjxfgLb0QcMFjgAlBnK.jpg,Paint Off,4,P95,P95,train,14,4,train,train,train,val,test,eed421853d1a930ab8a39ba82b2c8df4
train/Paint Off/95_15_JPG_jpg.rf.K8dKjhADiLiLG73uZ4zu.jpg,Paint Off,4,P95,P95,train,15,4,train,train,train,val,test,1dbb21f29422ed13a96259c9e0b2d7bb
train/Paint Off/95_17_JPG_jpg.rf.g8A3BosppzQXmrcKMyJb.jpg,Paint Off,4,P95,P95,train,17,4,train,train,train,val,test,34e58992c9cce066f0c7720ecdcce07f
train/Paint Off/95_18_JPG_jpg.rf.7PTnmEde8xvrtC6DrND8.jpg,Paint Off,4,P95,P95,train,18,4,train,train,train,val,test,24859429258155558015e52089df09e4
train/Paint Off/95_19_JPG_jpg.rf.pREjF1cRZsL8sm50DZRV.jpg,Paint Off,4,P95,P95,train,19,4,train,train,train,val,test,7f468cd65bc5c9d911673f32a1ff7fb6
train/Paint Off/95_1_JPG_jpg.rf.hxGr5qf0i36JOvSlM6fk.jpg,Paint Off,4,P95,P95,train,1,4,train,train,train,val,test,6f59e6345f15f37a8c38491ad56d3813
train/Paint Off/95_20_JPG_jpg.rf.1dDQrGc68NDoDLrzg82t.jpg,Paint Off,4,P95,P95,train,20,4,train,train,train,val,test,0ae278c35f8a849c345622cb447d8931
train/Paint Off/95_21_JPG_jpg.rf.yzM0kCvrKxyxnfUMg0zF.jpg,Paint Off,4,P95,P95,train,21,4,train,train,train,val,test,32c7c4ddd620e565dd0b04dd7c088b22
train/Paint Off/95_23_JPG_jpg.rf.GLKbpBDJYi0xoQ1W62g5.jpg,Paint Off,4,P95,P95,train,23,4,train,train,train,val,test,3f7b841f81d084426c87beca498ca4a8
train/Paint Off/95_25_JPG_jpg.rf.eawze2N1c6Oq5mChEZOd.jpg,Paint Off,4,P95,P95,train,25,4,train,train,train,val,test,431461cbd884f9de0f1e3c261a6da187
train/Paint Off/95_2_JPG_jpg.rf.zDoe9QVqFJYNVjM3KfeO.jpg,Paint Off,4,P95,P95,train,2,4,train,train,train,val,test,6d1cb68f4a6ee03651350321abe024c0
train/Paint Off/95_3_JPG_jpg.rf.JUK5gNgQHud5WW7dmRFz.jpg,Paint Off,4,P95,P95,train,3,4,train,train,train,val,test,6713408200e8695dca3da53efe0ce0d8
train/Paint Off/95_4_JPG_jpg.rf.IlbsCbIeoKzWsvcEDI7i.jpg,Paint Off,4,P95,P95,train,4,4,train,train,train,val,test,64dac6a5cd5a9861cf25a74323820f4e
train/Paint Off/95_5_JPG_jpg.rf.N1czPpBYFqoOaMhyuChI.jpg,Paint Off,4,P95,P95,train,5,4,train,train,train,val,test,d61b2f20cdb8551d10439c4734ec46ca
train/Paint Off/95_8_JPG_jpg.rf.g4IpCw3GzxLhH6t9CYzW.jpg,Paint Off,4,P95,P95,train,8,4,train,train,train,val,test,2edb29aae64a8f780cf7a3fb6193242f
train/Paint Off/95_9_JPG_jpg.rf.dO4AGTuWBQDHeZIMLug9.jpg,Paint Off,4,P95,P95,train,9,4,train,train,train,val,test,30c295d0f6301a91684b8db17d36f397
train/Paint Off/99_0_JPG_jpg.rf.PpYQ9zeLJAnVmlFWX5eq.jpg,Paint Off,4,P99,P99,train,0,3,train,train,train,test,train,4e01de52cf6fc00450d271a47236f66d
train/Paint Off/99_10_JPG_jpg.rf.kuKOwYrbR2I70UCAtmBM.jpg,Paint Off,4,P99,P99,train,10,3,train,train,train,test,train,325eabd66ba168dfcbecce42cb4138c0
train/Paint Off/99_12_JPG_jpg.rf.JvYsEeSMB9Jn2XVX8Aaw.jpg,Paint Off,4,P99,P99,train,12,3,train,train,train,test,train,7af5989dab977500c3e2b1a7fc232a6f
train/Paint Off/99_13_JPG_jpg.rf.Fn4SlSG2tFhqLutJDnFq.jpg,Paint Off,4,P99,P99,train,13,3,train,train,train,test,train,f2441ff5227babc9098ae7c21c3801f3
train/Paint Off/99_14_JPG_jpg.rf.lEIv6FALquyS8s34dpXQ.jpg,Paint Off,4,P99,P99,train,14,3,train,train,train,test,train,e2daa9527ade5e252a0c7c9b35f62c8d
train/Paint Off/99_15_JPG_jpg.rf.EEabH2glbvcH48vn5H9Q.jpg,Paint Off,4,P99,P99,train,15,3,train,train,train,test,train,a1a69eb079a4d31d21c2209645329c36
train/Paint Off/99_16_JPG_jpg.rf.DkWOuHuANCfJzkg1CwF4.jpg,Paint Off,4,P99,P99,train,16,3,train,train,train,test,train,960a0d286c942dd677111abfc3354461
train/Paint Off/99_17_JPG_jpg.rf.e0mXG0odAeyj2us0z4db.jpg,Paint Off,4,P99,P99,train,17,3,train,train,train,test,train,27c19399f20f51294534c92dda0b7481
train/Paint Off/99_18_JPG_jpg.rf.CYr5i0XlA1iQ6odecMqi.jpg,Paint Off,4,P99,P99,train,18,3,train,train,train,test,train,31f8761414f53bc9ea667acaffc7c794
train/Paint Off/99_1_JPG - Copy_jpg.rf.EKNpxD6VGtW3bs6b0z36.jpg,Paint Off,4,P99,P99,train,1,3,train,train,train,test,train,922d5937635434480a751195bbb066cd
train/Paint Off/99_20_JPG_jpg.rf.o59F8c7b98qn8M0JsYki.jpg,Paint Off,4,P99,P99,train,20,3,train,train,train,test,train,2545d27f96463a4478f8590e39be085f
train/Paint Off/99_21_JPG_jpg.rf.cG2ZyQn7ATUIad6P3Ed9.jpg,Paint Off,4,P99,P99,train,21,3,train,train,train,test,train,cc069697e7ffc7488719e02755e763cd
train/Paint Off/99_23_JPG_jpg.rf.8SmgXoA42Nh5goUM6blw.jpg,Paint Off,4,P99,P99,train,23,3,train,train,train,test,train,79c828ddc5f2a44ecbb9b50ad814d2be
train/Paint Off/99_24_JPG_jpg.rf.BiZp6KWIEG7iyl5ONvys.jpg,Paint Off,4,P99,P99,train,24,3,train,train,train,test,train,e064a3f4058a60333d2523bf8b70e027
train/Paint Off/99_25_JPG_jpg.rf.oCNJ7kQX7wdtXOpYuo2d.jpg,Paint Off,4,P99,P99,train,25,3,train,train,train,test,train,5755c106fd82fd57df7082f18a589b20
train/Paint Off/99_2_JPG_jpg.rf.9iQKXd6qjyCOHylLdXUr.jpg,Paint Off,4,P99,P99,train,2,3,train,train,train,test,train,390037e4c8a3a04c0a9c9dafdfc077d0
train/Paint Off/99_3_JPG - Copy_jpg.rf.ro7gHdkLJJ4CdeLleJpD.jpg,Paint Off,4,P99,P99,train,3,3,train,train,train,test,train,60e2d1c6c45f323780d04120f53e4e4e
train/Paint Off/99_4_JPG_jpg.rf.vCqosgsnJqK4ZSj65SiP.jpg,Paint Off,4,P99,P99,train,4,3,train,train,train,test,train,1b49b024ca6b8e5ea862467299859898
train/Paint Off/99_6_JPG - Copy_jpg.rf.webCg0F0aSmiya0DKDaz.jpg,Paint Off,4,P99,P99,train,6,3,train,train,train,test,train,1726bbeb8ad9b4d68d39ba41dcdca401
train/Paint Off/99_7_JPG_jpg.rf.QFCCC1Fnu7LbtSewDkN4.jpg,Paint Off,4,P99,P99,train,7,3,train,train,train,test,train,48cf67904d0ae68eac87073aac658fe7
train/Paint Off/image027_jpg.rf.XAGmMiRb16jG0EQkDDYs.jpg,Paint Off,4,P47,S_image027_jpg,train,-1,1,train,test,train,train,train,92b6be27bf3fce71e5af5c76878c6044
train/Paint Off/IMG_20230511_095814_jpg.rf.HzY4YV2xAZ6Dy3uKDzar.jpg,Paint Off,4,S_IMG_20230511_095814_jpg,S_IMG_20230511_095814_jpg,train,-1,4,train,train,val,train,test,74d4a1c810c21593f8884d51396c9ca8
train/Paint Off/IMG_20230511_100336_jpg.rf.xB0TEhRGvFyNbNTvfYG2.jpg,Paint Off,4,S_IMG_20230511_100336_jpg,S_IMG_20230511_100336_jpg,train,-1,2,train,train,test,train,train,cfa3a529b1b6f1531a8c5fe9b525e718
train/Paint Off/IMG_20230511_100449_jpg.rf.zoQXfyh6Dgprgg4aObt2.jpg,Paint Off,4,S_IMG_20230511_100449_jpg,S_IMG_20230511_100449_jpg,train,-1,0,test,train,train,train,train,dd414ab8dddf3fa50a182cfa6ed001f4
train/Paint Off/IMG_20230511_100454_jpg.rf.UJk7KX3BAwA1PS5ixVnJ.jpg,Paint Off,4,S_IMG_20230511_100454_jpg,S_IMG_20230511_100454_jpg,train,-1,1,train,test,train,train,train,eb7543384c3a2e340dfd79722b3e8302
train/Paint Off/IMG_20230511_100557_jpg.rf.8ZUiBNnEkI17lPhwECx7.jpg,Paint Off,4,S_IMG_20230511_100557_jpg,S_IMG_20230511_100557_jpg,train,-1,3,train,train,train,test,train,15d0fb45530f7092d4e0d58ecb5100b8
train/Paint Off/IMG_20230511_100718_jpg.rf.NUADytj8sS9wZpEmgBQG.jpg,Paint Off,4,S_IMG_20230511_100718_jpg,S_IMG_20230511_100718_jpg,train,-1,1,train,test,train,train,train,1a77ab51c5dae4a760c3e9a9e4b53fcb
train/Paint Off/IMG_20230511_100753_jpg.rf.MeHf02hCvuqvOah9M2MC.jpg,Paint Off,4,S_IMG_20230511_100753_jpg,S_IMG_20230511_100753_jpg,train,-1,4,train,train,train,train,test,8a6eeef48cb2b6ff2a21d6f1070c9671
train/Paint Off/IMG_20230511_101814_jpg.rf.OZOratUrWOyA8M8Vn8zd.jpg,Paint Off,4,S_IMG_20230511_101814_jpg,S_IMG_20230511_101814_jpg,train,-1,4,train,train,train,train,test,e4c822c4cb480ef92418b6b81d6cac16
train/Paint Off/IMG_20230511_101828_jpg.rf.O0NHC6wfR44ilbqUAC6Y.jpg,Paint Off,4,S_IMG_20230511_101828_jpg,S_IMG_20230511_101828_jpg,train,-1,1,train,test,train,train,train,ae38158d7364cc2c6e96f513b17162e6
train/Paint Off/IMG_20230511_102032_jpg.rf.sL8IPzDc7G4kVE0b49Qn.jpg,Paint Off,4,S_IMG_20230511_102032_jpg,S_IMG_20230511_102032_jpg,train,-1,3,train,train,train,test,train,346a88138228344fe9268d35c5dd4519
train/Paint Off/IMG_20230511_102036_jpg.rf.ZMs8QYvC8vGJ67GlHJUw.jpg,Paint Off,4,S_IMG_20230511_102036_jpg,S_IMG_20230511_102036_jpg,train,-1,0,test,train,train,train,train,c38dfb10c3c18f97e7f507843c450dcc
train/Paint Off/IMG_20230511_102400_jpg.rf.fox2XJ9DDpv9cCygeuEd.jpg,Paint Off,4,S_IMG_20230511_102400_jpg,S_IMG_20230511_102400_jpg,train,-1,0,test,train,val,train,train,eca32f3a91023c340b3b1504eacc14e6
train/Paint Off/IMG_20230511_102612_jpg.rf.Z0uoYMIRVrYjl7xFwNlR.jpg,Paint Off,4,S_IMG_20230511_102612_jpg,S_IMG_20230511_102612_jpg,train,-1,0,test,train,train,train,train,870e18413afac7d51b808fe6a3809fe3
train/Paint Off/IMG_20230511_102959_jpg.rf.jcmw51Ca70zVkoB9ELbP.jpg,Paint Off,4,S_IMG_20230511_102959_jpg,S_IMG_20230511_102959_jpg,train,-1,3,train,train,train,test,train,57054b658602f81f38c8e8f7302e9659
train/Paint Off/IMG_20230511_103018_jpg.rf.oJoTstzX4d79lm3cxAAN.jpg,Paint Off,4,S_IMG_20230511_103018_jpg,S_IMG_20230511_103018_jpg,train,-1,2,train,train,test,train,train,9305bdc76ec40cff2dd6d17df000ee77
train/Paint Off/IMG_20230511_103032_jpg.rf.6z44GuZ61QM9ax1kNIQ4.jpg,Paint Off,4,S_IMG_20230511_103032_jpg,S_IMG_20230511_103032_jpg,train,-1,0,test,train,train,train,train,3ad26f992688e98380ae912af2cf48cf
train/Paint Off/IMG_20230511_103303_jpg.rf.M25KPQHTcAueXqFLfLTT.jpg,Paint Off,4,S_IMG_20230511_103303_jpg,S_IMG_20230511_103303_jpg,train,-1,1,train,test,train,train,train,b83978507315640a49dba964a28ad8b3
train/Paint Off/IMG_20230511_103325_jpg.rf.k8kUyrmHOWq8inG3JyEh.jpg,Paint Off,4,S_IMG_20230511_103325_jpg,S_IMG_20230511_103325_jpg,train,-1,3,train,train,train,test,train,f3f86f3a996be79e58f623d20b0309b1
train/Paint Off/IMG_20230511_103639_jpg.rf.jVfrp7BAj8GwoKW2ASED.jpg,Paint Off,4,S_IMG_20230511_103639_jpg,S_IMG_20230511_103639_jpg,train,-1,0,test,train,train,train,train,4f0393f2c2a08d4f5475b07927baa423
train/Paint Off/IMG_20230511_103815_jpg.rf.bRf2iogrzEqxPyAkNwrB.jpg,Paint Off,4,S_IMG_20230511_103815_jpg,S_IMG_20230511_103815_jpg,train,-1,4,train,train,train,train,test,4f13b8199b67e0c2673bffcb67bd7af3
train/Paint Off/IMG_20230511_104117_jpg.rf.CTgERnCPFWQaolP6AxEM.jpg,Paint Off,4,S_IMG_20230511_104117_jpg,S_IMG_20230511_104117_jpg,train,-1,3,train,train,train,test,train,3cd70409b5bd7cf9968a85a87d7500d7
train/Paint Off/IMG_20230511_104232_jpg.rf.aMvD8aLG6uCRIk1mJL4p.jpg,Paint Off,4,S_IMG_20230511_104232_jpg,S_IMG_20230511_104232_jpg,train,-1,4,train,train,val,train,test,2443a3b8ace81f5b330f1d986a6e386f
train/Paint Off/IMG_20230511_104245_jpg.rf.Rw9ZNhWl1c8hztd4QzbE.jpg,Paint Off,4,S_IMG_20230511_104245_jpg,S_IMG_20230511_104245_jpg,train,-1,3,train,train,train,test,train,f3fc28dbcda170aca65ece7f680f0533
train/Paint Off/IMG_20230511_104400_jpg.rf.G1WDl3gOOJZs45Vez4As.jpg,Paint Off,4,S_IMG_20230511_104400_jpg,S_IMG_20230511_104400_jpg,train,-1,2,train,train,test,train,train,0487e3c708a901db1c3b017d44b74367
train/Paint Off/IMG_20230511_104716_jpg.rf.mk9K2Zw46OcwUPzmRsnY.jpg,Paint Off,4,S_IMG_20230511_104716_jpg,S_IMG_20230511_104716_jpg,train,-1,4,train,train,train,train,test,caf1a8e10479c1f0dbb642fbace744dd
train/Paint Off/IMG_20230511_105128_jpg.rf.XLzuK6AnWTBKLFat5XnK.jpg,Paint Off,4,S_IMG_20230511_105128_jpg,S_IMG_20230511_105128_jpg,train,-1,0,test,train,train,train,train,ae8e65106c9f9251de953098dc45fc75
train/Paint Off/IMG_20230511_105606_jpg.rf.MqAeNjLbzWctVIoYmT70.jpg,Paint Off,4,S_IMG_20230511_105606_jpg,S_IMG_20230511_105606_jpg,train,-1,3,train,train,val,test,train,8e11a22b0231ad2f8f59097f24f88067
train/Paint Off/IMG_20230511_105708_jpg.rf.EoKF0Oq3NIZJW2tjmO7E.jpg,Paint Off,4,S_IMG_20230511_105708_jpg,S_IMG_20230511_105708_jpg,train,-1,2,train,train,test,train,train,078b70c0ca8f56b2f12acdccd5076229
train/Paint Off/IMG_20230512_120758_jpg.rf.MnWf0S0fmxmuNpSxfNGB.jpg,Paint Off,4,S_IMG_20230512_120758_jpg,S_IMG_20230512_120758_jpg,train,-1,1,train,test,train,train,train,9aa7374c47f90a5fc1a30352a04af98f
train/Paint Off/IMG_20230513_095639_jpg.rf.27r3cuUHPgeAlIhmZ5On.jpg,Paint Off,4,S_IMG_20230513_095639_jpg,S_IMG_20230513_095639_jpg,train,-1,4,train,train,train,train,test,162be4f17e5c19c124fdb556481823c4
train/Paint Off/IMG_20230513_095645_jpg.rf.xk7PkyJQkVsLt3iHI7XP.jpg,Paint Off,4,S_IMG_20230513_095645_jpg,S_IMG_20230513_095645_jpg,train,-1,0,test,train,train,train,train,15ee0a3ab682bb2aac2e92443c6470f9
train/Paint Off/IMG_20230513_095653_jpg.rf.y4RCdFXNCqpLV9XbIPf1.jpg,Paint Off,4,S_IMG_20230513_095653_jpg,S_IMG_20230513_095653_jpg,train,-1,1,train,test,train,train,train,b071913007db4a77b834140de0bab84c
train/Paint Off/IMG_20230513_095655_jpg.rf.zlwRKnSwYPHTVhv6PB5f.jpg,Paint Off,4,S_IMG_20230513_095655_jpg,S_IMG_20230513_095655_jpg,train,-1,3,train,train,val,test,train,aad9de747c0f49afbeb0605d247b9d59
train/Paint Off/IMG_20230513_095859_jpg.rf.Sh5Z3kEAjCRVy91bMxMY.jpg,Paint Off,4,S_IMG_20230513_095859_jpg,S_IMG_20230513_095859_jpg,train,-1,3,train,train,val,test,train,d510798606b64439b0fb46605eb0abda
train/Paint Off/IMG_20230513_101130_jpg.rf.l8vilHAqCz1m3YyYLKSl.jpg,Paint Off,4,S_IMG_20230513_101130_jpg,S_IMG_20230513_101130_jpg,train,-1,1,train,test,train,train,train,4e936f3678b88b5c27f5760668d38f4b
train/Paint Off/IMG_20230513_102342_jpg.rf.jVWBN1Y637opUsSofaky.jpg,Paint Off,4,S_IMG_20230513_102342_jpg,S_IMG_20230513_102342_jpg,train,-1,3,train,train,train,test,train,549826ab18334e98aae298ccbe728747
train/Paint Off/IMG_20230513_102344_jpg.rf.GTie0jliFsZ0GVFC1dB7.jpg,Paint Off,4,S_IMG_20230513_102344_jpg,S_IMG_20230513_102344_jpg,train,-1,4,train,train,train,train,test,e4489be208fbd3d91f973000c28888f9
train/Paint Off/IMG_20230513_102352_jpg.rf.P7zW3gnPBLjD1p0l6zDR.jpg,Paint Off,4,S_IMG_20230513_102352_jpg,S_IMG_20230513_102352_jpg,train,-1,1,train,test,train,train,train,906d1e5391439bab7547bf673d11f095
train/Paint Off/IMG_20230513_102355_jpg.rf.ybwun3GNfF5Tq2x4Y5sH.jpg,Paint Off,4,S_IMG_20230513_102355_jpg,S_IMG_20230513_102355_jpg,train,-1,1,train,test,train,train,train,b8d1134954c4b480ec72bbeef6cbc032
train/Paint Off/IMG_20230513_102357_jpg.rf.27wecx8h02VjCvgzEX6Z.jpg,Paint Off,4,S_IMG_20230513_102357_jpg,S_IMG_20230513_102357_jpg,train,-1,0,test,train,train,train,train,02337f9d903565b0166123e123608594
train/Paint Off/IMG_20230513_102411_jpg.rf.DquhLGgLGKQSLxvE2AYF.jpg,Paint Off,4,S_IMG_20230513_102411_jpg,S_IMG_20230513_102411_jpg,train,-1,0,test,train,train,train,train,07bb9554a34222ccda93e12078ea5711
train/Paint Off/IMG_20230513_102413_jpg.rf.gzjWEhIA6QPxWouqF28e.jpg,Paint Off,4,S_IMG_20230513_102413_jpg,S_IMG_20230513_102413_jpg,train,-1,1,train,test,train,train,train,33e27ab495c55d349a985adee222b783
train/Paint Off/IMG_20230513_102557_jpg.rf.pP4PJ9ZiKLaofVKgU9pz.jpg,Paint Off,4,S_IMG_20230513_102557_jpg,S_IMG_20230513_102557_jpg,train,-1,4,train,train,train,train,test,0ffbb14dd819c572a12ae162a6e5062e
train/Paint Off/IMG_20230513_102601_jpg.rf.HXRT9U7WAAGPLCh2P2X0.jpg,Paint Off,4,S_IMG_20230513_102601_jpg,S_IMG_20230513_102601_jpg,train,-1,1,train,test,train,train,train,7f6e8c3520be6c09572cb951da8adec8
train/Paint Off/Previousdamage_jpg.rf.DNVzErR0qWCy1PuYB6Y3.jpg,Paint Off,4,S_Previousdamage_jpg,S_Previousdamage_jpg,train,-1,0,test,train,train,train,train,528cbf9b0139b82a8d128252dcbf334d
train/Scratch/02-fiberglass-cracks_jpg.rf.tjLhGyVjyFMPoktfUviT.jpg,Scratch,5,P73,S_02-fiberglass-cracks_jpg,train,-1,0,test,train,train,val,val,d9075972c777692ba606a39822c357b8
train/Scratch/1020171150b_jpg.rf.Kl0KxoZlWuV8p7OPurFD.jpg,Scratch,5,S_1020171150b_jpg,S_1020171150b_jpg,train,-1,2,train,train,test,train,train,d3cd730184b51cdd7e6df215791894ce
train/Scratch/1020171150b_jpg.rf.T35AEFQ5JOnCvo8f8XTE.jpg,Scratch,5,S_1020171150b_jpg,S_1020171150b_jpg,train,-1,2,train,train,test,train,train,f804099b4074e1635dd1618f48e00d5a
train/Scratch/1020171150b_jpg.rf.wHVrcx93HP7LQsl9C0X3.jpg,Scratch,5,S_1020171150b_jpg,S_1020171150b_jpg,train,-1,2,train,train,test,train,train,384404e863b598214a87bdc8d7e60dac
train/Scratch/112_6_JPG_jpg.rf.r53fOYsFT4UUx84PqnaW.jpg,Scratch,5,P112,P112,train,6,0,test,train,train,train,train,547c4cda27f44eb8b6bd97f51521b806
train/Scratch/15_10_JPG_jpg.rf.jbEZulbDbgnV0KlFYcFt.jpg,Scratch,5,P15,P15,train,10,2,val,train,test,train,train,41887239f5a936c36b781524fce81b2a
train/Scratch/195_11_JPG_jpg.rf.AzrIboP0xPSqHAHOumN0.jpg,Scratch,5,P42,P195,train,11,0,test,train,val,train,train,f7088fb537e703528b823f56ad0adb08
train/Scratch/197_11_JPG_jpg.rf.X0rccpjeYLLI34sJx1pz.jpg,Scratch,5,P197,P197,train,11,4,val,val,train,train,test,585346cc9aba6ad21d65b8a0f1c81af0
train/Scratch/197_7_JPG_jpg.rf.DEQigS6BUI3nlzYx5w7F.jpg,Scratch,5,P197,P197,train,7,4,val,val,train,train,test,9a62dcf37aa439176655e3c144fcf52f
train/Scratch/20160215_205045_jpg.rf.In9KpMSl2pVigNmsaE8I.jpg,Scratch,5,S_20160215_205045_jpg,S_20160215_205045_jpg,train,-1,2,val,train,test,train,train,2ec7d3f34d13442534da6083f3052382
train/Scratch/25_5_JPG_jpg.rf.ZpL6hFf60LLbjnql1cb4.jpg,Scratch,5,P25,P25,train,5,3,train,train,val,test,train,eea2c918df835ea258897de785ffb7a1
train/Scratch/27_19_JPG_jpg.rf.ItXYRBfCWmALm19SvJqI.jpg,Scratch,5,P27,P27,train,19,0,test,train,train,train,train,214e4c2e27337368cf124da033a441ae
train/Scratch/27_22_JPG_jpg.rf.t5K82m9itbnb8Bc8V61V.jpg,Scratch,5,P27,P27,train,22,0,test,train,train,train,train,c3b54a03375d299d8bcb001812febc8b
train/Scratch/27_4_JPG_jpg.rf.33Gdq4zTkNKvRTzxOC8I.jpg,Scratch,5,P27,P27,train,4,0,test,train,train,train,train,8409954c843edca2da6ba01d227e3141
train/Scratch/29_19_JPG_jpg.rf.yIfJP8eHI5PPUdRgc9qW.jpg,Scratch,5,P29,P29,train,19,3,train,val,val,test,train,17fa46ccc49df50f3b04b4de87c369bd
train/Scratch/29_20_JPG_jpg.rf.wJTPLjZajWQVYM20bBtB.jpg,Scratch,5,P29,P29,train,20,3,train,val,val,test,train,95915a3bbccba8ad6024aba878a89089
train/Scratch/29_6_JPG_jpg.rf.Xd5vHBdkvQa1KSdhccb1.jpg,Scratch,5,P29,P29,train,6,3,train,val,val,test,train,50f39de4436362e4efd8c43e39bec222
train/Scratch/31_0_JPG_jpg.rf.lNfCvrWHO3iZIwcixEC4.jpg,Scratch,5,P31,P31,train,0,0,test,train,train,train,train,63963e21106d6fef371047f945ee93a5
train/Scratch/31_22_JPG_jpg.rf.TNN6AY3vNZ3H9P1eageF.jpg,Scratch,5,P31,P31,train,22,0,test,train,train,train,train,fbeca6965a726fef0ca10e8fcdf7072e
train/Scratch/40_0_JPG_jpg.rf.9ZKAixmtQJr5RUrg3DFh.jpg,Scratch,5,P40,P40,train,0,1,train,test,train,train,train,df444508f349f011d40b182c53dc8aa0
train/Scratch/40_10_JPG_jpg.rf.O8sDWydL091kmtgGpM2V.jpg,Scratch,5,P40,P40,train,10,1,train,test,train,train,train,174f80f131599c0330377d448501b6a6
train/Scratch/40_11_JPG_jpg.rf.iVpGUBuwCci7D9WOBdEz.jpg,Scratch,5,P40,P40,train,11,1,train,test,train,train,train,c9ae55743e389b202c1abafc29f75a53
train/Scratch/40_14_JPG_jpg.rf.b0hbgsyD1nqjm4vS1izJ.jpg,Scratch,5,P40,P40,train,14,1,train,test,train,train,train,02803635975a9afd59740c1f456737ec
train/Scratch/40_15_JPG_jpg.rf.w3y4YxrDvIwWpc87muHV.jpg,Scratch,5,P40,P40,train,15,1,train,test,train,train,train,4d1f6489e2705a2ed0f6414c3e57047a
train/Scratch/40_16_JPG_jpg.rf.HRAW7hEoAzG1W5IFwD9G.jpg,Scratch,5,P40,P40,train,16,1,train,test,train,train,train,1f38f0151b91d8f71bc14f98fbdf8374
train/Scratch/40_17_JPG_jpg.rf.XFKdbLyYDJHiE3gvIr1v.jpg,Scratch,5,P40,P40,train,17,1,train,test,train,train,train,adad02350d960eb7e215650bafa9eaaf
train/Scratch/40_18_JPG_jpg.rf.K5EbDWkrFiVXzVzX0Pjo.jpg,Scratch,5,P40,P40,train,18,1,train,test,train,train,train,acc372986682fd177c825436c38a1250
train/Scratch/40_19_JPG_jpg.rf.UyfQPApOTriVqCtgy3LC.jpg,Scratch,5,P40,P40,train,19,1,train,test,train,train,train,bdeb03a26588bb92bdaaf73df378b1e3
train/Scratch/40_1_JPG_jpg.rf.ce7WtsRRep548XmaGxay.jpg,Scratch,5,P40,P40,train,1,1,train,test,train,train,train,3b8b8f95ed2aa913674d8f71d1cd1c40
train/Scratch/40_21_JPG_jpg.rf.9pQvHu3KIFEG358uiLtM.jpg,Scratch,5,P40,P40,train,21,1,train,test,train,train,train,d2a34bd3893fd70ae633b05275b99de7
train/Scratch/40_22_JPG_jpg.rf.9zDvnE49ZB2YV3MJEJBO.jpg,Scratch,5,P40,P40,train,22,1,train,test,train,train,train,9b955c286c3288ae244509829b5d8300
train/Scratch/40_24_JPG_jpg.rf.QQbcVESacBgxOzt0gWZK.jpg,Scratch,5,P40,P40,train,24,1,train,test,train,train,train,874d92482f0ecb0baa4aadb644dd1320
train/Scratch/40_25_JPG_jpg.rf.vk5iFfNeNtdqWEheT6r1.jpg,Scratch,5,P40,P40,train,25,1,train,test,train,train,train,23a34d159ed45bfe65dafe2295356f21
train/Scratch/40_3_JPG_jpg.rf.MBfzigqhP539TjJLVkqq.jpg,Scratch,5,P40,P40,train,3,1,train,test,train,train,train,99c5de4850b8668ec1da5aeb56d8f873
train/Scratch/40_5_JPG_jpg.rf.fFgZDtsYBxWyMCoObDq1.jpg,Scratch,5,P40,P40,train,5,1,train,test,train,train,train,8155635bf93958403c8b1f0eaa04adad
train/Scratch/40_6_JPG_jpg.rf.VfvTdWXsSClChH1Tsjxc.jpg,Scratch,5,P40,P40,train,6,1,train,test,train,train,train,0245f66291f173c24250987a7a93893c
train/Scratch/40_8_JPG_jpg.rf.WgHHrzOzjp7imuMMqLQd.jpg,Scratch,5,P40,P40,train,8,1,train,test,train,train,train,dde727dd745edc56ea8cc74d73c828bd
train/Scratch/73_12_JPG_jpg.rf.fUzCWjCh83Iy0rKsn06A.jpg,Scratch,5,P73,P73,train,12,0,test,train,train,val,val,63e3f148eb23a616e78ede886d3fcdbf
train/Scratch/73_14_JPG_jpg.rf.jjJn6lQsmredmxLz23Wh.jpg,Scratch,5,P73,P73,train,14,0,test,train,train,val,val,b6251e183c96d1f259e80f9c88f7527d
train/Scratch/73_15_JPG_jpg.rf.mlnSIGPskLzaEoBs7Myz.jpg,Scratch,5,P73,P73,train,15,0,test,train,train,val,val,d328401e21f5fcf22ec2bf886124bab7
train/Scratch/73_16_JPG_jpg.rf.muyLiQdTUJd4jMduJe3P.jpg,Scratch,5,P73,P73,train,16,0,test,train,train,val,val,cc349dfdb6f618bb16d0dec012c64417
train/Scratch/73_17_JPG_jpg.rf.Xx0U2YjTBFDstEGT2uR0.jpg,Scratch,5,P73,P73,train,17,0,test,train,train,val,val,5d4b78d75832d1faf4061c82bf6a0bf7
train/Scratch/73_19_JPG_jpg.rf.lboHlgq6W3QWE1EHde9n.jpg,Scratch,5,P73,P73,train,19,0,test,train,train,val,val,56e9c667d6445e15d7aaf872ae13dc81
train/Scratch/73_1_JPG_jpg.rf.CKAcQAWNCvf4HHZ4C2LU.jpg,Scratch,5,P73,P73,train,1,0,test,train,train,val,val,1fc1e718a9971604589cc2b3cd784fdb
train/Scratch/73_22_JPG_jpg.rf.ObTAnVciIjEsDLW0EmsL.jpg,Scratch,5,P73,P73,train,22,0,test,train,train,val,val,8c2ef532eb06e9e6a256439a3216051b
train/Scratch/73_2_JPG_jpg.rf.cciZXlY72f8Tjiwam8wK.jpg,Scratch,5,P73,P73,train,2,0,test,train,train,val,val,e3eb63fafcfbab664f5a7fe47b4cf920
train/Scratch/73_3_JPG_jpg.rf.A9EBzSAgnuhugUhdtubF.jpg,Scratch,5,P73,P73,train,3,0,test,train,train,val,val,39fb8f161eb07402156f37b5e92c2fba
train/Scratch/73_7_JPG_jpg.rf.g8hqH2nGwQ1JFULlmeMW.jpg,Scratch,5,P73,P73,train,7,0,test,train,train,val,val,661a03aa78eb3d5673bc5dee56f0fa61
train/Scratch/73_9_JPG_jpg.rf.6jULczwJfAoAwfcjOIZX.jpg,Scratch,5,P73,P73,train,9,0,test,train,train,val,val,baa96cb8fe22d210f351e586439a3fde
train/Scratch/80_10_JPG_jpg.rf.Tp12e1LZ3dKUGy5IptEM.jpg,Scratch,5,P80,P80,train,10,2,train,train,test,train,train,7f3412278543bf419c0e23a9f699388d
train/Scratch/80_11_JPG_jpg.rf.4CqiNuvZMkP6kiNapd8l.jpg,Scratch,5,P80,P80,train,11,2,train,train,test,train,train,083b295d23aa5e6eb9516d0900576137
train/Scratch/80_14_JPG_jpg.rf.8EUYxR6j7GbMP7m1ZRu8.jpg,Scratch,5,P80,P80,train,14,2,train,train,test,train,train,f9d16e55ff14ee4a60b0fa5a6624c137
train/Scratch/80_15_JPG_jpg.rf.w1kNEHayMD5Dn2W0toxt.jpg,Scratch,5,P80,P80,train,15,2,train,train,test,train,train,8dab8af8a9c6ba78f98c16ffe55f27b7
train/Scratch/80_16_JPG_jpg.rf.ieailWy9ByeJcPIoLarh.jpg,Scratch,5,P80,P80,train,16,2,train,train,test,train,train,a54e92131e35002f0bc6945b1231e232
train/Scratch/80_1_JPG_jpg.rf.HlLmw7gyhQKnmGpvaquK.jpg,Scratch,5,P80,P80,train,1,2,train,train,test,train,train,6fcd570f95253749b42640d0b7b3e92b
train/Scratch/80_20_JPG_jpg.rf.haKSqwgwEXpRyQLQEt8J.jpg,Scratch,5,P80,P80,train,20,2,train,train,test,train,train,12e3ccc514d1a4897487d3034636dda2
train/Scratch/80_21_JPG_jpg.rf.2zdTXYUvFIAm46lS0yYG.jpg,Scratch,5,P80,P80,train,21,2,train,train,test,train,train,fcc70808289cfb633d8438fa7d980791
train/Scratch/80_22_JPG_jpg.rf.ZGJHtaW1VpnJfifMsIC9.jpg,Scratch,5,P80,P80,train,22,2,train,train,test,train,train,37abc8061ac1f9871cecbae10301efcb
train/Scratch/80_3_JPG_jpg.rf.jGNFOztq0HYYAB8W5u3R.jpg,Scratch,5,P80,P80,train,3,2,train,train,test,train,train,1222fc907f39c4f6d51caafafa62c942
train/Scratch/80_4_JPG_jpg.rf.rs04S0ggdZbP1rRyNQ17.jpg,Scratch,5,P80,P80,train,4,2,train,train,test,train,train,095896e9974129765b2120fdcc4c99f5
train/Scratch/80_5_JPG_jpg.rf.xt2DMbJwLGAX8GyQyQUM.jpg,Scratch,5,P80,P80,train,5,2,train,train,test,train,train,7a729cde6f824172830dd5986bf3a122
train/Scratch/80_7_JPG_jpg.rf.l3oHBwoFStFwe86r43Yh.jpg,Scratch,5,P80,P80,train,7,2,train,train,test,train,train,5cc6367431ec3120f3104f2bdc829570
train/Scratch/80_8_JPG_jpg.rf.pDhyamU1tOZ2sBAkkT2D.jpg,Scratch,5,P80,P80,train,8,2,train,train,test,train,train,df6be7746ca25493d9dc843676a91933
train/Scratch/86_10_JPG_jpg.rf.gDfpL2RSx4n90pxS3rdi.jpg,Scratch,5,P86,P86,train,10,4,train,train,train,train,test,752c45db3475cead57e70be3a907cf5b
train/Scratch/86_11_JPG_jpg.rf.lVHu0CuSYJawrRhLZL1Q.jpg,Scratch,5,P86,P86,train,11,4,train,train,train,train,test,a459a14d4992b6b549a684912393408f
train/Scratch/86_12_JPG_jpg.rf.G93nafui8HeHGRGR6HhK.jpg,Scratch,5,P86,P86,train,12,4,train,train,train,train,test,4669e72f8fe92b9d8c5908a4710edc34
train/Scratch/86_13_JPG_jpg.rf.eUvfEDuQIjNdQXUTzJw1.jpg,Scratch,5,P86,P86,train,13,4,train,train,train,train,test,e6b926dfbd4c324e93f3b2f483cc83b2
train/Scratch/86_16_JPG_jpg.rf.Mdm8PIiw5BPJxHLvsNMG.jpg,Scratch,5,P86,P86,train,16,4,train,train,train,train,test,88043de0b7a1e65dcf74653115e41a01
train/Scratch/86_17_JPG_jpg.rf.i6a0YogSeiVnSpyzG9WP.jpg,Scratch,5,P86,P86,train,17,4,train,train,train,train,test,b76d0711a1c4e6740ec01932853faf5b
train/Scratch/86_18_JPG_jpg.rf.gqP3jaKUIgJAavrhXkmf.jpg,Scratch,5,P86,P86,train,18,4,train,train,train,train,test,2179afb10a883f2ca77011be510530d6
train/Scratch/86_20_JPG_jpg.rf.ukWqf1XOYoQtHXQrXNei.jpg,Scratch,5,P86,P86,train,20,4,train,train,train,train,test,e38a9a743954b9dff046960dd143eb96
train/Scratch/86_22_JPG_jpg.rf.IXT8P8ne72emlLXFVMsy.jpg,Scratch,5,P86,P86,train,22,4,train,train,train,train,test,a101d505ebcb5be39b930102d395a712
train/Scratch/86_23_JPG_jpg.rf.uenXQRg0sg8wjm58IecZ.jpg,Scratch,5,P86,P86,train,23,4,train,train,train,train,test,b42723546fc99a290461d43d373adc2f
train/Scratch/86_24_JPG_jpg.rf.mQ5CzHSkFzLa2EdGQfDk.jpg,Scratch,5,P86,P86,train,24,4,train,train,train,train,test,980c6052d9f27578b1213a6e91ea6ef0
train/Scratch/86_3_JPG_jpg.rf.NH1TdZGNCHFK180ixrQd.jpg,Scratch,5,P86,P86,train,3,4,train,train,train,train,test,19f7314f539d3183812ea00092abd6f5
train/Scratch/86_4_JPG_jpg.rf.vJqJEGybbXOc4FJU6jwN.jpg,Scratch,5,P86,P86,train,4,4,train,train,train,train,test,cd047aa5748df9fa7e1a386343bfd3f9
train/Scratch/86_5_JPG_jpg.rf.QGKSlqRdl4nOEKG235df.jpg,Scratch,5,P86,P86,train,5,4,train,train,train,train,test,c606209526a5968be4f86ece899d9d18
train/Scratch/86_6_JPG_jpg.rf.UdTMhGmFjxhL2pCd7DVh.jpg,Scratch,5,P86,P86,train,6,4,train,train,train,train,test,64871ebe8d53dd51030e019b28d43df8
train/Scratch/86_7_JPG_jpg.rf.aFKEtY1AAVxMwjfinA4z.jpg,Scratch,5,P86,P86,train,7,4,train,train,train,train,test,4e5c6a68026681317f6fe6e7ce3a27a1
train/Scratch/86_9_JPG_jpg.rf.Lx4giKpUafPkbA7rGB15.jpg,Scratch,5,P86,P86,train,9,4,train,train,train,train,test,51261aa6dd9ae2714e6985b8757c6afb
train/Scratch/87_0_JPG_jpg.rf.O0Nd2NtnqevDRQ8Q2mTv.jpg,Scratch,5,S_Minor-Dents-Repair_jpg,P87,train,0,3,train,train,train,test,train,70ac08c75ffa4898c6b774b29d62e02e
train/Scratch/87_10_JPG_jpg.rf.lqhk2PCtMVBB8ZfI9jI1.jpg,Scratch,5,S_Minor-Dents-Repair_jpg,P87,train,10,3,train,train,train,test,train,03b57df6deaa152cf7d1d68e93185daf
train/Scratch/87_14_JPG_jpg.rf.DBZZWyeisdn7O5KMOzxh.jpg,Scratch,5,S_Minor-Dents-Repair_jpg,P87,train,14,3,train,train,train,test,train,c3cd2c39ddc2e84cb4ed231aa77df19c
train/Scratch/87_15_JPG_jpg.rf.F0bCZ5LmluPIV4r01cng.jpg,Scratch,5,S_Minor-Dents-Repair_jpg,P87,train,15,3,train,train,train,test,train,228fa8bf743849b3304a8c1d42779a46
train/Scratch/87_16_JPG_jpg.rf.XlBFb1C6lUHQDSyQWvYL.jpg,Scratch,5,S_Minor-Dents-Repair_jpg,P87,train,16,3,train,train,train,test,train,023da129f71faa1862b698b67ec1c7cd
train/Scratch/87_18_JPG_jpg.rf.MzEqVdOP80ea8TRI83sI.jpg,Scratch,5,S_Minor-Dents-Repair_jpg,P87,train,18,3,train,train,train,test,train,e6a4276d4163b3da59c79e4716a35c09
train/Scratch/87_19_JPG_jpg.rf.YIBjKWhrR5aACX1ojH3A.jpg,Scratch,5,S_Minor-Dents-Repair_jpg,P87,train,19,3,train,train,train,test,train,ef519e4f07e04bcb6400b1771da2bb7a
train/Scratch/87_20_JPG_jpg.rf.xf4TQAC6J2NIUyCSAMqw.jpg,Scratch,5,S_Minor-Dents-Repair_jpg,P87,train,20,3,train,train,train,test,train,44ca707f7172917a50367b60723ff22f
train/Scratch/87_22_JPG_jpg.rf.f6QxHWGLlWFrBkfLSFH9.jpg,Scratch,5,S_Minor-Dents-Repair_jpg,P87,train,22,3,train,train,train,test,train,e41837a1e25c3cb66ca1c5b12be08d3c
train/Scratch/87_24_JPG_jpg.rf.sVuQyF3D93CDDTyixVBX.jpg,Scratch,5,S_Minor-Dents-Repair_jpg,P87,train,24,3,train,train,train,test,train,ec31a81bb4378f6331b5f5d6d86b68fa
train/Scratch/87_4_JPG_jpg.rf.AFFLHijEiC2OgQfr3EId.jpg,Scratch,5,S_Minor-Dents-Repair_jpg,P87,train,4,3,train,train,train,test,train,17694895f6aa6ef87f076fa5de337010
train/Scratch/87_5_JPG_jpg.rf.BPSdh4jnMvLEbp5KSbCZ.jpg,Scratch,5,S_Minor-Dents-Repair_jpg,P87,train,5,3,train,train,train,test,train,46faf432f43f57737272c193cca4c6d3
train/Scratch/87_7_JPG_jpg.rf.ZQcXuOzKsO5m5wr3VXJy.jpg,Scratch,5,S_Minor-Dents-Repair_jpg,P87,train,7,3,train,train,train,test,train,1d903a853cf29413d5111ce0502663d0
train/Scratch/a0a6a9bd_342e_49c8_bb81_aff34c1884b4_f8fafc9e14d78d749effcce0bb27c750ae0bce11-1-_jpeg_jpg.rf.qfUlcb2EhqaKWZXm5U3O.jpg,Scratch,5,S_a0a6a9bd_342e_49c8_bb81_aff34c1884b4_f8fafc9e14d78d749effcce0bb27c750ae0bce11-1-_jpeg_jpg,S_a0a6a9bd_342e_49c8_bb81_aff34c1884b4_f8fafc9e14d78d749effcce0bb27c750ae0bce11-1-_jpeg_jpg,train,-1,0,test,train,train,train,train,dda3d502ec31c758a120b8d63bbeb442
train/Scratch/cd_2608_7_jpg.rf.ULdSvVWupQ0G3hMkIP6I.jpg,Scratch,5,S_cd_2608_7_jpg,S_cd_2608_7_jpg,train,-1,2,train,val,test,train,train,c1eaee5c8cf12768c72f8edbfdc19d91
train/Scratch/DSC01673_jpg.rf.yl7UQkGAw3GYCc2CUk07.jpg,Scratch,5,P40,S_DSC01673_jpg,train,-1,1,train,test,train,train,train,c2ce6d8808409dfb3ea3157f4edd35fb
train/Scratch/IMG_20230511_100113_jpg.rf.ODIvW1jsxcKjlSjAICpQ.jpg,Scratch,5,S_IMG_20230511_100113_jpg,S_IMG_20230511_100113_jpg,train,-1,3,train,train,train,test,train,c9c393860f3e778016974b95b341467a
train/Scratch/IMG_20230513_101242_jpg.rf.4sMrkkNj3vkspf9ee64P.jpg,Scratch,5,S_IMG_20230513_101242_jpg,S_IMG_20230513_101242_jpg,train,-1,4,train,train,val,train,test,e4bde8cbd80225747da7c0c0cf930386
train/Scratch/IMG_20230513_101310_jpg.rf.PD3jSik0Hf7edzBLzCiE.jpg,Scratch,5,S_IMG_20230513_101310_jpg,S_IMG_20230513_101310_jpg,train,-1,4,val,train,train,train,test,a9eb3bfc34223f5ecf98439bd5232cf8
train/Scratch/IMG_20230513_101331_jpg.rf.Nq6TewIlfnfw41UytACd.jpg,Scratch,5,S_IMG_20230513_101331_jpg,S_IMG_20230513_101331_jpg,train,-1,0,test,val,val,train,train,ab64c1c042cdfb3eba1177690992b24b
train/Scratch/IMG_20230513_101334_jpg.rf.JV4Tp3vyV6zamWEJ9aOW.jpg,Scratch,5,S_IMG_20230513_101334_jpg,S_IMG_20230513_101334_jpg,train,-1,3,val,train,val,test,train,b0113ae63b88efec5be66f8dbc4fd52c
train/Scratch/IMG_20230513_103543_jpg.rf.F7qjMIC2HGNtCNRkQTUX.jpg,Scratch,5,S_IMG_20230513_103543_jpg,S_IMG_20230513_103543_jpg,train,-1,0,test,train,train,train,train,d3a7a68f69af2e70188c3c578af46cc4
valid/Corrosion/100_12_JPG_jpg.rf.mh3Vz1OcU0CefwCiIgym.jpg,Corrosion,0,P100,P100,valid,12,3,val,val,val,test,train,c553e7a2952f6bae9d5adf56d6a722ff
valid/Corrosion/105_16_JPG_jpg.rf.HEvqWbDWwwjrvF7RWCFH.jpg,Corrosion,0,P105,P105,valid,16,4,train,train,train,train,test,fe83ff60a8c339700b9d2406f4da11d7
valid/Corrosion/105_21_JPG_jpg.rf.o5QWzbpGssfxd5z8MeFy.jpg,Corrosion,0,P105,P105,valid,21,4,train,train,train,train,test,a1c842b65b916964f08bf3bcf3874cb1
valid/Corrosion/105_7_JPG_jpg.rf.DXEJjdbxs9csfinMBIcA.jpg,Corrosion,0,P105,P105,valid,7,4,train,train,train,train,test,cb4c3c970cb55142bf0aa28f1d0a8e42
valid/Corrosion/44_12_JPG_jpg.rf.U0gVNNmL25anoEXtySsc.jpg,Corrosion,0,P44,P44,valid,12,1,train,test,train,train,train,4f8cb3dba0befe700884cf7f6587983c
valid/Corrosion/44_20_JPG_jpg.rf.ZLWCj6LbOZwLBJnAHbXj.jpg,Corrosion,0,P44,P44,valid,20,1,train,test,train,train,train,635f8a48b6d5d7e78d8dc02ff28df17f
valid/Corrosion/44_22_JPG_jpg.rf.HUZx5eBbR38nhTtaOvpx.jpg,Corrosion,0,P44,P44,valid,22,1,train,test,train,train,train,58715adac5db2b633c19cb6059ed1a5d
valid/Corrosion/95_16_JPG_jpg.rf.LPj4JcisTzq1kmQeTEAb.jpg,Corrosion,0,P95,P95,valid,16,4,train,train,train,val,test,7660b84427a29e021cf9d69ce0985868
valid/Corrosion/96_17_JPG_jpg.rf.ssJdgPxqo5GNy0X4jMQq.jpg,Corrosion,0,P96,P96,valid,17,3,train,train,train,test,val,c0abb163f608f446d477001bc25bf76a
valid/Corrosion/96_8_JPG_jpg.rf.vvGtQtWdWBPnsrjYzENH.jpg,Corrosion,0,P96,P96,valid,8,3,train,train,train,test,val,bf244f6cb7222778950d5af575c5647b
valid/Corrosion/97_4_JPG_jpg.rf.oOfDqPSL1IorjQ41XdYE.jpg,Corrosion,0,P97,P97,valid,4,2,train,train,test,train,train,b1179315b104afc4e85ebf8b9c656dc2
valid/Crack/104_13_JPG_jpg.rf.0p9kTlqXNEVYrr2zgz7C.jpg,Crack,1,P104,P104,valid,13,4,train,train,train,train,test,1430d3f15c5258d83158aa2e85849d51
valid/Crack/104_20_JPG_jpg.rf.MAcDapBLNGgN7evgQpcI.jpg,Crack,1,P104,P104,valid,20,4,train,train,train,train,test,937a56375a938c4fb8029b9b205c1745
valid/Crack/104_22_JPG_jpg.rf.OTqynLZksN3DufxYdfd4.jpg,Crack,1,P104,P104,valid,22,4,train,train,train,train,test,4505e0a78ade13dbef59730b5e580c76
valid/Crack/107_11_JPG_jpg.rf.nkmBfgAl2B9bw4PFdvcj.jpg,Crack,1,P107,P107,valid,11,1,train,test,train,val,val,9c3ee41ed3ed409174aea256de6701b9
valid/Crack/107_12_JPG_jpg.rf.u8GT6HLjqjDFilI7Q401.jpg,Crack,1,P107,P107,valid,12,1,train,test,train,val,val,96d002d783682848da818d39232b9e87
valid/Crack/107_13_JPG_jpg.rf.Eqy7Jjcz0ZbE56P5J1ub.jpg,Crack,1,P107,P107,valid,13,1,train,test,train,val,val,84446abe770c881163fafd8bcd53e420
valid/Crack/107_4_JPG_jpg.rf.S5hs4uwEDuOdUoSPkn45.jpg,Crack,1,P107,P107,valid,4,1,train,test,train,val,val,a61ebb994c2a54c628a04fd016d1592a
valid/Crack/109_0_JPG_jpg.rf.Ov0E7lpMOoPY8iiCcufl.jpg,Crack,1,P109,P109,valid,0,4,val,train,train,train,test,0ae181f49c2ff4c1e9a13ea8e25cb719
valid/Crack/109_10_JPG_jpg.rf.NFXuqDo045VnsFZ37UOj.jpg,Crack,1,P109,P109,valid,10,4,val,train,train,train,test,862aa2948d46dee1ff1566b3903e86f8
valid/Crack/109_1_JPG_jpg.rf.PEalaiDLngNsTNOlGEfF.jpg,Crack,1,P109,P109,valid,1,4,val,train,train,train,test,8f5a5fd6622454f1605f5ef46c299f54
valid/Crack/109_2_JPG_jpg.rf.w35usaFWsNmNmSEXJLuf.jpg,Crack,1,P109,P109,valid,2,4,val,train,train,train,test,d2a395bbe54f89652dd04a673d48562a
valid/Crack/130_8_JPG_jpg.rf.WPXudxRiztd3fOwtBUoa.jpg,Crack,1,P130,P130,valid,8,1,train,test,train,train,train,f50b574241e84b2c9200fe7a06001d26
valid/Crack/134_20_JPG_jpg.rf.eRDxKAXZSw8U72y01taM.jpg,Crack,1,P134,P134,valid,20,1,train,test,val,train,train,fac9b5f75dde2f1807a921f3cd144163
valid/Crack/135_13_JPG_jpg.rf.9QeYSlOYfj9K5nnbxGKW.jpg,Crack,1,P135,P135,valid,13,2,train,train,test,train,train,90577e39f9fd2ebc19c73e2c9dea41b5
valid/Crack/136_11_JPG_jpg.rf.xDflOHkwDPJCQ0mrktmx.jpg,Crack,1,P136,P136,valid,11,2,train,train,test,train,train,97e2b2d9b60f80e4beab343eb4e2416b
valid/Crack/136_22_JPG_jpg.rf.mZ121k775K08rHxtl6m3.jpg,Crack,1,P136,P136,valid,22,2,train,train,test,train,train,ba4ae5c4bb2d61e9556ad82ebd5ea984
valid/Crack/138_10_JPG_jpg.rf.pwMKtyUdJEZTnTHelefb.jpg,Crack,1,P138,P138,valid,10,3,train,train,train,test,train,9ce7c812c80d8ed6de99fbff59f5b1b1
valid/Crack/138_12_JPG_jpg.rf.OeJsPONd0Voi9Wb9x0is.jpg,Crack,1,P138,P138,valid,12,3,train,train,train,test,train,9dc6d3f677297e43ad09b1bdeef55855
valid/Crack/138_13_JPG_jpg.rf.ubueqQg2ZqbnSZGLZ2f0.jpg,Crack,1,P138,P138,valid,13,3,train,train,train,test,train,ebe6080f5a5883b44a6f0740802c5433
valid/Crack/138_20_JPG_jpg.rf.fav5UNjn2kP8n3MkcAm1.jpg,Crack,1,P138,P138,valid,20,3,train,train,train,test,train,7ebc15fcf57912d707485b81c099f2e5
valid/Crack/13_8_JPG_jpg.rf.jfQJjxjEhMY1UNsVeAiE.jpg,Crack,1,P13,P13,valid,8,3,val,val,train,test,train,b5a58274252059cf27867abd440d8bde
valid/Crack/142_12_JPG_jpg.rf.q7dKfvrAKFUKq2fnDpmu.jpg,Crack,1,P142,P142,valid,12,3,train,train,train,test,train,405358cbb4184a8e99b921448c174160
valid/Crack/142_20_JPG_jpg.rf.OsPl0beUxSq4lhg6TKPY.jpg,Crack,1,P142,P142,valid,20,3,train,train,train,test,train,9860b5c5d1a062c405298b452901f472
valid/Crack/143_5_JPG_jpg.rf.rwYEdhVwqWTWk4YG3j08.jpg,Crack,1,P143,P143,valid,5,0,test,train,train,train,train,3546d9caeb8a2d8bf9f54e9e83fc7291
valid/Crack/144_13_JPG_jpg.rf.2BXcfMTmIHzaxX87O6CE.jpg,Crack,1,P144,P144,valid,13,4,train,val,val,train,test,9199a3fd1a59e4c5a58f9250fe7e33d3
valid/Crack/144_16_JPG_jpg.rf.hBDSOEaykvvu2jUAxyeJ.jpg,Crack,1,P144,P144,valid,16,4,train,val,val,train,test,1a829689ecd70665ebf6a8db2666785c
valid/Crack/144_19_JPG_jpg.rf.Z7f6iJBgk8GphaovmIl1.jpg,Crack,1,P144,P144,valid,19,4,train,val,val,train,test,e5f5f2922d573e807b54944ad73e9cf1
valid/Crack/144_22_JPG_jpg.rf.qv0Fymb9ZqNkGXkFm5vd.jpg,Crack,1,P144,P144,valid,22,4,train,val,val,train,test,6c8d0c86a4857a0b7fda5557720494ab
valid/Crack/144_24_JPG_jpg.rf.karaXpPyyj5hh2Xxmydg.jpg,Crack,1,P144,P144,valid,24,4,train,val,val,train,test,3b3f8e449c3551605629adab6cfaf7d6
valid/Crack/145_19_JPG_jpg.rf.D9yYP6KguJsi3TyZbLoL.jpg,Crack,1,P145,P145,valid,19,2,train,val,test,train,train,bbf2265bb0b46a553a7e635b0102b7d9
valid/Crack/145_20_JPG_jpg.rf.GHAdSSKginRI1ndg7zPM.jpg,Crack,1,P145,P145,valid,20,2,train,val,test,train,train,f4c4b5902a2f708aa06313fd444272cd
valid/Crack/145_4_JPG_jpg.rf.YCtxUG9sjYAyzjkBkO32.jpg,Crack,1,P145,P145,valid,4,2,train,val,test,train,train,77d76053673f5d851bd21de87edd70de
valid/Crack/146_10_JPG_jpg.rf.OFLEXhjUAb59RlsRBGis.jpg,Crack,1,P146,P146,valid,10,3,val,train,train,test,train,c397092b3ff9be0e4abad7c94b62fc55
valid/Crack/146_17_JPG_jpg.rf.aaOF1axEetcBTwihihxe.jpg,Crack,1,P146,P146,valid,17,3,val,train,train,test,train,6b53a5021d7378e3400bbb0297b9da7c
valid/Crack/146_19_JPG_jpg.rf.CDvqBaCSU1xCSx8kKJ0w.jpg,Crack,1,P146,P146,valid,19,3,val,train,train,test,train,98a86fde471bfdc92241d6aa4c43b980
valid/Crack/147_13_JPG_jpg.rf.6tP04LxE9jD5tUQ5yoIj.jpg,Crack,1,P147,P147,valid,13,1,train,test,train,train,train,846d98b67b8448a452927f084c39c8ac
valid/Crack/147_14_JPG_jpg.rf.XtdqaOvTmBxXyTjhl62R.jpg,Crack,1,P147,P147,valid,14,1,train,test,train,train,train,76e9a567a14333bae44db56264e5abb9
valid/Crack/148_13_JPG_jpg.rf.PeTjQCv15rSbcd1zZEgM.jpg,Crack,1,P148,P148,valid,13,1,train,test,train,train,val,4b5327b5d02184aae671dcb20eb08d1f
valid/Crack/149_13_JPG_jpg.rf.giHhkJjTWw3ifJke9BkU.jpg,Crack,1,P149,P149,valid,13,1,train,test,train,train,train,e1f4ee326366e914d6ab9b922b84c04e
valid/Crack/149_4_JPG_jpg.rf.IcIuQcOiuApnK1bI8mKq.jpg,Crack,1,P149,P149,valid,4,1,train,test,train,train,train,e6e46921e927c7051eb2f90f7d3e7e90
valid/Crack/149_9_JPG_jpg.rf.gE6FSqRuUb7viQ72xpp2.jpg,Crack,1,P149,P149,valid,9,1,train,test,train,train,train,146f3fb7417f7b19dd9310ebcbae8c84
valid/Crack/14_0_JPG_jpg.rf.QukrUvH40yUb01BqtC4r.jpg,Crack,1,P14,P14,valid,0,2,train,train,test,train,train,20957fcbe538b88c1f2849509fbb94a7
valid/Crack/14_20_JPG_jpg.rf.5wnD0shAcZFLvfrFaFFL.jpg,Crack,1,P14,P14,valid,20,2,train,train,test,train,train,fb34b0bdcb3fd7d44a327e3e57801aee
valid/Crack/150_0_JPG_jpg.rf.c6wdDyP5JdHcfoXe1sAP.jpg,Crack,1,P150,P150,valid,0,3,train,train,train,test,train,8a598efea60a43eb9e1a43ddf6411092
valid/Crack/150_12_JPG_jpg.rf.DIotdzYAlVzfOfVYXRAi.jpg,Crack,1,P150,P150,valid,12,3,train,train,train,test,train,986955c5cf010cfeb112493bbb371513
valid/Crack/150_14_JPG_jpg.rf.T3ZD8o5Va6lOkJCecp00.jpg,Crack,1,P150,P150,valid,14,3,train,train,train,test,train,dcfc626fb3c8e5bd03f67235ef3e2c98
valid/Crack/150_17_JPG_jpg.rf.ilipeenI1VHSHyakVREz.jpg,Crack,1,P150,P150,valid,17,3,train,train,train,test,train,4923eafbf752edf74d572c8fceadb020
valid/Crack/150_18_JPG_jpg.rf.zcVSwgU1XAnbVkOLKd2y.jpg,Crack,1,P150,P150,valid,18,3,train,train,train,test,train,0af0f5265d79aeebbdea420c59f4f490
valid/Crack/150_21_JPG_jpg.rf.fAMKh7irPSE19g23M5kt.jpg,Crack,1,P150,P150,valid,21,3,train,train,train,test,train,b9ff0bee5e95da48977067f2f65bf277
valid/Crack/151_16_JPG_jpg.rf.0dPytYOhqMdCZtg76kwE.jpg,Crack,1,P151,P151,valid,16,1,train,test,train,train,train,53c5d14ee5c8ef862875132a79f4a60d
valid/Crack/151_24_JPG_jpg.rf.SBQHNimBCybOU9aa2qDc.jpg,Crack,1,P151,P151,valid,24,1,train,test,train,train,train,6827d5febeabd249b077fd8c69943e89
valid/Crack/151_25_JPG_jpg.rf.5Of6VJvxzjt7NaUdv7hG.jpg,Crack,1,P151,P151,valid,25,1,train,test,train,train,train,957c3032b1ab3f4974fa1c4f24829d9f
valid/Crack/151_2_JPG_jpg.rf.C1s44ka5C8xNgJzJ9rZi.jpg,Crack,1,P151,P151,valid,2,1,train,test,train,train,train,11b1a95fdc66b28e05d10ab93a41bd50
valid/Crack/154_0_JPG_jpg.rf.IGC0TmVPWkfFnT2lUfZO.jpg,Crack,1,P154,P154,valid,0,1,train,test,train,train,train,1574642e7591386d6da683193f9206b7
valid/Crack/154_20_JPG_jpg.rf.olbK8nuL5OAz3SOuhjWu.jpg,Crack,1,P154,P154,valid,20,1,train,test,train,train,train,422eb61da10d0c35cfd94b5a26ebe8f8
valid/Crack/154_22_JPG_jpg.rf.qIBZEVACX2CfVuKJUpiO.jpg,Crack,1,P154,P154,valid,22,1,train,test,train,train,train,8f949c058ae5daafe5bd518f6b98eee7
valid/Crack/154_4_JPG_jpg.rf.jZYlBu776k46jufYBtNE.jpg,Crack,1,P154,P154,valid,4,1,train,test,train,train,train,0e96fd24e867ef185db4eace1389a34b
valid/Crack/154_7_JPG_jpg.rf.O2j9Vnasnf4ZELmzEMHX.jpg,Crack,1,P154,P154,valid,7,1,train,test,train,train,train,f152438671c7a5da6401b3a1d454fa71
valid/Crack/155_0_JPG_jpg.rf.E94jc02qJL0WSa2gWWvF.jpg,Crack,1,P155,P155,valid,0,2,train,train,test,train,train,7b2249fdd9252d3a3dc2f6237d50d856
valid/Crack/155_6_JPG_jpg.rf.p18qfSq33dBcjp3Bwu8Y.jpg,Crack,1,P155,P155,valid,6,2,train,train,test,train,train,baad7cdd903002b7729f3c7ee1b20856
valid/Crack/155_7_JPG_jpg.rf.dHsBVMNAM5HKaoKwqeUw.jpg,Crack,1,P155,P155,valid,7,2,train,train,test,train,train,eb076abdb56a91f3fd09fd158d67819a
valid/Crack/156_4_JPG_jpg.rf.nAWaTeim3BIGfVTrD42O.jpg,Crack,1,P156,P156,valid,4,3,train,train,train,test,train,5e8dd5e84d8fa7bb9e1e5d2c418fbc27
valid/Crack/156_5_JPG_jpg.rf.cQLKCsv04bB5Q40trcae.jpg,Crack,1,P156,P156,valid,5,3,train,train,train,test,train,67bda525df68a7a71c64e90ca7f4b123
valid/Crack/156_9_JPG_jpg.rf.9pxkxEqXP2LxygR0wmqV.jpg,Crack,1,P156,P156,valid,9,3,train,train,train,test,train,59d5c38762fa95a2c9a95ce3ef61fc85
valid/Crack/157_15_JPG_jpg.rf.Nl0TZO7RvSITMyXPPunZ.jpg,Crack,1,P157,P157,valid,15,2,train,train,test,val,train,d7c8edc26fe333faa1185eba3a11e152
valid/Crack/157_24_JPG_jpg.rf.n8ksxTkE8DbzqlodxF8T.jpg,Crack,1,P157,P157,valid,24,2,train,train,test,val,train,06904b74cda6157fd18fbaa0f8a94673
valid/Crack/157_6_JPG_jpg.rf.ZnmkSxjeRXEV6ekG7bGZ.jpg,Crack,1,P157,P157,valid,6,2,train,train,test,val,train,9b7199dbd18ca03dc1e137ecd9c72ec9
valid/Crack/159_11_JPG_jpg.rf.gMcikSnymBs5kfzRCyhb.jpg,Crack,1,P159,P159,valid,11,2,train,train,test,train,train,b7ad2509840b4e9ca1e3ce514305004b
valid/Crack/159_14_JPG_jpg.rf.s4SQXx5itW4RrdBIdTHD.jpg,Crack,1,P159,P159,valid,14,2,train,train,test,train,train,1f455841c35415b740ec836892cb00be
valid/Crack/159_15_JPG_jpg.rf.qIDA5mEqxbq2pOqQyxii.jpg,Crack,1,P159,P159,valid,15,2,train,train,test,train,train,27cfa75ae18e0cdd4da6b7b38c5746b8
valid/Crack/160_0_JPG_jpg.rf.UdPytpgtz4WB4LU4JmKx.jpg,Crack,1,P160,P160,valid,0,3,train,train,val,test,train,5da41a3e34d74e33cba7c17ca2bb52a6
valid/Crack/160_11_JPG_jpg.rf.PVM0hhzAklFw0WQyUdRt.jpg,Crack,1,P160,P160,valid,11,3,train,train,val,test,train,8ecce411ea14e8e989324dbab09917a9
valid/Crack/160_1_JPG_jpg.rf.eTMdiDAdur0Iq9Yv3Ex9.jpg,Crack,1,P160,P160,valid,1,3,train,train,val,test,train,f44fd06ab451376fe899d3802df2c609
valid/Crack/160_24_JPG_jpg.rf.M9JH5pfex5GU8EBkI59f.jpg,Crack,1,P160,P160,valid,24,3,train,train,val,test,train,3133e6b76f06c9fa5d94f00b1ac58621
valid/Crack/160_8_JPG_jpg.rf.5TgeSVt8kXvhjAiyqtnA.jpg,Crack,1,P160,P160,valid,8,3,train,train,val,test,train,bad5162124ea6eaf754379e69dd8e290
valid/Crack/161_16_JPG_jpg.rf.8oULK6CPFfTdf2e1NdUl.jpg,Crack,1,P161,P161,valid,16,3,train,train,train,test,train,067614495add56b1b12c26d3b97dd788
valid/Crack/161_22_JPG_jpg.rf.gSkriMVNySIw21659Qlh.jpg,Crack,1,P161,P161,valid,22,3,train,train,train,test,train,3d021fb99ab584f9986488fff5d9d69d
valid/Crack/162_18_JPG_jpg.rf.ED9H13b17ohLfKrFx3S3.jpg,Crack,1,P162,P162,valid,18,4,train,train,train,train,test,74845ccdae7bf732af6d345651111054
valid/Crack/162_21_JPG_jpg.rf.OzV3Fr5AHcSUSw2tIX19.jpg,Crack,1,P162,P162,valid,21,4,train,train,train,train,test,e2ab902cf938a9810fae2fdd8d2044b7
valid/Crack/162_8_JPG_jpg.rf.8SwbjVBAlMuvVdLLyWVf.jpg,Crack,1,P162,P162,valid,8,4,train,train,train,train,test,936fdf706748ca59b646fe2f360e10a2
valid/Crack/164_1_JPG_jpg.rf.K8aem82RuxHAZMaeUJS5.jpg,Crack,1,P164,P164,valid,1,3,train,train,train,test,val,bffa42deb3bcf85afaa9b1d49dfbddc2
valid/Crack/164_24_JPG_jpg.rf.MxPx1bdQngvhL8KOzZ6a.jpg,Crack,1,P164,P164,valid,24,3,train,train,train,test,val,7830f778390505b32853bf17e70f845d
valid/Crack/164_6_JPG_jpg.rf.Mx2oLtnX08WaL3CDwG9T.jpg,Crack,1,P164,P164,valid,6,3,train,train,train,test,val,169d5a7d712814fed71a7a388f302e5c
valid/Crack/165_17_JPG_jpg.rf.AW2qckn4FdNUELzGdWdY.jpg,Crack,1,P165,P165,valid,17,0,test,train,train,train,val,1a89f444c6957747f90ffb4e60977cae
valid/Crack/165_18_JPG_jpg.rf.RLS2xnndwLKj7ozkVCwn.jpg,Crack,1,P165,P165,valid,18,0,test,train,train,train,val,fbe6a5310a7293dc56228c53d9624262
valid/Crack/165_4_JPG_jpg.rf.wzKGGtZyUqQ34Tfgxg5o.jpg,Crack,1,P165,P165,valid,4,0,test,train,train,train,val,3c9f08e8314f498fda47aa8a0d42d081
valid/Crack/166_19_JPG_jpg.rf.YBBf5YC7SVDyMzPQr8I9.jpg,Crack,1,P166,P166,valid,19,2,train,train,test,train,train,a108ffcfdca52d424f09948546c169b3
valid/Crack/166_21_JPG_jpg.rf.GyHG1uU2urcryf5Hq1rL.jpg,Crack,1,P166,P166,valid,21,2,train,train,test,train,train,11e7336a1ea6ff851e0cac24115387f3
valid/Crack/166_3_JPG_jpg.rf.fC4dgQPpjFzTW2T9UfLz.jpg,Crack,1,P166,P166,valid,3,2,train,train,test,train,train,51aa7e61f1a5d87737be41f7dfb1728e
valid/Crack/166_9_JPG_jpg.rf.jDK11mIA7wj1XXFsSSP5.jpg,Crack,1,P166,P166,valid,9,2,train,train,test,train,train,85ec6c287a9c41c2357c0faa7c360625
valid/Crack/167_0_JPG_jpg.rf.7ujzXeH5JQWFNR6MgQLX.jpg,Crack,1,P167,P167,valid,0,3,val,train,train,test,train,1d291f8af42836f346b840aa86f8b3a6
valid/Crack/167_15_JPG_jpg.rf.HNHNfZP4FCTxqBrzpuYH.jpg,Crack,1,P167,P167,valid,15,3,val,train,train,test,train,6e675effa5f89dd849f4559d5c264888
valid/Crack/167_17_JPG_jpg.rf.fn46SaM9908TV5rjZUcG.jpg,Crack,1,P167,P167,valid,17,3,val,train,train,test,train,47fcc8b2e971d49ea88076b3d84d93a1
valid/Crack/168_12_JPG_jpg.rf.rXE1JdCDFNkmOBEWyFYF.jpg,Crack,1,P168,P168,valid,12,4,train,train,train,train,test,714ce77340783902a5b159728b522a9c
valid/Crack/168_16_JPG_jpg.rf.iuF8cdEWm1F85Mq9FNKX.jpg,Crack,1,P168,P168,valid,16,4,train,train,train,train,test,b7c97386ff3cadec7955e39aef6efda0
valid/Crack/168_17_JPG_jpg.rf.JcKuIwataHmy85GeByiM.jpg,Crack,1,P168,P168,valid,17,4,train,train,train,train,test,6b53cf7fdfbc32250a35e8b1a18ac21e
valid/Crack/168_1_JPG_jpg.rf.EIGSPP3e8EAiBFjXiwHE.jpg,Crack,1,P168,P168,valid,1,4,train,train,train,train,test,180a664ca6e13368885e9f3b8d586076
valid/Crack/168_4_JPG_jpg.rf.gOymzao0YlgAa2J7v2xE.jpg,Crack,1,P168,P168,valid,4,4,train,train,train,train,test,fcc93de30167130705e1aa6a517d0417
valid/Crack/169_0_JPG_jpg.rf.lwCq348zkr2pvpE8UH3y.jpg,Crack,1,P169,P169,valid,0,4,train,train,train,train,test,68aeded4abbb5ae5e0a118d4acd0ea0b
valid/Crack/169_10_JPG_jpg.rf.r5qZ7MLjndfklkiWPouN.jpg,Crack,1,P169,P169,valid,10,4,train,train,train,train,test,3a04b40015bb39f067e278e8cfc97510
valid/Crack/169_9_JPG_jpg.rf.W0b0TTYObxoF2oq8M0WU.jpg,Crack,1,P169,P169,valid,9,4,train,train,train,train,test,8903fd4743604203ae4e2d6b5b27e6e1
valid/Crack/173_9_JPG_jpg.rf.NJ3tVuSfZBvChD0wVh6c.jpg,Crack,1,P173,P173,valid,9,1,val,test,train,val,val,4e5ea0ec6f8019054fa51df0cb89fb6d
valid/Crack/178_17_JPG_jpg.rf.YcLzoeyXVxl5FjolWuXh.jpg,Crack,1,P178,P178,valid,17,2,train,train,test,train,train,adf7ba16e2b8adf85f75edc5f854485b
valid/Crack/178_20_JPG_jpg.rf.DLJVTnRUFpABnlaaQnzY.jpg,Crack,1,P178,P178,valid,20,2,train,train,test,train,train,6e17959196ed44af4621702788a8da5d
valid/Crack/183_0_JPG_jpg.rf.0WNpSFsGtzi4sn5W1LId.jpg,Crack,1,P183,P183,valid,0,2,train,train,test,train,train,c6c9abdd4a5747a5dbfb390330971968
valid/Crack/183_13_JPG_jpg.rf.gvow847CFknOtnljFymt.jpg,Crack,1,P183,P183,valid,13,2,train,train,test,train,train,78ae21653bb5891378fe7d81289ab086
valid/Crack/183_16_JPG_jpg.rf.kHzWMbDuIU3wc3vNoj8y.jpg,Crack,1,P183,P183,valid,16,2,train,train,test,train,train,b6aeeb8f9d398598129cb023fff24c04
valid/Crack/183_17_JPG_jpg.rf.s1Ju96Qi0ejJavnXn607.jpg,Crack,1,P183,P183,valid,17,2,train,train,test,train,train,f6279e94b3d06b9bfe61a165c1e2e929
valid/Crack/183_18_JPG_jpg.rf.3pI8ZeDCdS4Ip3GNS7Il.jpg,Crack,1,P183,P183,valid,18,2,train,train,test,train,train,1ecc330539b7f2a5022d5004d72906fc
valid/Crack/183_20_JPG_jpg.rf.xKNFm1J35aEJIr7Bc7yb.jpg,Crack,1,P183,P183,valid,20,2,train,train,test,train,train,e12d479d5e8527d5ecc1de4fa5b05f31
valid/Crack/183_5_JPG_jpg.rf.CZqgcUfF2lTgIvRmSxrL.jpg,Crack,1,P183,P183,valid,5,2,train,train,test,train,train,0b39788c19d9bade578c5fae7a195105
valid/Crack/183_9_JPG_jpg.rf.jdPQbJYAy19SwJlRbly3.jpg,Crack,1,P183,P183,valid,9,2,train,train,test,train,train,64765686f6b4c4908de1eae52b38e6c5
valid/Crack/184_19_JPG_jpg.rf.K4wLwVZh7DgHA8DKlHAG.jpg,Crack,1,P184,P184,valid,19,1,train,test,train,train,train,32720adb3e32d232972f8f5b55fd2b82
valid/Crack/184_20_JPG_jpg.rf.HzkGdqZDIwFVx4LIlyG6.jpg,Crack,1,P184,P184,valid,20,1,train,test,train,train,train,c077b77a6dce1ae69a26d7fc5bfaf702
valid/Crack/184_21_JPG_jpg.rf.d4kDbO0N3OJ50VcZYshp.jpg,Crack,1,P184,P184,valid,21,1,train,test,train,train,train,b989433fbc305c7aac1058db07d88dd8
valid/Crack/184_25_JPG_jpg.rf.jou1xuUImBW7LHBg35Ze.jpg,Crack,1,P184,P184,valid,25,1,train,test,train,train,train,8f8585c6867cb784ce9e85dc742ad289
valid/Crack/184_9_JPG_jpg.rf.N4BDRJ2KjxFZW2iABsd0.jpg,Crack,1,P184,P184,valid,9,1,train,test,train,train,train,d00ffbd12a7d05bc2126164704be77b5
valid/Crack/185_11_JPG_jpg.rf.oJ4PRJHtMMvxqVTo1Zuh.jpg,Crack,1,P185,P185,valid,11,2,val,val,test,val,train,2d01a756fbe40687c59d80056f4e86b1
valid/Crack/185_14_JPG_jpg.rf.1rVRe7SHiOY0qQfktY6k.jpg,Crack,1,P185,P185,valid,14,2,val,val,test,val,train,de126ef5e5a87f021b84154eb39c24e2
valid/Crack/185_16_JPG_jpg.rf.cFcJ8ILLQuDHkVtOhIGB.jpg,Crack,1,P185,P185,valid,16,2,val,val,test,val,train,e378d224087c99c5ddf0a20300307813
valid/Crack/185_5_JPG_jpg.rf.Rlq396NsolufKxbgpRXv.jpg,Crack,1,P185,P185,valid,5,2,val,val,test,val,train,73d3472053ed5bb4664f470b9310304f
valid/Crack/186_2_JPG_jpg.rf.2T2TIyKKUG7iFwfo47lU.jpg,Crack,1,P186,P186,valid,2,4,train,train,train,train,test,864e5942a8ad4423e2d014c01fc17ef6
valid/Crack/190_10_JPG_jpg.rf.ioIUYwX0wgGuVyIyvBpz.jpg,Crack,1,P190,P190,valid,10,4,train,train,train,train,test,388fbfbea52128d2200e5c9a782af7a5
valid/Crack/190_19_JPG_jpg.rf.bLlHrD3CqjnZ060wozi2.jpg,Crack,1,P190,P190,valid,19,4,train,train,train,train,test,8371cf7b7a75d2169a4cfe38c46258a4
valid/Crack/195_19_JPG_jpg.rf.tz7TR9eo6qfD5m75O4zl.jpg,Crack,1,P42,P195,valid,19,0,test,train,val,train,train,deccda0c97334e1f2e6acafc4f5d6353
valid/Crack/195_25_JPG_jpg.rf.oJciTpRVRr1JaMNPvIs8.jpg,Crack,1,P42,P195,valid,25,0,test,train,val,train,train,4d7e37a4c559e0f2fb0d3f92bf317532
valid/Crack/196_1_JPG_jpg.rf.IELRvvkQeNOoleYEDOP4.jpg,Crack,1,P196,P196,valid,1,2,train,val,test,train,train,ca0e0f31eeac96e647c0b5f5c3a778b8
valid/Crack/196_5_JPG - Copy_jpg.rf.VxsSMRGFwGGdCYa4Y9u7.jpg,Crack,1,P196,P196,valid,5,2,train,val,test,train,train,f36118e6bdaecca8707e0672dab49038
valid/Crack/199_12_JPG_jpg.rf.zKoBlUc0ra5htpJ94sJM.jpg,Crack,1,P199,P199,valid,12,3,train,train,train,test,val,77991c81f1fb7eea7ddcbdb8c43dd505
valid/Crack/199_21_JPG_jpg.rf.RlDnBHb4nNju2d7b8dJV.jpg,Crack,1,P199,P199,valid,21,3,train,train,train,test,val,1978f5f42e102c6a14f46d2ed3ccd0fc
valid/Crack/20130814_083541_jpg.rf.DeonMjvvOP5Q1et0TtyQ.jpg,Crack,1,S_20130814_083541_jpg,S_20130814_083541_jpg,valid,-1,3,val,train,train,test,train,e5fedbf3b916e88220ac9a428c574c32
valid/Crack/206_25_JPG_jpg.rf.VZ4ja422MVqVmDvHevd8.jpg,Crack,1,P206,P206,valid,25,3,train,train,train,test,train,dca0e3a158aa8ec17cc9e055a0d0ed51
valid/Crack/206_6_JPG_jpg.rf.z17VVsppT65hh9CUS5Py.jpg,Crack,1,P206,P206,valid,6,3,train,train,train,test,train,7dba56c222d0b8ed46fd3ebdbf0fac6f
valid/Crack/207_10_JPG_jpg.rf.UlxkZNSZOX6jO8fdbpCp.jpg,Crack,1,P207,P207,valid,10,4,train,train,train,train,test,41ae67588b164bb75b1500f090cac330
valid/Crack/23_8_JPG_jpg.rf.6ff8El4XcADVOby9KPqI.jpg,Crack,1,P23,P23,valid,8,0,test,train,train,train,val,f0a010f39e8860fabad4f3209e8bfdfb
valid/Crack/28_20_JPG_jpg.rf.FRThsI8oTtZD0Xe2CyFJ.jpg,Crack,1,P28,P28,valid,20,2,train,train,test,val,train,e82963f6fedd1585bd1b72780971d463
valid/Crack/2_11_JPG - Copy (2)_jpg.rf.S62zQMvqUNoGnECO1Ja8.jpg,Crack,1,P2,P2,valid,11,4,train,train,train,train,test,7a14a046711ee15c44bde13b18bc2634
valid/Crack/2_7_JPG - Copy (2) - Copy - Copy - Copy_jpg.rf.sptARtWOpbWjgxhbgB30.jpg,Crack,1,P2,P2,valid,7,4,train,train,train,train,test,08c882e3c5a755d619bd5729c472e9f4
valid/Crack/35_6_JPG_jpg.rf.JiERoSXZ0OztineEfOHm.jpg,Crack,1,S_M4oCOg0_jpg,P35,valid,6,0,test,train,train,train,train,b0115c156541d84025fe829cf43e82e2
valid/Crack/37_17_JPG_jpg.rf.68OdoG52IfXl6AC4Ri77.jpg,Crack,1,P37,P37,valid,17,3,val,val,train,test,train,6d2db7ccbad29040200513d9bd5af1d9
valid/Crack/3_22_JPG_jpg.rf.ziCKUpIebNzhOYSCsvTD.jpg,Crack,1,P3,P3,valid,22,1,train,test,val,train,train,d394f2feda92fcc95092a0d6f8612352
valid/Crack/41_13_JPG_jpg.rf.uW6O5tbvKZd8eSpi9kbH.jpg,Crack,1,P41,P41,valid,13,0,test,train,train,train,train,e1d996d063c51f9d69301430b837a514
valid/Crack/41_1_JPG_jpg.rf.gflqVCbtJZRI0aMSGD62.jpg,Crack,1,P41,P41,valid,1,0,test,train,train,train,train,e2d6922ed147ec73fb41ea3e2a6fd689
valid/Crack/41_21_JPG_jpg.rf.w4KVrhOQSnvORnUhNhRi.jpg,Crack,1,P41,P41,valid,21,0,test,train,train,train,train,aefa8e7e1b659e66230c777e6b48a769
valid/Crack/42_10_JPG_jpg.rf.q6yAeE0yEQMGQG6bezpL.jpg,Crack,1,P42,P42,valid,10,0,test,train,val,train,train,d1882628a406ab822ecad668dd6abbe4
valid/Crack/42_16_JPG_jpg.rf.mBUQ5m1B3XP2gRBPaHbu.jpg,Crack,1,P42,P42,valid,16,0,test,train,val,train,train,d013a6007fa1c78dea822158860e7a62
valid/Crack/43_9_JPG - Copy (2) - Copy - Copy - Copy - Copy - Copy_jpg.rf.5jXovsQ2bl77ywCSgCq6.jpg,Crack,1,P43,P43,valid,9,4,val,val,train,val,test,15ca346e6a343e54c59f5cbbea455387
valid/Crack/44_0_JPG_jpg.rf.j3opL0sUpqK65OgN8SgB.jpg,Crack,1,P44,P44,valid,0,1,train,test,train,train,train,7db42cf363697977c0f1565f7ac1ef81
valid/Crack/44_13_JPG_jpg.rf.vt94SfscIDn7U1LIWm2Y.jpg,Crack,1,P44,P44,valid,13,1,train,test,train,train,train,cf9e509ee2a963b8bb84e056cc46a23d
valid/Crack/44_2_JPG_jpg.rf.MfV9G4Md4eV1sCrNX0R8.jpg,Crack,1,P44,P44,valid,2,1,train,test,train,train,train,4d4a68da577dfe9116a9b873fb40e7db
valid/Crack/44_6_JPG_jpg.rf.UFffW5AFsFnpWc2eqrXJ.jpg,Crack,1,P44,P44,valid,6,1,train,test,train,train,train,b62b20af80785f3ebfd53bdddf7a6e56
valid/Crack/44_7_JPG_jpg.rf.BzpQLmSttcCrxFQbB9eV.jpg,Crack,1,P44,P44,valid,7,1,train,test,train,train,train,e286e5b5c3671189a5930ed2f21c7d37
valid/Crack/44_8_JPG_jpg.rf.frD2HzQwljsX0Vb2wadw.jpg,Crack,1,P44,P44,valid,8,1,train,test,train,train,train,317f744403b3a45ccbfc9b641b6c0bd2
valid/Crack/48_0_JPG_jpg.rf.36cLjjxCqYIvliERapbM.jpg,Crack,1,P48,P48,valid,0,0,test,train,val,train,train,0011df00a57c20b95348b8e53eedc9ee
valid/Crack/48_12_JPG_jpg.rf.dFoSHgfZEdyBPSz9j0ut.jpg,Crack,1,P48,P48,valid,12,0,test,train,val,train,train,f15452233673308b1ba2471afee73b8a
valid/Crack/48_13_JPG_jpg.rf.dSyQB1MfB7QVwv9nLtxQ.jpg,Crack,1,P48,P48,valid,13,0,test,train,val,train,train,1c1b95b4e2099b0f52bcba47827a1f25
valid/Crack/48_2_JPG_jpg.rf.oBBPOhQ20UpN767EQs17.jpg,Crack,1,P48,P48,valid,2,0,test,train,val,train,train,d2f316211dd663e94fc6b6719bc0420c
valid/Crack/73_24_JPG_jpg.rf.iqQhQFq3aN94qnjAvIGO.jpg,Crack,1,P73,P73,valid,24,0,test,train,train,val,val,014d8ab24b4845482cad98eef42ab461
valid/Crack/74_17_JPG_jpg.rf.TVr61IwM5XuYhOzGogw9.jpg,Crack,1,P74,P74,valid,17,1,train,test,train,val,val,f25032a9d71a5b7b450a8a70ef86538e
valid/Crack/81_23_JPG_jpg.rf.1waLvpz7CidBeVFWbKg3.jpg,Crack,1,P81,P81,valid,23,0,test,val,train,train,train,26d5ee571be294caef750dd0aaa7b00c
valid/Crack/8_jpg.rf.mc9ANG7zmC01jVl01qRJ.jpg,Crack,1,S_8_jpg,S_8_jpg,valid,-1,2,val,train,test,train,train,d116f4b27cde2a762ecf90108b9da58e
valid/Crack/94_14_JPG_jpg.rf.FeX4F4jt8b1ZDsAxJc59.jpg,Crack,1,P94,P94,valid,14,3,train,train,train,test,train,b54ee529e7c331b4f4d326941fae56c2
valid/Crack/98_16_JPG_jpg.rf.kidstmL6UP77Zcyouh7G.jpg,Crack,1,P98,P98,valid,16,4,train,train,train,train,test,76f9d14d6c68cc1fa3284667c6a3cad9
valid/Crack/98_21_JPG_jpg.rf.xCmkHDOXu7fG42iNoURi.jpg,Crack,1,P98,P98,valid,21,4,train,train,train,train,test,fe616f2c63fa514f960ada74130a872f
valid/Crack/98_3_JPG_jpg.rf.d7NlAiV5WXrcadELusUj.jpg,Crack,1,P98,P98,valid,3,4,train,train,train,train,test,3444730d52174b6a4c35c665dd5e6647
valid/Crack/98_4_JPG_jpg.rf.QLsL5F7kmff08KC5qsUD.jpg,Crack,1,P98,P98,valid,4,4,train,train,train,train,test,786d02086957db1948dd5dec93774825
valid/Crack/98_7_JPG_jpg.rf.wuG2nnAeHRt6vSzMLO04.jpg,Crack,1,P98,P98,valid,7,4,train,train,train,train,test,59a8f76a79b89606e2e49c41891a1447
valid/Crack/IMAG0155_jpg.rf.LF4IDMFpVe5Pet0UfL4B.jpg,Crack,1,S_IMAG0155_jpg,S_IMAG0155_jpg,valid,-1,2,train,train,test,train,val,a88f02047e9ff3a8031d9f3b57149093
valid/Crack/IMG_20230512_120458_jpg.rf.fiISAt505zGzrxMFaaCo.jpg,Crack,1,S_IMG_20230512_120458_jpg,S_IMG_20230512_120458_jpg,valid,-1,0,test,train,train,train,train,3721529d865d441190246d01a9dd046b
valid/Crack/IMG_20230512_124916_jpg.rf.dvxV0NgX4Y47kOsJWOkS.jpg,Crack,1,S_IMG_20230512_124916_jpg,S_IMG_20230512_124916_jpg,valid,-1,0,test,train,train,train,train,18ef04bd88f64852a4de9daceb2ae907
valid/Crack/IMG_20230512_131356_jpg.rf.PayX0fuQ0wZ4eX6k9S3N.jpg,Crack,1,S_IMG_20230512_131356_jpg,S_IMG_20230512_131356_jpg,valid,-1,2,train,train,test,train,val,c45ea9caf9bfe5e1cb8d506fc4139606
valid/Crack/IMG_20230513_095218_jpg.rf.OBo5UvhUKZ4rxlbhFNDI.jpg,Crack,1,S_IMG_20230513_095218_jpg,S_IMG_20230513_095218_jpg,valid,-1,4,train,train,train,train,test,5724bd6fda125237704f6f4cddf35ab3
valid/Crack/IMG_20230513_095836_jpg.rf.TDBx7SwLuXqVqenIcvbI.jpg,Crack,1,S_IMG_20230513_095836_jpg,S_IMG_20230513_095836_jpg,valid,-1,4,train,train,train,train,test,e5e6874cbf383095b662d4496f7cc261
valid/Crack/IMG_20230513_100106_jpg.rf.DOK4NXCUvhsFsMBZeQjw.jpg,Crack,1,S_IMG_20230513_100106_jpg,S_IMG_20230513_100106_jpg,valid,-1,4,train,train,train,train,test,ff19b275415c216a27f6aa5b6e5fb460
valid/Crack/IMG_20230513_100513_jpg.rf.TMoi8HdL2qOv8QmcAkPy.jpg,Crack,1,S_IMG_20230513_100513_jpg,S_IMG_20230513_100513_jpg,valid,-1,1,train,test,train,train,train,b4309995317c551582b039b25e3b07e0
valid/Crack/IMG_20230513_101155_jpg.rf.NrqbTtABswocsjbAnRdU.jpg,Crack,1,S_IMG_20230513_101155_jpg,S_IMG_20230513_101155_jpg,valid,-1,3,train,train,train,test,train,5c35d374267548b7706afaf14778f5be
valid/Crack/IMG_20230513_101547_jpg.rf.0JJOQsuqKD7m1CGiouUp.jpg,Crack,1,S_IMG_20230513_101547_jpg,S_IMG_20230513_101547_jpg,valid,-1,4,train,train,train,train,test,d1e0434739de2f298900ef016fb3ff95
valid/Crack/IMG_20230513_101712_jpg.rf.DFZsxXllzv4Ki2tPMTAw.jpg,Crack,1,S_IMG_20230513_101712_jpg,S_IMG_20230513_101712_jpg,valid,-1,1,train,test,val,train,val,56adc3cfa0a2ccf5bb8e70d351dbf678
valid/Crack/IMG_20230513_101737_jpg.rf.39FFjxJItsowdOleERYJ.jpg,Crack,1,S_IMG_20230513_101737_jpg,S_IMG_20230513_101737_jpg,valid,-1,3,train,train,train,test,train,41e1497869c2c641d5eb71c841273828
valid/Crack/IMG_20230513_102528_jpg.rf.qnTxmzl08cP33DnU8dzR.jpg,Crack,1,S_IMG_20230513_102528_jpg,S_IMG_20230513_102528_jpg,valid,-1,2,train,train,test,train,train,d6e39474c83c2d63d0b688773a0e8d4a
valid/Crack/IMG_20230513_102756_jpg.rf.lkBqK7xAOcEPutOAyB0F.jpg,Crack,1,S_IMG_20230513_102756_jpg,S_IMG_20230513_102756_jpg,valid,-1,1,train,test,train,train,train,95687c1eabefd7c42d298808e987552a
valid/Crack/IMG_20230513_102800_jpg.rf.yC4Em1iWZxH8J5tKb3Jg.jpg,Crack,1,S_IMG_20230513_102800_jpg,S_IMG_20230513_102800_jpg,valid,-1,2,train,train,test,train,train,bc6d63dd7ce456259869712e2102ec09
valid/Crack/IMG_20230513_103937_jpg.rf.GFH8iOwAV8ANREIuciSO.jpg,Crack,1,S_IMG_20230513_103937_jpg,S_IMG_20230513_103937_jpg,valid,-1,3,train,train,train,test,train,1329a3c5ccfb49ee3bc3eecf5f0b65c7
valid/Crack/Previousdamage_jpg.rf.wi7bVx28XGhq2y1fsNxD.jpg,Crack,1,S_Previousdamage_jpg,S_Previousdamage_jpg,valid,-1,0,test,train,train,train,train,6f523e100a40e35cff4b8b105a5dd03c
valid/Crack/quench-crack-sami1stcracked_jpg.rf.n0Uw9R5r9HBaUsKexs09.jpg,Crack,1,S_quench-crack-sami1stcracked_jpg,S_quench-crack-sami1stcracked_jpg,valid,-1,4,train,val,train,train,test,447f4ec70826e572c5bd39c25acd5575
valid/Crack/Tower-1_jpg.rf.swOsHLbY119mbvzY1IVz.jpg,Crack,1,P41,S_Tower-1_jpg,valid,-1,0,test,train,train,train,train,dbf2ccc9423a35784f2346c1ac0d18dd
valid/Dent/170_12_JPG_jpg.rf.vuYSGzbH3SDpr6n8XdFM.jpg,Dent,2,P170,P170,valid,12,0,test,train,train,train,train,31b05d987db12a1ca5cfb999dd5f7a10
valid/Dent/170_18_JPG_jpg.rf.kGmnt62TPGECohsqg5qU.jpg,Dent,2,P170,P170,valid,18,0,test,train,train,train,train,3c378132a1862fe81cf287f9364ec229
valid/Dent/170_5_JPG_jpg.rf.O29q65RlXou44PKee4RP.jpg,Dent,2,P170,P170,valid,5,0,test,train,train,train,train,a81974622e484e1f1bfc109e323d1fb9
valid/Dent/171_0_JPG_jpg.rf.1y6wpKYMmw2jpauOlUeY.jpg,Dent,2,P171,P171,valid,0,0,test,train,train,val,val,df9b543ebe76e14218040c0b2884d6eb
valid/Dent/171_14_JPG_jpg.rf.Q3ONohSIn9OE7PVFKdLr.jpg,Dent,2,P171,P171,valid,14,0,test,train,train,val,val,24f3f9f72a221bb5fe0d006c76faf72f
valid/Dent/171_1_JPG_jpg.rf.3O9S4hFqLV7LiVBvkawL.jpg,Dent,2,P171,P171,valid,1,0,test,train,train,val,val,0aaed5118a80d157490f84049a266692
valid/Dent/171_2_JPG_jpg.rf.vbjsxtd4veVn0CqO3sfN.jpg,Dent,2,P171,P171,valid,2,0,test,train,train,val,val,16f3daf60e31ecba521f65d07d632907
valid/Dent/171_3_JPG_jpg.rf.u5uI2ZCIODBfmD5mu96b.jpg,Dent,2,P171,P171,valid,3,0,test,train,train,val,val,65a3d97f5ca255a5ad2aab6548033f92
valid/Dent/171_7_JPG_jpg.rf.coZzhn2ldiuX8D4tgXPX.jpg,Dent,2,P171,P171,valid,7,0,test,train,train,val,val,3c543ea05570c3f6ec6321d33531a381
valid/Dent/172_12_JPG_jpg.rf.UqvTVFu1OF5ZOmn0JjAL.jpg,Dent,2,P172,P172,valid,12,0,test,train,train,train,train,8f9bc706ce7532d16546ca9f0a115314
valid/Dent/172_1_JPG_jpg.rf.mKn8BEi3DdSEGjilyPzB.jpg,Dent,2,P172,P172,valid,1,0,test,train,train,train,train,5340388ac94722480718419d1b3ff083
valid/Dent/172_21_JPG_jpg.rf.vmjDRhuxLX1iNXsBNuwH.jpg,Dent,2,P172,P172,valid,21,0,test,train,train,train,train,5bca5561cec2773cefa5a2b359384c42
valid/Dent/172_24_JPG_jpg.rf.AniidhC39akPBeTLvGAc.jpg,Dent,2,P172,P172,valid,24,0,test,train,train,train,train,1474b5c9b472e6fc64b16d8021063ac5
valid/Dent/172_2_JPG_jpg.rf.oxzJJK8N6wjxfnHsyvs3.jpg,Dent,2,P172,P172,valid,2,0,test,train,train,train,train,6cdd9302c3420b03f4b3c8cc535f679a
valid/Dent/173_16_JPG_jpg.rf.GHqRt78d6rcjOddg3dDz.jpg,Dent,2,P173,P173,valid,16,1,val,test,train,val,val,993730deec794e144f3811f4beb85f63
valid/Dent/175_13_JPG_jpg.rf.OKgIaXJ6TXXZFTOtjtSR.jpg,Dent,2,P175,P175,valid,13,4,train,val,train,train,test,33541736b75e126ae2872e438f4d9de5
valid/Dent/175_19_JPG_jpg.rf.ORFwJHx7i8m6bmCvSkSd.jpg,Dent,2,P175,P175,valid,19,4,train,val,train,train,test,5d4b16e2ce5918731b6c4c792595f7d4
valid/Dent/175_7_JPG_jpg.rf.Lyy0b3T8Zp01ORMwSCwM.jpg,Dent,2,P175,P175,valid,7,4,train,val,train,train,test,92c2cb3a66fccb8d95a0fa7b197b9c8e
valid/Dent/175_9_JPG_jpg.rf.rPN9r8Xg0udhFzT4SZQ7.jpg,Dent,2,P175,P175,valid,9,4,train,val,train,train,test,f04069b8a12a88fda0f8a9b858869ced
valid/Dent/176_2_JPG_jpg.rf.uw8WAONgphQ6rBGwG30G.jpg,Dent,2,P176,P176,valid,2,1,train,test,train,train,train,0e78322354d9044e71f2173d0212c9cb
valid/Dent/176_6_JPG_jpg.rf.NjF15ubBNptcvUBYMeWn.jpg,Dent,2,P176,P176,valid,6,1,train,test,train,train,train,a2a70e489d4bbfd0ef8550e826ebf9e1
valid/Dent/177_10_JPG_jpg.rf.7YHFxoOrCnmufEwfkChK.jpg,Dent,2,P177,P177,valid,10,2,train,train,test,train,train,b38980e4f16d28bd11b9036d7dccf873
valid/Dent/177_23_JPG_jpg.rf.tOkHXklGBMl1kHUntpXY.jpg,Dent,2,P177,P177,valid,23,2,train,train,test,train,train,2b1d0085e7e81416f7a3a2a8839b09ae
valid/Dent/178_1_JPG_jpg.rf.w2ABgIQumVJzCd7a9Y1P.jpg,Dent,2,P178,P178,valid,1,2,train,train,test,train,train,3b4d77f44f4911b1e8f2acef53bdc59d
valid/Dent/178_21_JPG_jpg.rf.APbTJYJwpvH5cB8eU0x8.jpg,Dent,2,P178,P178,valid,21,2,train,train,test,train,train,17d0c2ada51091756fddc87e6c42f8d6
valid/Dent/178_3_JPG_jpg.rf.ovTCA9fwdokIV1kTwIIg.jpg,Dent,2,P178,P178,valid,3,2,train,train,test,train,train,0ae15b6b25328f8d23e42563ebf0ce35
valid/Dent/179_10_JPG_jpg.rf.TbkXre6es2UlyEmdqF5d.jpg,Dent,2,P179,P179,valid,10,3,train,train,train,test,train,3aecf76480978ec81b04a0e97563f357
valid/Dent/179_13_JPG_jpg.rf.KRZY7gi5T7aQm1bSnPr8.jpg,Dent,2,P179,P179,valid,13,3,train,train,train,test,train,566a92f8c4f4e8e7eefa96435bb667aa
valid/Dent/179_15_JPG_jpg.rf.mkB5ArCQXQhUjtDdqsrz.jpg,Dent,2,P179,P179,valid,15,3,train,train,train,test,train,966222f19136f3d59d2398a866d3cd69
valid/Dent/17_1_JPG_jpg.rf.RBgjXuzOsvbsksmiKM5o.jpg,Dent,2,P17,P17,valid,1,2,val,val,test,val,val,7ce5e3b65de0d6ddda111f5c98d42302
valid/Dent/17_23_JPG_jpg.rf.zPINveNaEKXj9sdCX6Pz.jpg,Dent,2,P17,P17,valid,23,2,val,val,test,val,val,acd5a032e1dca90710c8ef89d55048ac
valid/Dent/17_7_JPG_jpg.rf.TH2hmmpHqDwd0KUxSlBq.jpg,Dent,2,P17,P17,valid,7,2,val,val,test,val,val,add34668696246884fe93b7471d2c535
valid/Dent/17_9_JPG_jpg.rf.l3BYzLLICwR9RMRgs8Mk.jpg,Dent,2,P17,P17,valid,9,2,val,val,test,val,val,34121ac9e0e11d420a818a3159f7fc87
valid/Dent/180_3_JPG_jpg.rf.Gt1hHi4rsrKbr0ERtYCp.jpg,Dent,2,P180,P180,valid,3,1,train,test,val,train,train,c005e7c0fe11e28cac51b5e3c7e53b35
valid/Dent/180_8_JPG_jpg.rf.xeTJ0OgHcFUguMvMYQqH.jpg,Dent,2,P180,P180,valid,8,1,train,test,val,train,train,0f9bf69d21cc7fa326e3ead1f26c04a4
valid/Dent/181_17_JPG_jpg.rf.7LfSotafFTJC88Ybw5fI.jpg,Dent,2,P181,P181,valid,17,4,train,train,train,train,test,cf099a3eadfcbcba365de648e0b3a2df
valid/Dent/181_20_JPG_jpg.rf.Hnz7pBa5aqRybb9cNYev.jpg,Dent,2,P181,P181,valid,20,4,train,train,train,train,test,6e3da6d682b82752462ac3b23b473072
valid/Dent/181_25_JPG_jpg.rf.hL5qbEl0LiSKJtWJwHPT.jpg,Dent,2,P181,P181,valid,25,4,train,train,train,train,test,66a7f91f15add42ae5083edb3c40cc93
valid/Dent/181_4_JPG_jpg.rf.iEs7ouSBLFSg5u11JUQm.jpg,Dent,2,P181,P181,valid,4,4,train,train,train,train,test,676bbe5bd10312737cf2e72a710f006e
valid/Dent/187_17_JPG_jpg.rf.5KdU4kzz1tnepONcMNVP.jpg,Dent,2,P187,P187,valid,17,0,test,val,train,train,train,5511ab52fd42e563fc4f48af626c16c7
valid/Dent/187_25_JPG_jpg.rf.QXfLdpyHux72badMnBFP.jpg,Dent,2,P187,P187,valid,25,0,test,val,train,train,train,391b356cbee364ca44343e7d2adcd3cd
valid/Dent/19_6_JPG_jpg.rf.dGpahRSnL0sTHNLbEhyo.jpg,Dent,2,P19,P19,valid,6,3,train,train,train,test,train,d376f11ad427285cb0eaa94c3424a0e6
valid/Dent/200_18_JPG_jpg.rf.2t9HIYcVsGsZrYYPalGu.jpg,Dent,2,P200,P200,valid,18,2,train,train,test,train,val,12e63b4835566101ae081600df4201e7
valid/Dent/200_5_JPG_jpg.rf.2h5QgU4agxzIEnqMx32N.jpg,Dent,2,P200,P200,valid,5,2,train,train,test,train,val,e2f70ad7e284a1195842843c8fa84f7a
valid/Dent/202_1_JPG_jpg.rf.wrDexigcZZp3IflfZ9xA.jpg,Dent,2,P202,P202,valid,1,3,train,train,train,test,train,137a0ec6cf9927171b4df6e6c0790d9b
valid/Dent/205_10_JPG_jpg.rf.bhUsTXb2Hr96GUBDVLxp.jpg,Dent,2,P205,P205,valid,10,0,test,val,train,train,train,aea9fe18a453c6b385ae8ae73e53e3e2
valid/Dent/205_19_JPG_jpg.rf.wkBlSv5BNb6qPRVe0HXU.jpg,Dent,2,P205,P205,valid,19,0,test,val,train,train,train,d98ef514e0e1e140984785fbf61a283c
valid/Dent/2_16_JPG_jpg.rf.k4SyyrkWs2AD8jepUZjK.jpg,Dent,2,P2,P2,valid,16,4,train,train,train,train,test,32171201f82df2cdbc26da61e755a4e6
valid/Dent/2_22_JPG - Copy_jpg.rf.6puumIudgWZZ74BeD4xw.jpg,Dent,2,P2,P2,valid,22,4,train,train,train,train,test,d9cbd256f9b91d24e0128d94aab1c0e5
valid/Dent/2_4_JPG - Copy (2) - Copy_jpg.rf.87AGBALJTQOLDEM59Kpn.jpg,Dent,2,P2,P2,valid,4,4,train,train,train,train,test,f9f31aca6004cba644e3892a6b767f2a
valid/Dent/32_11_JPG_jpg.rf.LdJrSy41fH7gmajlwWMj.jpg,Dent,2,P32,P32,valid,11,3,train,train,train,test,train,4f24eefc7ddb6144103581816dda3c96
valid/Dent/32_23_JPG_jpg.rf.NrNbnAySbEnHodACb8JV.jpg,Dent,2,P32,P32,valid,23,3,train,train,train,test,train,2631568445435e56632ba8cefe85e74d
valid/Dent/32_3_JPG_jpg.rf.vl2O8757pMSecsrG58oB.jpg,Dent,2,P32,P32,valid,3,3,train,train,train,test,train,eaa1bc6dd9621e2ebf2c6a366afe4259
valid/Dent/32_8_JPG_jpg.rf.jYlaVWWFUppDEgWg8j4I.jpg,Dent,2,P32,P32,valid,8,3,train,train,train,test,train,8791221d12466e017530da8c9f14a089
valid/Dent/36_0_JPG_jpg.rf.bt6kgzvx2AQhN3kyENo8.jpg,Dent,2,P36,P36,valid,0,1,train,test,val,train,train,3e24def9872ec2e2310cccbabad6b96e
valid/Dent/36_13_JPG_jpg.rf.Sa3reHrwuqNWZiuNUJkk.jpg,Dent,2,P36,P36,valid,13,1,train,test,val,train,train,fe2596cd77a6d396c46cd3f6875b17c1
valid/Dent/36_17_JPG_jpg.rf.KCnUsN1X3IxlJcrtB26c.jpg,Dent,2,P36,P36,valid,17,1,train,test,val,train,train,91c97d7610c5c432e0286ee1b82fad73
valid/Dent/36_19_JPG_jpg.rf.2G802OG0ZhKg6wlJOUSl.jpg,Dent,2,P36,P36,valid,19,1,train,test,val,train,train,62090198cecd1d5a3e20ec624e7c33ea
valid/Dent/36_23_JPG_jpg.rf.8F4lbpZ96j4AQWbRLCOT.jpg,Dent,2,P36,P36,valid,23,1,train,test,val,train,train,a7014c1fd4e840ba2d53f8417d3bb79c
valid/Dent/36_7_JPG_jpg.rf.b5p2RuuBFFSg0ZW6591f.jpg,Dent,2,P36,P36,valid,7,1,train,test,val,train,train,bd8e1555f52b30caa1315169ad745a45
valid/Dent/46_17_JPG_jpg.rf.dHE4bUQSOkVBMuZDm9ST.jpg,Dent,2,P46,P46,valid,17,1,train,test,train,train,train,7004f565f5de122334b30a25c48261b2
valid/Dent/75_11_JPG_jpg.rf.XPbAk8zpf8SfMez3jIPZ.jpg,Dent,2,P75,P75,valid,11,4,train,train,train,train,test,22e23d7978b4a96491c0fbcfd841ea9d
valid/Dent/75_15_JPG_jpg.rf.ZSSodk2YqzDbfbmbhWcE.jpg,Dent,2,P75,P75,valid,15,4,train,train,train,train,test,ca95900158ad330c99242c0e2542e9fb
valid/Dent/75_21_JPG_jpg.rf.LGik7KwOAc4YIum6967A.jpg,Dent,2,P75,P75,valid,21,4,train,train,train,train,test,469ede4c285dc8493ad021e99ebd9e40
valid/Dent/75_25_JPG_jpg.rf.EQ9GZLKqy7dZxd4vYcT2.jpg,Dent,2,P75,P75,valid,25,4,train,train,train,train,test,7beb822227d9dcf0de8e3ee8a21c570a
valid/Dent/82_1_JPG_jpg.rf.yOlkDdwR9Yr8WHHSUZRE.jpg,Dent,2,P82,P82,valid,1,1,train,test,val,train,train,3cac8286ed2ba93466d1effc993b34be
valid/Dent/82_20_JPG_jpg.rf.BKjXfCwF6ukIpLEAPgef.jpg,Dent,2,P82,P82,valid,20,1,train,test,val,train,train,ec93ddea1e189233809a3baf9da9e0b3
valid/Dent/82_23_JPG_jpg.rf.xH73YhIgAlglvkF82epd.jpg,Dent,2,P82,P82,valid,23,1,train,test,val,train,train,47473047f69ab60ed47f899f0e1e3b05
valid/Dent/83_3_JPG_jpg.rf.MzsujlSffe2r1MeMj1Cp.jpg,Dent,2,P83,P83,valid,3,3,val,train,train,test,train,f5dd1f365b9546d4f40ddad1494d08fe
valid/Dent/83_4_JPG_jpg.rf.3jG5Bxm6Xj36faJ3KOme.jpg,Dent,2,P83,P83,valid,4,3,val,train,train,test,train,7827db9a82b5dc32fb979aa962998fdc
valid/Dent/84_11_JPG_jpg.rf.Bad41cvLFoCh8vdl9J05.jpg,Dent,2,P84,P84,valid,11,0,test,train,train,train,train,201f20d74927920904ce2a698d8341a8
valid/Dent/84_20_JPG_jpg.rf.AXhm3ZpQlC2Aij4ECYQW.jpg,Dent,2,P84,P84,valid,20,0,test,train,train,train,train,254d50378b3ae3cf68e8bfa6e4aceace
valid/Dent/84_8_JPG_jpg.rf.Wp0IVwGIvOHlaQQy5fwX.jpg,Dent,2,P84,P84,valid,8,0,test,train,train,train,train,62e789c285dbbd245f0be3accf4de7dc
valid/Dent/85_17_JPG_jpg.rf.UV00VvSYhh7ZXSFbQT1P.jpg,Dent,2,P85,P85,valid,17,4,train,train,train,train,test,975c6eeabff8c1038d629f4135380cd4
valid/Dent/85_18_JPG_jpg.rf.rxoWNOxE8muQTNnVUaW7.jpg,Dent,2,P85,P85,valid,18,4,train,train,train,train,test,b80c4e19e934c790ed67e9b6bdb06d86
valid/Dent/86_0_JPG_jpg.rf.XCbxKE8RaIolEqjzAQrD.jpg,Dent,2,P86,P86,valid,0,4,train,train,train,train,test,e1931788b7ff683c77386a7ad7f6ad30
valid/Dent/cd_2608_24_jpg.rf.wmyr5g1YhHdWH5Q0bz9V.jpg,Dent,2,S_cd_2608_24_jpg,S_cd_2608_24_jpg,valid,-1,0,test,val,train,train,train,22eb88353ed0640fd9acec53c8243f24
valid/Dent/IMG_20230511_104032_jpg.rf.NlxljXVgBNjN8oD2Z48f.jpg,Dent,2,S_IMG_20230511_104032_jpg,S_IMG_20230511_104032_jpg,valid,-1,3,val,train,train,test,train,c3b39f5b735cb7408eebcb45d4e4ba46
valid/Dent/IMG_20230512_115918_jpg.rf.4m3646y4SZFA3EgHy1ej.jpg,Dent,2,S_IMG_20230512_115918_jpg,S_IMG_20230512_115918_jpg,valid,-1,1,train,test,train,train,train,c3c98842dd76d61dd81f08fed05ad5ef
valid/Dent/IMG_20230512_123947_jpg.rf.SykmxWVqBDcycEs5agF3.jpg,Dent,2,S_IMG_20230512_123947_jpg,S_IMG_20230512_123947_jpg,valid,-1,3,train,train,train,test,val,16ddc6cfb2e9cd42c915abd5a8ac7ed8
valid/Dent/IMG_20230512_125850_jpg.rf.Hamb48tkk6CkHMqtuQ20.jpg,Dent,2,S_IMG_20230512_125850_jpg,S_IMG_20230512_125850_jpg,valid,-1,4,train,train,val,train,test,279a2603f37808982e4a5dd021a46512
valid/Dent/IMG_20230512_125948_jpg.rf.tW44nD1cCj03E98n15bP.jpg,Dent,2,S_IMG_20230512_125948_jpg,S_IMG_20230512_125948_jpg,valid,-1,4,train,val,train,train,test,82ee8b9ae07b781657fd5c7300eeebd3
valid/Dent/IMG_20230512_130824_jpg.rf.lLFnpcMRGOb5Umn9FNg2.jpg,Dent,2,S_IMG_20230512_130824_jpg,S_IMG_20230512_130824_jpg,valid,-1,2,train,val,test,train,train,ee5cd596db880a43619e8701a3313fb3
valid/Dent/IMG_20230512_131011_jpg.rf.WviNDcW7ELynstl2LsnJ.jpg,Dent,2,S_IMG_20230512_131011_jpg,S_IMG_20230512_131011_jpg,valid,-1,2,train,train,test,val,train,e266e1d702c68bbf72f5f9a975e0c88e
valid/Dent/IMG_20230513_100822_jpg.rf.eEP0CWYEITWPXKqFo9l7.jpg,Dent,2,S_IMG_20230513_100822_jpg,S_IMG_20230513_100822_jpg,valid,-1,2,train,train,test,train,train,45c6fa8a7e89c34b125cab4a16850b74
valid/Dent/IMG_20230513_102117_jpg.rf.9XYwyjKaHqYtAcN4eC5A.jpg,Dent,2,S_IMG_20230513_102117_jpg,S_IMG_20230513_102117_jpg,valid,-1,1,val,test,train,train,train,a750d2a9827a3db0074d471b68d8a290
valid/Dent/IMG_20230513_102307_jpg.rf.JQuGJENWw8NOBUEXij1K.jpg,Dent,2,S_IMG_20230513_102307_jpg,S_IMG_20230513_102307_jpg,valid,-1,4,val,train,train,train,test,3fd4726981193e9aaa66366a00b59f27
valid/Dent/IMG_20230513_103539_jpg.rf.u1E1uFcGlGUEqpnEsm0u.jpg,Dent,2,S_IMG_20230513_103539_jpg,S_IMG_20230513_103539_jpg,valid,-1,2,train,val,test,train,train,6af34e627bece16a8996106802309f53
valid/Dent/IMG_20230513_103553_jpg.rf.w0fxfdEve4JPNuTEd73Q.jpg,Dent,2,S_IMG_20230513_103553_jpg,S_IMG_20230513_103553_jpg,valid,-1,2,train,train,test,train,train,0ce6e281d47dfe8b3559274975466aa8
valid/Dent/IMG_20230513_103607_jpg.rf.SFdgfMkWryDrUXKGM5zR.jpg,Dent,2,S_IMG_20230513_103607_jpg,S_IMG_20230513_103607_jpg,valid,-1,4,train,train,train,train,test,24b989c41808d734550ebe5228d693f7
valid/Dent/IMG_20230513_103614_jpg.rf.LikKQIh0gt2GNyWreWlv.jpg,Dent,2,S_IMG_20230513_103614_jpg,S_IMG_20230513_103614_jpg,valid,-1,2,train,train,test,train,train,794f751e751794776bcad3a2774db7ae
valid/Dent/IMG_20230513_103617_jpg.rf.FLKUTXgcEvXsPbTiI2XQ.jpg,Dent,2,S_IMG_20230513_103617_jpg,S_IMG_20230513_103617_jpg,valid,-1,0,test,train,val,train,train,4a113614f0d6c799cd8700a6f4b6a5ce
valid/Dent/IMG_20230513_103627_jpg.rf.ebTl8oYBmviKZz85XIbh.jpg,Dent,2,S_IMG_20230513_103627_jpg,S_IMG_20230513_103627_jpg,valid,-1,3,train,train,train,test,train,ad3159e86ee8714983c8b9481a4581ea
valid/Dent/IMG_20230513_103726_jpg.rf.H8fKH6AWgPldmH7hmusG.jpg,Dent,2,S_IMG_20230513_103726_jpg,S_IMG_20230513_103726_jpg,valid,-1,3,train,train,train,test,train,829e48e3ec33beb0aac1308101d4dbb8
valid/Dent/IMG_20230513_104123 - Copy_jpg.rf.rATRicdqTiFHc7IkYkHd.jpg,Dent,2,S_IMG_20230513_104123 - Copy_jpg,S_IMG_20230513_104123 - Copy_jpg,valid,-1,3,train,train,train,test,train,ac5f4a55ace81b015872ef2915513ce4
valid/Dent/IMG_20230513_104133 - Copy_jpg.rf.cuj2lQwIgQfVhZWarT2Z.jpg,Dent,2,S_IMG_20230513_104133 - Copy_jpg,S_IMG_20230513_104133 - Copy_jpg,valid,-1,2,train,train,test,train,train,916455b4b8b271686f2cdc014f6d0ce6
valid/Dent/IMG_20230513_104200 - Copy_jpg.rf.623et1JnM7IG1lp5cxok.jpg,Dent,2,S_IMG_20230513_104200 - Copy_jpg,S_IMG_20230513_104200 - Copy_jpg,valid,-1,0,test,train,train,val,train,cb7440d757cb925ca2d49a13ec26468d
valid/Dent/KWvFP_jpg.rf.Bdg8PBOUFpcf0pVZW9xH.jpg,Dent,2,P17,S_KWvFP_jpg,valid,-1,2,val,val,test,val,val,8ac8d994b158e0c153518b3829baade2
valid/Dent/Minor-Dents-Repair_jpg.rf.cNlo6efjdJ9KGOcZYaH8.jpg,Dent,2,S_Minor-Dents-Repair_jpg,S_Minor-Dents-Repair_jpg,valid,-1,3,train,train,train,test,train,1f8beebe9c913231500fe070242e68a4
valid/Missing Head/101_4_JPG_jpg.rf.61IgkJ10ePB9eTGYeqQh.jpg,Missing Head,3,P101,P101,valid,4,2,train,train,test,train,val,a4d583b122d2b540c89d06a57a2e50e7
valid/Missing Head/106_0_JPG_jpg.rf.5hDyc6JJOzt6Dhot2UGS.jpg,Missing Head,3,P106,P106,valid,0,1,train,test,train,train,train,c26fab7e317839bb68675753e448fea6
valid/Missing Head/106_15_JPG_jpg.rf.FQJ72xIG7XvKj71KzDYf.jpg,Missing Head,3,P106,P106,valid,15,1,train,test,train,train,train,d48c975790faaa4e3aabea0d7bb0492c
valid/Missing Head/106_20_JPG_jpg.rf.afEjMyHRgx99l8akfTDv.jpg,Missing Head,3,P106,P106,valid,20,1,train,test,train,train,train,f762167d7b0be7ce1f98f0551fb749b7
valid/Missing Head/106_5_JPG_jpg.rf.xGp9i21TNfXN38GMwjeB.jpg,Missing Head,3,P106,P106,valid,5,1,train,test,train,train,train,8e047c180a8bf2262942f5521e6c54dd
valid/Missing Head/22_22_JPG_jpg.rf.mXjU9XjIxTESN8NfoJ56.jpg,Missing Head,3,P22,P22,valid,22,2,train,train,test,train,train,059128dbdfaf1aff64bb5aafa9d4d51a
valid/Missing Head/31_1_JPG_jpg.rf.VI0cvKbAvWzjwznoXj5E.jpg,Missing Head,3,P31,P31,valid,1,0,test,train,train,train,train,e823be0e38c054bfd4bb46a28db11267
valid/Missing Head/31_20_JPG_jpg.rf.dFCR2hVLg4IRj9kB3jTU.jpg,Missing Head,3,P31,P31,valid,20,0,test,train,train,train,train,e4d839cd189807784ea5cb6da845e949
valid/Missing Head/31_7_JPG_jpg.rf.EawyLjMttC1zGO9m6cYJ.jpg,Missing Head,3,P31,P31,valid,7,0,test,train,train,train,train,069adc05dac8c52a64e76fd1ae4dbfa5
valid/Missing Head/39_10_JPG_jpg.rf.BvSHosTn1Yj2j6vohlMc.jpg,Missing Head,3,P39,P39,valid,10,3,train,train,train,test,train,01a266cc21a9e2cd1142f03f7ab1ed6c
valid/Missing Head/39_12_JPG_jpg.rf.8HvH1qeo0CsHGmoCzNCv.jpg,Missing Head,3,P39,P39,valid,12,3,train,train,train,test,train,36c03021354f236c5521e6584887954f
valid/Missing Head/39_1_JPG_jpg.rf.upNRcLltmhB0MvswM9BU.jpg,Missing Head,3,P39,P39,valid,1,3,train,train,train,test,train,b3dbd9f849f0ecadd0d0f8810cbb8380
valid/Missing Head/39_24_JPG_jpg.rf.no6eNGsjcgpqvszjgt6u.jpg,Missing Head,3,P39,P39,valid,24,3,train,train,train,test,train,eae105f2f01f93af4c0ffbe99f01e31d
valid/Missing Head/39_4_JPG_jpg.rf.VdxlaSTKT12uv2e0dxz0.jpg,Missing Head,3,P39,P39,valid,4,3,train,train,train,test,train,7edd67fd06b5761ed5cddf471d220f90
valid/Missing Head/43_21_JPG - Copy_jpg.rf.o3R0YQUI8GCiplmMdUG7.jpg,Missing Head,3,P43,P43,valid,21,4,val,val,train,val,test,de1d607d5261672bbcbc4f2e1b55c0b8
valid/Missing Head/43_24_JPG - Copy_jpg.rf.4ZAgjZFFAgvnZN8a8ydn.jpg,Missing Head,3,P43,P43,valid,24,4,val,val,train,val,test,0a68ac9ffccd311a74e20322c5c77bd9
valid/Missing Head/4_jpg.rf.mvb9M7mQXmT68LnRkTNh.jpg,Missing Head,3,S_4_jpg,S_4_jpg,valid,-1,4,train,train,val,train,test,1fbb24d63836c70d54ac2a631bab273e
valid/Missing Head/IMG_20230511_101227_jpg.rf.d0Id6COsqrH4p8H8VDfU.jpg,Missing Head,3,S_IMG_20230511_101227_jpg,S_IMG_20230511_101227_jpg,valid,-1,2,train,val,test,train,train,ff43d56eba8c7732db54c1697acdf7b3
valid/Missing Head/IMG_20230511_101250_jpg.rf.ELQ92AFvN9EZ4M3EwAg7.jpg,Missing Head,3,S_IMG_20230511_101250_jpg,S_IMG_20230511_101250_jpg,valid,-1,0,test,train,train,val,train,99f614c958f665173cc7048d8edb2090
valid/Missing Head/IMG_20230511_101258_jpg.rf.hzmfPy9mP6avJBIz3xh7.jpg,Missing Head,3,S_IMG_20230511_101258_jpg,S_IMG_20230511_101258_jpg,valid,-1,4,train,train,train,train,test,8990ccfe095b28caa3c5c31cc37f5b15
valid/Missing Head/IMG_20230511_101313_jpg.rf.k9FlmWVwuM6NDlxtZX3G.jpg,Missing Head,3,S_IMG_20230511_101313_jpg,S_IMG_20230511_101313_jpg,valid,-1,0,test,train,train,train,train,0524316a32f79066d00291f91c0665a0
valid/Missing Head/IMG_20230511_101319_jpg.rf.XigmqC2VVLVwTYyYBNAc.jpg,Missing Head,3,S_IMG_20230511_101319_jpg,S_IMG_20230511_101319_jpg,valid,-1,4,train,val,train,train,test,9f0096df52c14c8313ff2c26b8e34f19
valid/Missing Head/IMG_20230511_103216_jpg.rf.DlucePdXvcFukz2yAGel.jpg,Missing Head,3,S_IMG_20230511_103216_jpg,S_IMG_20230511_103216_jpg,valid,-1,3,train,train,train,test,train,51ac62a1ac8e28c6f6dd9b8383677a07
valid/Missing Head/IMG_20230512_120035_jpg.rf.snBQ1idd8wEzixJRS3EN.jpg,Missing Head,3,S_IMG_20230512_120035_jpg,S_IMG_20230512_120035_jpg,valid,-1,0,test,train,train,train,train,5be9220d9100235050c597adef3e8725
valid/Missing Head/IMG_20230512_121943_jpg.rf.YIg1x9Vto65YV2U1zxxl.jpg,Missing Head,3,S_IMG_20230512_121943_jpg,S_IMG_20230512_121943_jpg,valid,-1,4,train,train,train,train,test,4768a6cfbb1b97e6ad897547e924246c
valid/Missing Head/IMG_20230513_100146_jpg.rf.OaRu5KUfjisRRDoqgEao.jpg,Missing Head,3,S_IMG_20230513_100146_jpg,S_IMG_20230513_100146_jpg,valid,-1,2,train,train,test,train,val,845a07f87ca96c403458dd452ec5087b
valid/Missing Head/IMG_20230513_100149_jpg.rf.oUkvYzBn8bUu9jNeh6cb.jpg,Missing Head,3,S_IMG_20230513_100149_jpg,S_IMG_20230513_100149_jpg,valid,-1,2,train,train,test,train,val,fb9983f722d96f254432fca792fe19fc
valid/Missing Head/IMG_20230513_100614_jpg.rf.z53bD2i4cLrDqdgUL6T4.jpg,Missing Head,3,S_IMG_20230513_100614_jpg,S_IMG_20230513_100614_jpg,valid,-1,4,val,val,train,train,test,a2bd06a9a4e54c8874cec1e4adf9a4ad
valid/Missing Head/IMG_20230513_100904_jpg.rf.68KaXlXqRNHMobiO1CAR.jpg,Missing Head,3,S_IMG_20230513_100904_jpg,S_IMG_20230513_100904_jpg,valid,-1,4,train,train,train,train,test,b1693aaa607b2c8e92c991f1841af240
valid/Missing Head/IMG_20230513_101013_jpg.rf.bv9QWeWt6u4tMQs0OvWI.jpg,Missing Head,3,S_IMG_20230513_101013_jpg,S_IMG_20230513_101013_jpg,valid,-1,4,train,train,train,val,test,423eedb1b0b327d5db230f49fbf73300
valid/Missing Head/IMG_20230513_102218_jpg.rf.94xo91l5igdceG1CcH4V.jpg,Missing Head,3,S_IMG_20230513_102218_jpg,S_IMG_20230513_102218_jpg,valid,-1,1,train,test,train,train,train,a4165cc6ddfc4e882bb9730fa6f6606a
valid/Missing Head/IMG_20230513_102227_jpg.rf.hJwxjbMYUgNGbqVh7cwW.jpg,Missing Head,3,S_IMG_20230513_102227_jpg,S_IMG_20230513_102227_jpg,valid,-1,2,train,train,test,val,train,4d740907ce84d8d9b877c559f039a43f
valid/Missing Head/IMG_20230513_102634_jpg.rf.aYvl7mWNmbWqaUjoUjaJ.jpg,Missing Head,3,S_IMG_20230513_102634_jpg,S_IMG_20230513_102634_jpg,valid,-1,1,train,test,train,val,train,0b8ec581bb44eeded9d03f6a138dafa8
valid/Missing Head/IMG_20230513_102647_jpg.rf.b8uFBSe1vVBcaBYnTFZk.jpg,Missing Head,3,S_IMG_20230513_102647_jpg,S_IMG_20230513_102647_jpg,valid,-1,0,test,train,train,train,train,3c7c3aa98930627406a5adb73c3dfbd4
valid/Missing Head/IMG_20230513_103347_jpg.rf.Vwz7zinMuFa4kXzYBvbT.jpg,Missing Head,3,S_IMG_20230513_103347_jpg,S_IMG_20230513_103347_jpg,valid,-1,2,train,train,test,train,val,497660b85d4a59563271fe96fd424b57
valid/Missing Head/IMG_20230513_103824_jpg.rf.txGA0Ee6hYkUzbQheiMf.jpg,Missing Head,3,S_IMG_20230513_103824_jpg,S_IMG_20230513_103824_jpg,valid,-1,1,train,test,val,train,train,83670e7d6475996bd198acb1e586c89f
valid/Missing Head/IMG_20230513_103828_jpg.rf.YtWaf1MSoyPXgcKlHEOb.jpg,Missing Head,3,S_IMG_20230513_103828_jpg,S_IMG_20230513_103828_jpg,valid,-1,4,train,val,train,train,test,b47e007541ac6710f14c4e0469af469d
valid/Missing Head/IMG_20230513_104025_jpg.rf.hL65AANiruCEce2BCifw.jpg,Missing Head,3,S_IMG_20230513_104025_jpg,S_IMG_20230513_104025_jpg,valid,-1,4,val,val,train,train,test,836525da24b997a40f5c89c41f3ea803
valid/Missing Head/IMG_20230513_104032_jpg.rf.h7yEJd01WhLRneRhpEM1.jpg,Missing Head,3,S_IMG_20230513_104032_jpg,S_IMG_20230513_104032_jpg,valid,-1,4,train,train,val,train,test,8b5f9a2a61c11ae011e3ee8d74c09562
valid/Missing Head/IMG_20230513_104035_jpg.rf.uKeDGLPx0Ot7BoayQVTX.jpg,Missing Head,3,S_IMG_20230513_104035_jpg,S_IMG_20230513_104035_jpg,valid,-1,1,val,test,train,train,train,2af61f4601857096216e8555f981ab95
valid/Missing Head/SDR-510019035_jpg.rf.rQfyPLlfJRoqckmiZf56.jpg,Missing Head,3,S_SDR-510019035_jpg,S_SDR-510019035_jpg,valid,-1,4,train,train,train,train,test,6fd43bd232da599fe34a5037df9d1018
valid/Paint Off/100_20_JPG_jpg.rf.u4Pf7SXuZBdg3t9E9erE.jpg,Paint Off,4,P100,P100,valid,20,3,val,val,val,test,train,483a8b5893f546e4d1aa1f4486ad46b4
valid/Paint Off/100_24_JPG_jpg.rf.0nCtoFeHTNgI43xvHVlq.jpg,Paint Off,4,P100,P100,valid,24,3,val,val,val,test,train,00a45b11f6c446b7f4391c3b3e7ad189
valid/Paint Off/100_25_JPG_jpg.rf.IrQ4g1iO0WkyzAw9aAiq.jpg,Paint Off,4,P100,P100,valid,25,3,val,val,val,test,train,5b239913ba8def50317fd2312bcc1181
valid/Paint Off/100_2_JPG_jpg.rf.oKw3iC1MR06UZqK83g4M.jpg,Paint Off,4,P100,P100,valid,2,3,val,val,val,test,train,3bf0f687542c977b4e4398040dbd26e1
valid/Paint Off/100_3_JPG_jpg.rf.12mTFqH0SPZpUasAWMmO.jpg,Paint Off,4,P100,P100,valid,3,3,val,val,val,test,train,f1035283a715e3996b8b61b691f6fde2
valid/Paint Off/101_20_JPG_jpg.rf.bVrrGMRDQLSeNRGOysnU.jpg,Paint Off,4,P101,P101,valid,20,2,train,train,test,train,val,4d0aa9e749e9fedfe8714735bd889950
valid/Paint Off/101_2_JPG_jpg.rf.Is6EP32TiwSwYrZ8nbzW.jpg,Paint Off,4,P101,P101,valid,2,2,train,train,test,train,val,c7a2929dfcd2f03f12703efdb1016b07
valid/Paint Off/102_12_JPG_jpg.rf.qeEVRTrezncUsLPAUH73.jpg,Paint Off,4,P102,P102,valid,12,2,train,train,test,train,train,5dea2d3d8712705634089143120a5f31
valid/Paint Off/102_5_JPG_jpg.rf.LKWBEVh3w0vEhAlf7qQi.jpg,Paint Off,4,P102,P102,valid,5,2,train,train,test,train,train,42ab08e569e6e429c775ab12290dc5ff
valid/Paint Off/103_3_JPG_jpg.rf.EbyAGjrMwmLQ64tyZ0CF.jpg,Paint Off,4,P103,P103,valid,3,0,test,train,train,train,train,bed15271027d64ed41e9ffaffdf8bc8f
valid/Paint Off/103_5_JPG_jpg.rf.z82O42o848gfrHsRh8ua.jpg,Paint Off,4,P103,P103,valid,5,0,test,train,train,train,train,9814f00f3686b18f59560a8d53bd67f5
valid/Paint Off/103_7_JPG_jpg.rf.2SqMHXaYyTEaLYZwOvuL.jpg,Paint Off,4,P103,P103,valid,7,0,test,train,train,train,train,4c4895dd9e0f5048fcdeda36b4004fda
valid/Paint Off/173_21_JPG_jpg.rf.i6ToFlV4jjYMoL0hpLoy.jpg,Paint Off,4,P173,P173,valid,21,1,val,test,train,val,val,83edf668a698133d8ab96e51c1da3842
valid/Paint Off/174_15_JPG_jpg.rf.jyY77tl3y3qqAw5ViYB4.jpg,Paint Off,4,P174,P174,valid,15,4,train,train,train,train,test,b5d63c6278b2b5065f5c4ad50dfdaacc
valid/Paint Off/174_23_JPG_jpg.rf.PHi00G7uaLp8vMeQiAhg.jpg,Paint Off,4,P174,P174,valid,23,4,train,train,train,train,test,36b3eba5868cf9a682c2446990bb706d
valid/Paint Off/174_5_JPG_jpg.rf.SnfUR4Fq2SnQIeWPDrUI.jpg,Paint Off,4,P174,P174,valid,5,4,train,train,train,train,test,4e1c0aa5363479b8d367d667c7189b83
valid/Paint Off/174_6_JPG_jpg.rf.osoJuL8UyJKBRcEttxVL.jpg,Paint Off,4,P174,P174,valid,6,4,train,train,train,train,test,9121d6d5605ddbc46214660da091d6f9
valid/Paint Off/174_7_JPG_jpg.rf.fQsnoX0SWgD4gclsY5H4.jpg,Paint Off,4,P174,P174,valid,7,4,train,train,train,train,test,2f5bb6627ca71c299c45680d696cb4c6
valid/Paint Off/39_5_JPG_jpg.rf.KwxHYZqswqzs9qobF7AT.jpg,Paint Off,4,P39,P39,valid,5,3,train,train,train,test,train,a7e2e15b70302151af0aa3a0ff368329
valid/Paint Off/46_6_JPG_jpg.rf.VibUwjG2qr9l3BTUAH5f.jpg,Paint Off,4,P46,P46,valid,6,1,train,test,train,train,train,be1e4c8b3f12ae4606d89370de658790
valid/Paint Off/47_18_JPG_jpg.rf.epNnGmWztidE47sXxaNt.jpg,Paint Off,4,P47,P47,valid,18,1,train,test,train,train,train,f9dc32632ad333a46d7e58da422dafcb
valid/Paint Off/47_1_JPG_jpg.rf.gkxPtewTvJ0d9zeqqkL3.jpg,Paint Off,4,P47,P47,valid,1,1,train,test,train,train,train,566efd250307e5337a9591e360ada4ac
valid/Paint Off/81_11_JPG_jpg.rf.1tiK0qHOghhgpRBi0wLr.jpg,Paint Off,4,P81,P81,valid,11,0,test,val,train,train,train,5068c430b77a2436615384846999f60b
valid/Paint Off/90_3_JPG_jpg.rf.t2TVpJuQhe05IGeEDkQi.jpg,Paint Off,4,P90,P90,valid,3,0,test,train,train,train,train,f36658b7cd242410987cb1f1d9bb8df4
valid/Paint Off/95_7_JPG_jpg.rf.YGlH4rgLuQUg1zxv3qa7.jpg,Paint Off,4,P95,P95,valid,7,4,train,train,train,val,test,dac3ac12c3c59e88b413fd4c08d6f258
valid/Paint Off/99_22_JPG_jpg.rf.v2flHHZuDFUsleob4xZC.jpg,Paint Off,4,P99,P99,valid,22,3,train,train,train,test,train,5fb57c242e6b27b198e0f369e1190d57
valid/Paint Off/99_8_JPG_jpg.rf.mf5ZrFyYrnQZ3uYmnGTn.jpg,Paint Off,4,P99,P99,valid,8,3,train,train,train,test,train,52e5b2fd86f48cba193f5f7432f4753d
valid/Paint Off/IMG_20230511_101805_jpg.rf.f6TpaiJwikUz6CQeEEds.jpg,Paint Off,4,S_IMG_20230511_101805_jpg,S_IMG_20230511_101805_jpg,valid,-1,2,train,train,test,train,train,c79346fe619c0670c46163b73391713c
valid/Paint Off/IMG_20230511_104415_jpg.rf.5dkA7YaHSmgANXFOaLbu.jpg,Paint Off,4,S_IMG_20230511_104415_jpg,S_IMG_20230511_104415_jpg,valid,-1,1,train,test,train,train,train,f7ead8570a1b31d33420a9de91b7497f
valid/Paint Off/IMG_20230511_105148_jpg.rf.JCRtgYGKLRSVcKWmyoXK.jpg,Paint Off,4,S_IMG_20230511_105148_jpg,S_IMG_20230511_105148_jpg,valid,-1,2,train,train,test,train,train,460b996dc62abacc71811f03bc05dd86
valid/Paint Off/IMG_20230513_095649_jpg.rf.KB4tIKUM3fD9waUsKOyS.jpg,Paint Off,4,S_IMG_20230513_095649_jpg,S_IMG_20230513_095649_jpg,valid,-1,4,train,train,val,train,test,5ab6e64ab725f7783e608dce17f846e1
valid/Paint Off/IMG_20230513_102340_jpg.rf.rHq0POqbp3Hl7bH16U20.jpg,Paint Off,4,S_IMG_20230513_102340_jpg,S_IMG_20230513_102340_jpg,valid,-1,0,test,train,train,train,train,b280426528bbd2f6fd6a8667ca25341c
valid/Paint Off/IMG_20230513_102554_jpg.rf.2ks9l2YlHT0zs29tF8u2.jpg,Paint Off,4,S_IMG_20230513_102554_jpg,S_IMG_20230513_102554_jpg,valid,-1,0,test,train,train,train,train,8cbd745f7ed5d757b5dbff7b60a4fcef
valid/Scratch/15_9_JPG_jpg.rf.G54eEh1LhOjOKUm1VabS.jpg,Scratch,5,P15,P15,valid,9,2,val,train,test,train,train,5650273ba410c623e8a94201ed0a2076
valid/Scratch/37_5_JPG_jpg.rf.KRhurvPwqwLwyJlqWX7D.jpg,Scratch,5,P37,P37,valid,5,3,val,val,train,test,train,94b0664d5652aba9444ab0526b784e18
valid/Scratch/40_20_JPG_jpg.rf.tJ6NTnkfYKQgI52Vk24I.jpg,Scratch,5,P40,P40,valid,20,1,train,test,train,train,train,02c81f821eb066b7715f78c4034a1f9a
valid/Scratch/40_23_JPG_jpg.rf.I6X44GTfXd0r7GYvLqBe.jpg,Scratch,5,P40,P40,valid,23,1,train,test,train,train,train,2c74d2eeadc2e19ccf81cb6c452e7594
valid/Scratch/40_4_JPG_jpg.rf.dHHakMvOvVXpZrXbuzDL.jpg,Scratch,5,P40,P40,valid,4,1,train,test,train,train,train,acc80c6e865b3c9d1381b8664a389a81
valid/Scratch/40_7_JPG_jpg.rf.7IhjlbIFXxQevyxaPPGz.jpg,Scratch,5,P40,P40,valid,7,1,train,test,train,train,train,35ab44c4174b16cbb4f92c908a021cf7
valid/Scratch/40_9_JPG_jpg.rf.mSB96FwPUNAW8PLLXZAm.jpg,Scratch,5,P40,P40,valid,9,1,train,test,train,train,train,97001b6873c26263b9f8c041590e9123
valid/Scratch/73_4_JPG_jpg.rf.yJF9A4MKcTwiemCdMF4k.jpg,Scratch,5,P73,P73,valid,4,0,test,train,train,val,val,f33365f1effade68e93042632182069f
valid/Scratch/73_5_JPG_jpg.rf.nVVzhaiXMyxp3W8UQvBQ.jpg,Scratch,5,P73,P73,valid,5,0,test,train,train,val,val,035eb4c9552c3f8b202326a6d7083591
valid/Scratch/73_8_JPG_jpg.rf.7PjKuO68JGrF7ThR7Z7P.jpg,Scratch,5,P73,P73,valid,8,0,test,train,train,val,val,17a11952ca1ef7f82bd19521fe8c9ab4
valid/Scratch/80_0_JPG_jpg.rf.9tCJVlzWea8Evlsym1z6.jpg,Scratch,5,P80,P80,valid,0,2,train,train,test,train,train,a579d8b642c5937de03113b5ce83f476
valid/Scratch/80_23_JPG_jpg.rf.f8gBEpwgaC5mEbiiIg2U.jpg,Scratch,5,P80,P80,valid,23,2,train,train,test,train,train,43a5ca36fed648ca242225929578246f
valid/Scratch/80_2_JPG_jpg.rf.62apBOpcD7ahrkp52b0N.jpg,Scratch,5,P80,P80,valid,2,2,train,train,test,train,train,fd32d20a579e4ca1d3ad54a55d5b3e0e
valid/Scratch/86_15_JPG_jpg.rf.kDOcc0pdVk3vg9o0q6We.jpg,Scratch,5,P86,P86,valid,15,4,train,train,train,train,test,9eca15ee41c47bbe1ab60002987fe129
valid/Scratch/86_21_JPG_jpg.rf.EBajr4wqz2qgC3MDzt7X.jpg,Scratch,5,P86,P86,valid,21,4,train,train,train,train,test,4a1cf2306aa081dfaf16c304702d9a75
valid/Scratch/86_25_JPG_jpg.rf.8cEXTg4BBMz6LuWBcMEp.jpg,Scratch,5,P86,P86,valid,25,4,train,train,train,train,test,bb6cddddb7c39b4fb5d4d0bfd553fef0
valid/Scratch/87_1_JPG_jpg.rf.4blhEF1FhgHkj6qGNRry.jpg,Scratch,5,S_Minor-Dents-Repair_jpg,P87,valid,1,3,train,train,train,test,train,fbbaa01fff7c8868ce938e36e5b777a8
valid/Scratch/87_25_JPG_jpg.rf.LInlETJwJOp73vKM9O0j.jpg,Scratch,5,S_Minor-Dents-Repair_jpg,P87,valid,25,3,train,train,train,test,train,15bdb88efcb94e8f0726bd7f8af5892a
valid/Scratch/87_2_JPG_jpg.rf.yyIqRlvdRR4TGoiZbOtb.jpg,Scratch,5,S_Minor-Dents-Repair_jpg,P87,valid,2,3,train,train,train,test,train,871551f1b0cc236677a061a8f9264ac1
valid/Scratch/87_3_JPG_jpg.rf.uhBlCk4rJB0ihT15KqDM.jpg,Scratch,5,S_Minor-Dents-Repair_jpg,P87,valid,3,3,train,train,train,test,train,4370e5ab50d49808cb2e5e27e8ae7714
valid/Scratch/DSC01673_jpg.rf.645Mjf05huYpkQrQM7Ib.jpg,Scratch,5,P40,S_DSC01673_jpg,valid,-1,1,train,test,train,train,train,aa0a77e45bdaec9f15875c0f7bb64238
valid/Scratch/IMG_20230511_102041_jpg.rf.yiuCfRDgPzJcxqOfUS8M.jpg,Scratch,5,S_IMG_20230511_102041_jpg,S_IMG_20230511_102041_jpg,valid,-1,3,train,train,train,test,train,d74b2ad7901bb64f6f95208c62a772b4
valid/Scratch/IMG_20230513_101341_jpg.rf.1AVNtiQqasbdmxanqOcy.jpg,Scratch,5,S_IMG_20230513_101341_jpg,S_IMG_20230513_101341_jpg,valid,-1,1,train,test,train,train,train,2ee440bd33ba94dc3500fbcec364192a
valid/Scratch/IMG_20230513_101351_jpg.rf.6axnoplEyUvY2LwQuxtE.jpg,Scratch,5,S_IMG_20230513_101351_jpg,S_IMG_20230513_101351_jpg,valid,-1,3,train,val,train,test,train,fb5003b7b0942d0784bf98a5b54e2e20
valid/Scratch/IMG_20230513_102809_jpg.rf.66iUIdetQpIgKYxbmIZM.jpg,Scratch,5,S_IMG_20230513_102809_jpg,S_IMG_20230513_102809_jpg,valid,-1,2,train,val,test,train,train,fa31a8d7d04bb4f5be0e98c50dbfe332
valid/Scratch/IMG_20230513_103531_jpg.rf.EdtoqZOlI0OHRXIAl2Dy.jpg,Scratch,5,S_IMG_20230513_103531_jpg,S_IMG_20230513_103531_jpg,valid,-1,4,train,val,train,train,test,2e40fe16ce7e0f04668a63e655d95312
valid/Scratch/spider_jpg.rf.FdVaGw6ZsbRo5KPMXcIz.jpg,Scratch,5,P80,S_spider_jpg,valid,-1,2,train,train,test,train,train,f340245ec4067b70bbb34cada48e4316
test/Corrosion/105_18_JPG_jpg.rf.OG9oSlolfRGl9IxKOr1M.jpg,Corrosion,0,P105,P105,test,18,4,train,train,train,train,test,6f903c7574f7ad4229ecf7f95747d680
test/Corrosion/105_22_JPG_jpg.rf.8oKQhUCDz6ktictMkcSZ.jpg,Corrosion,0,P105,P105,test,22,4,train,train,train,train,test,f34f17f1bcf16bd5eb6adf5219f2f92b
test/Corrosion/95_22_JPG_jpg.rf.hmAfG056s3mL373TiUuD.jpg,Corrosion,0,P95,P95,test,22,4,train,train,train,val,test,8080e4777b247386c8dd4885d5852beb
test/Corrosion/97_16_JPG_jpg.rf.uHaZKD9tkVUwM3rB1J5K.jpg,Corrosion,0,P97,P97,test,16,2,train,train,test,train,train,f4e3ccfe7c8d7d2a868e7ed3d3ec7ce9
test/Crack/02__Crack_in_Between_Rotor_Seating_Areas-_Approx__Length_60mm_x_Thickness_12_5mm_jpg.rf.4K1Q5FM6MYI5XwHDQVI8.jpg,Crack,1,P3,S_02__Crack_in_Between_Rotor_Seating_Areas-_Approx__Length_60mm_x_Thickness_12_5mm_jpg,test,-1,1,train,test,val,train,train,6dc64ab59397ac1f2e46764778a4aae7
test/Crack/104_11_JPG_jpg.rf.AoK42ix1tb2kdZb9CwBg.jpg,Crack,1,P104,P104,test,11,4,train,train,train,train,test,52aafba1879e173c1c30816fe4730d82
test/Crack/104_14_JPG_jpg.rf.gNEu4dxu0GLRsaceQsgh.jpg,Crack,1,P104,P104,test,14,4,train,train,train,train,test,54eb3513c2739e7e6ad7f57130ec72ed
test/Crack/104_8_JPG_jpg.rf.moa5rC2LdZC5xkucHw3H.jpg,Crack,1,P104,P104,test,8,4,train,train,train,train,test,1153901a4fccc433718c079f2d9c3cd2
test/Crack/107_15_JPG_jpg.rf.U3gO7d5J4hHclFnYFEo1.jpg,Crack,1,P107,P107,test,15,1,train,test,train,val,val,f8de62c5647b8c424d73ec345c220479
test/Crack/107_20_JPG_jpg.rf.c891pWNDsZcaLDUY7QY4.jpg,Crack,1,P107,P107,test,20,1,train,test,train,val,val,9d4fe52716686ec876a3b500cd99b256
test/Crack/109_15_JPG_jpg.rf.zXsarOJaTm8yeyHti9JI.jpg,Crack,1,P109,P109,test,15,4,val,train,train,train,test,7b66e9986416614b94f4edd7d55e3686
test/Crack/134_22_JPG_jpg.rf.PjH47IC6K3sQCokrOzpP.jpg,Crack,1,P134,P134,test,22,1,train,test,val,train,train,4a35bf514b99486b3b1e8e67b935995c
test/Crack/138_8_JPG_jpg.rf.WethwZrWpIbKIBUCdsKk.jpg,Crack,1,P138,P138,test,8,3,train,train,train,test,train,ce60dde9328761053cba352d490f475a
test/Crack/140_10_JPG_jpg.rf.UXSqnJcblpiNw1CM67t9.jpg,Crack,1,P140,P140,test,10,0,test,train,train,train,train,e7c97345ce78228d5ab629cff47f3155
test/Crack/140_11_JPG_jpg.rf.jNWhxlkI2pVF0mWII0SV.jpg,Crack,1,P140,P140,test,11,0,test,train,train,train,train,93df1e0fdfd9efbfe749ed0936a8eb2f
test/Crack/140_9_JPG_jpg.rf.74q1RFlAaJd3WZHi4YBl.jpg,Crack,1,P140,P140,test,9,0,test,train,train,train,train,b9eed10170b29595c9185d2ae84498d6
test/Crack/143_13_JPG_jpg.rf.Pq7T7j1tMdFUmQTjhwuw.jpg,Crack,1,P143,P143,test,13,0,test,train,train,train,train,2676c8f54afe63edd11cb9439228a565
test/Crack/143_24_JPG_jpg.rf.xQsVnzwlSAVUlWN5yxeP.jpg,Crack,1,P143,P143,test,24,0,test,train,train,train,train,b6cad93ed65e13c43efa440f857278f5
test/Crack/143_3_JPG_jpg.rf.RGPowyQvgygCZybixm5A.jpg,Crack,1,P143,P143,test,3,0,test,train,train,train,train,77f4089ef3b1a54ff4f5df075d93ed89
test/Crack/147_1_JPG_jpg.rf.GlVVEqTkD9dKDAvHfdVK.jpg,Crack,1,P147,P147,test,1,1,train,test,train,train,train,e76768505c90bfb6381d079fd20b4cec
test/Crack/148_24_JPG_jpg.rf.UgodpTQ1PtoanusdbJOQ.jpg,Crack,1,P148,P148,test,24,1,train,test,train,train,val,e0233010df02799f8a6abef5512d13b9
test/Crack/148_8_JPG_jpg.rf.hbPWR0QV2PkkzvwgE4l5.jpg,Crack,1,P148,P148,test,8,1,train,test,train,train,val,f8287eafe66059e84e3708d11f0efc6c
test/Crack/151_10_JPG_jpg.rf.Cu4IQEaxWPA1F711y8B8.jpg,Crack,1,P151,P151,test,10,1,train,test,train,train,train,8dba710646955e8eeb7ce768e622ac01
test/Crack/151_7_JPG_jpg.rf.KkYlyacZgyjt454tSHk7.jpg,Crack,1,P151,P151,test,7,1,train,test,train,train,train,046a72dd43f8176089026f7c8f05473b
test/Crack/151_8_JPG_jpg.rf.WkebHByIZbqhJSeGMsXh.jpg,Crack,1,P151,P151,test,8,1,train,test,train,train,train,fa8229f92c2eec77e1acac52687e70f1
test/Crack/152_1_JPG_jpg.rf.bQV48zMRvmdyomCbtDpY.jpg,Crack,1,P152,P152,test,1,1,train,test,train,train,train,4b630f674ba1111e2c8b3404c6918512
test/Crack/154_2_JPG_jpg.rf.BriGJH0iPdVZWZrrma9K.jpg,Crack,1,P154,P154,test,2,1,train,test,train,train,train,a652c681738c141b81dd5909312972bb
test/Crack/154_3_JPG_jpg.rf.RmnNJeuofHAXsT2Beo5H.jpg,Crack,1,P154,P154,test,3,1,train,test,train,train,train,bf7b444cfd171c1a97b22ac6cc760885
test/Crack/155_3_JPG_jpg.rf.l2qlTcRWnXEwWDPqaU5a.jpg,Crack,1,P155,P155,test,3,2,train,train,test,train,train,3b1aab999b051c6bb8ff5e66f80a1469
test/Crack/158_3_JPG - Copy_jpg.rf.RUVg7yuqjvonbOgnVZUP.jpg,Crack,1,P158,P158,test,3,0,test,train,train,train,train,afe388956ef8463d5e99af998368e37d
test/Crack/159_16_JPG_jpg.rf.kkW3xN8fpLJSeEyNL1w0.jpg,Crack,1,P159,P159,test,16,2,train,train,test,train,train,c5eccf7f719eded6790c49b801e5700c
test/Crack/159_9_JPG_jpg.rf.r7Twluw8bHXaKg0MSGNj.jpg,Crack,1,P159,P159,test,9,2,train,train,test,train,train,e1dcd4128a7779c18314da3d8ff4cd2b
test/Crack/161_21_JPG_jpg.rf.CCqDlpeWfJCB73MAcuHj.jpg,Crack,1,P161,P161,test,21,3,train,train,train,test,train,68d6e7c5d2ec011ecb386962f54f697c
test/Crack/161_2_JPG_jpg.rf.lJlclHWXXTlPCXDptpeQ.jpg,Crack,1,P161,P161,test,2,3,train,train,train,test,train,c763638af9bba40ad440488ee53bd274
test/Crack/164_17_JPG_jpg.rf.f80m4DRbIKsJFMqQzDzL.jpg,Crack,1,P164,P164,test,17,3,train,train,train,test,val,eced872cc92768f82f0dcf7958e372fe
test/Crack/164_4_JPG_jpg.rf.ozcLCozIQzxaaPnN6IBf.jpg,Crack,1,P164,P164,test,4,3,train,train,train,test,val,264281a60d129809e36e184859fcd0bb
test/Crack/164_8_JPG_jpg.rf.RHfmLJz7IsbuS6b5C3BB.jpg,Crack,1,P164,P164,test,8,3,train,train,train,test,val,b53c6388c1bf276b03df6cb631b5c718
test/Crack/165_16_JPG_jpg.rf.LEa951Lulc5ubNPYH7qp.jpg,Crack,1,P165,P165,test,16,0,test,train,train,train,val,ddc8c727801fa868a5eeeee20b3589cc
test/Crack/166_11_JPG_jpg.rf.T5R5s0YnJQxSU6mO2oFT.jpg,Crack,1,P166,P166,test,11,2,train,train,test,train,train,9c607b18be79e2c1a431141c94744c85
test/Crack/166_17_JPG_jpg.rf.Ylr3ofwteJwMf5IC39EA.jpg,Crack,1,P166,P166,test,17,2,train,train,test,train,train,c4a9ca75bcf813e18d63e30e7317e2f0
test/Crack/167_14_JPG_jpg.rf.oUbYebRJV1Wt06RzEJva.jpg,Crack,1,P167,P167,test,14,3,val,train,train,test,train,cc91e321679dcae3cb245d6d6958cd6a
test/Crack/167_5_JPG_jpg.rf.RRKLYma944PeACtcLdlU.jpg,Crack,1,P167,P167,test,5,3,val,train,train,test,train,6134bd2af71b200ef5fea612cb020790
test/Crack/168_3_JPG_jpg.rf.LV0HVIIiAEvOtcrWeZwp.jpg,Crack,1,P168,P168,test,3,4,train,train,train,train,test,d795ddb226bea51ba39e1600738acf53
test/Crack/178_23_JPG_jpg.rf.Ho0TDCrEakXTyupP7B6m.jpg,Crack,1,P178,P178,test,23,2,train,train,test,train,train,7f3d97a47bfdbed4f1850240b7c4d54e
test/Crack/184_12_JPG_jpg.rf.rtdJNOCghO26rhXs2kYV.jpg,Crack,1,P184,P184,test,12,1,train,test,train,train,train,56c8e8ce145bae929ab851268f37d9f2
test/Crack/185_0_JPG_jpg.rf.dlnAsjymrIJvr3f2k9N2.jpg,Crack,1,P185,P185,test,0,2,val,val,test,val,train,ba189739d53392c54cafd6aa4650c602
test/Crack/185_25_JPG_jpg.rf.Epj3hHiwyyLdjug5TOlG.jpg,Crack,1,P185,P185,test,25,2,val,val,test,val,train,154ae7e11383b4c6ee7b3c3efab0aa42
test/Crack/190_11_JPG_jpg.rf.Kgw4e3bXCvikFTf39QKI.jpg,Crack,1,P190,P190,test,11,4,train,train,train,train,test,713cef91b4e8f37fe1a78db47f024ad5
test/Crack/208_19_JPG_jpg.rf.l85MhEgX5g1GUOByyn3r.jpg,Crack,1,P208,P208,test,19,2,train,train,test,train,train,bdfc25f56d017bf053cbec90bf53e308
test/Crack/208_23_JPG_jpg.rf.9iq1KYLRADNq1DDGaVqr.jpg,Crack,1,P208,P208,test,23,2,train,train,test,train,train,edf2aa11b4bb63dbbcac4160c53412cb
test/Crack/211_0_JPG_jpg.rf.eAJRiv11BWdByKMiHhfM.jpg,Crack,1,P211,P211,test,0,4,train,train,train,train,test,84d021deca16bbdc22e9571df053e666
test/Crack/21_23_JPG_jpg.rf.HM1pCGh64k1dOrAGQGjA.jpg,Crack,1,P21,P21,test,23,0,test,train,train,train,train,2f655de4d9c9616695b18f60910d89fd
test/Crack/21_24_JPG_jpg.rf.UOdI1tLBWbp8uoHWJMLL.jpg,Crack,1,P21,P21,test,24,0,test,train,train,train,train,05f87081e2d7b5b4f6144a9aa3969b18
test/Crack/41_9_JPG_jpg.rf.dPrExqNEh3673xsC0trL.jpg,Crack,1,P41,P41,test,9,0,test,train,train,train,train,6bccb541d4b3d70279b2c223a92e87be
test/Crack/44_25_JPG_jpg.rf.szRkDwNtJ6X9rXJP4WmD.jpg,Crack,1,P44,P44,test,25,1,train,test,train,train,train,7d70b8d268aa99bb1e44a94d1668f1c2
test/Crack/74_3_JPG_jpg.rf.JRHKy0PRUn1ohu4mdiV6.jpg,Crack,1,P74,P74,test,3,1,train,test,train,val,val,5ec212136bab3543e94dd2df4fdb86eb
test/Crack/79_0_JPG_jpg.rf.znjTTpkgUxicpFGs4nWv.jpg,Crack,1,P79,P79,test,0,0,test,val,train,train,train,2ff9771e93bcbdb0c3cea960d0b417c5
test/Crack/79_4_JPG_jpg.rf.ydWzSfPZwQL7hhjpNflJ.jpg,Crack,1,P79,P79,test,4,0,test,val,train,train,train,512f74b998a3fb8e0c8168057fbf4f11
test/Crack/94_18_JPG_jpg.rf.Huv2g7wGStTkIpzgpvE0.jpg,Crack,1,P94,P94,test,18,3,train,train,train,test,train,fbf01bc4a16d925129189ce3740f7ec2
test/Crack/98_25_JPG_jpg.rf.GQ65Fm1bM6OJVANApAq8.jpg,Crack,1,P98,P98,test,25,4,train,train,train,train,test,93c1066bb14c39001f7d469dcb3389a7
test/Crack/IMG_20230512_124231_jpg.rf.WiGNvM9p3ABKDzk8C5u6.jpg,Crack,1,S_IMG_20230512_124231_jpg,S_IMG_20230512_124231_jpg,test,-1,4,train,train,train,train,test,c912a1f81fccd5fcf9a359bb3e694bc5
test/Crack/IMG_20230512_125758_jpg.rf.a8jlkJfXEUnqe6VCF3dr.jpg,Crack,1,S_IMG_20230512_125758_jpg,S_IMG_20230512_125758_jpg,test,-1,2,train,train,test,train,val,e20262f0536c47b0279c70caa7ed9de0
test/Crack/IMG_20230513_100134_jpg.rf.hDKgkTYtCMpF4ID1o4Uh.jpg,Crack,1,S_IMG_20230513_100134_jpg,S_IMG_20230513_100134_jpg,test,-1,0,test,train,train,train,val,6c921dc7e7461eaa405140b91188167e
test/Crack/IMG_20230513_101133_jpg.rf.ZyBz4Scp12WjBI44Pj4P.jpg,Crack,1,S_IMG_20230513_101133_jpg,S_IMG_20230513_101133_jpg,test,-1,3,train,val,train,test,train,f01e37a984195aa3daa72dd0a1974f0a
test/Crack/IMG_20230513_101536_jpg.rf.oEqRAJRc8JcSAUvOR6s8.jpg,Crack,1,S_IMG_20230513_101536_jpg,S_IMG_20230513_101536_jpg,test,-1,2,train,train,test,train,val,c642453eaf5d7de26c9ea61bcf60d0c0
test/Crack/IMG_20230513_102815_jpg.rf.It9wI3L1ztbUPFxQ4OLn.jpg,Crack,1,S_IMG_20230513_102815_jpg,S_IMG_20230513_102815_jpg,test,-1,1,train,test,train,train,train,d9d55d1a67efcf0c1c5104ae6eb47841
test/Crack/IMG_20230513_102958_jpg.rf.6z2kEbhCusICtKIBF9Zt.jpg,Crack,1,S_IMG_20230513_102958_jpg,S_IMG_20230513_102958_jpg,test,-1,1,train,test,train,train,train,e9e363014f36f6eb1c957840f741d554
test/Crack/IMG_20230513_103950_jpg.rf.kyH0e1hWITV7Puj660yz.jpg,Crack,1,S_IMG_20230513_103950_jpg,S_IMG_20230513_103950_jpg,test,-1,3,train,train,train,test,train,01725d831d3797fd0c46479346f0e7ae
test/Crack/Mast-deck-mount-deck-crack_jpg.rf.XHPm2DL456vkL7LZvOzD.jpg,Crack,1,S_Mast-deck-mount-deck-crack_jpg,S_Mast-deck-mount-deck-crack_jpg,test,-1,2,val,train,test,train,train,01c3bc2fd56ec75ebd7fccb8f9f5b8cf
test/Dent/170_19_JPG_jpg.rf.7dvgVawzXFaxnYdV8Wdv.jpg,Dent,2,P170,P170,test,19,0,test,train,train,train,train,182e992676b38a885e2d8be8cb9ad0bb
test/Dent/171_10_JPG_jpg.rf.E84W4sCPCH2VTKjn5aok.jpg,Dent,2,P171,P171,test,10,0,test,train,train,val,val,515b838cb8877541765d244d058b1def
test/Dent/171_19_JPG_jpg.rf.YAyLVQR8b9ibqJNb3fJr.jpg,Dent,2,P171,P171,test,19,0,test,train,train,val,val,8d66bef3f9ce402d08f8e1edc96c2866
test/Dent/171_8_JPG_jpg.rf.85bGo1eDkFczy8OgCFJi.jpg,Dent,2,P171,P171,test,8,0,test,train,train,val,val,67cd87310eb60a3f88680b9dd22573f5
test/Dent/172_15_JPG_jpg.rf.HnEwltNcKX9SEjkHIWHG.jpg,Dent,2,P172,P172,test,15,0,test,train,train,train,train,0946574ef72e51bba96f8c5e844a230d
test/Dent/172_25_JPG_jpg.rf.PYFotSaUGPl8d2RyPa1B.jpg,Dent,2,P172,P172,test,25,0,test,train,train,train,train,4aac0ed509d63874c5b41f684a797b24
test/Dent/172_8_JPG_jpg.rf.hFPSWsqq4YXQ2bBC2sqL.jpg,Dent,2,P172,P172,test,8,0,test,train,train,train,train,7129d14477087d52fe2eab2812c64e90
test/Dent/172_9_JPG_jpg.rf.0oNTlVtwirhTtGe2HVPZ.jpg,Dent,2,P172,P172,test,9,0,test,train,train,train,train,ef072da18ceb01a779d29c15a133b3dc
test/Dent/175_8_JPG_jpg.rf.Sipqrd4jw2JwlZKYVIrS.jpg,Dent,2,P175,P175,test,8,4,train,val,train,train,test,c1c25c621d037bef15b08c93a1157bbf
test/Dent/176_14_JPG_jpg.rf.AApW1GtmYfyJVHPffHZ6.jpg,Dent,2,P176,P176,test,14,1,train,test,train,train,train,4e3cff7bc72ecef21869c1e94fc6325e
test/Dent/177_21_JPG_jpg.rf.OonW2UMQQK9bCP15tYwS.jpg,Dent,2,P177,P177,test,21,2,train,train,test,train,train,20d20ff65a43dec30a1934c1375f8bb8
test/Dent/179_5_JPG_jpg.rf.RgLL5mvu5mixABQcqphK.jpg,Dent,2,P179,P179,test,5,3,train,train,train,test,train,12f886adb8aa2377b708e2f5fc3b53c6
test/Dent/17_0_JPG_jpg.rf.UXvuqT748kyJglU5efga.jpg,Dent,2,P17,P17,test,0,2,val,val,test,val,val,7eca35ca09668be0aafdfe0ac3dd33b3
test/Dent/17_18_JPG_jpg.rf.Ah4X6dee2kdVAULbGh7G.jpg,Dent,2,P17,P17,test,18,2,val,val,test,val,val,ced1914b0a00a6ffde331d755b643395
test/Dent/180_7_JPG_jpg.rf.mVmCuoVUOZmNuA34BOZR.jpg,Dent,2,P180,P180,test,7,1,train,test,val,train,train,6ab4801f7f7d4544b870fc0614938fd5
test/Dent/181_15_JPG_jpg.rf.EFCBTrFCApje66t1P3j1.jpg,Dent,2,P181,P181,test,15,4,train,train,train,train,test,a474037c080cb3bbe321a17d56fe49c4
test/Dent/181_16_JPG_jpg.rf.b52pzKeN3w0ttbQ9kiDH.jpg,Dent,2,P181,P181,test,16,4,train,train,train,train,test,eeecc15ad1b1aaa35fbb5393673228bd
test/Dent/181_6_JPG_jpg.rf.4arzhyPGigGk1qvp6eSK.jpg,Dent,2,P181,P181,test,6,4,train,train,train,train,test,89a563f772f8b0060402151279ac9af6
test/Dent/182_0_JPG_jpg.rf.hZUgiHEVIdUvRKvVF93i.jpg,Dent,2,P182,P182,test,0,2,train,train,test,train,train,fe38b5bdab070b6380e88088d63b1fcd
test/Dent/182_15_JPG_jpg.rf.5ygeM0kkusFlHYmoAiNT.jpg,Dent,2,P182,P182,test,15,2,train,train,test,train,train,d7d18697685027af0510a40dfa07d750
test/Dent/182_19_JPG_jpg.rf.df6AZYhKXekf0ZYTIo3c.jpg,Dent,2,P182,P182,test,19,2,train,train,test,train,train,d79f160209ef4cd1009bab11fc8cc90d
test/Dent/193_7_JPG_jpg.rf.GeRVvhLRpt6nR0p8wLcJ.jpg,Dent,2,P193,P193,test,7,4,train,train,train,val,test,c7931d01b4cc433e4fefd3bec494ee41
test/Dent/19_22_JPG_jpg.rf.yoZu93wlS9AW6xiIqi7K.jpg,Dent,2,P19,P19,test,22,3,train,train,train,test,train,aaed573615c3e08800a9d314390fd246
test/Dent/2_17_JPG - Copy_jpg.rf.G044u6Iw6SfRZrz1O8a6.jpg,Dent,2,P2,P2,test,17,4,train,train,train,train,test,e75f60bcf28b82e16f0dc87f15a72c2b
test/Dent/32_25_JPG_jpg.rf.DkTcdZtEK0Dv7y79IMqF.jpg,Dent,2,P32,P32,test,25,3,train,train,train,test,train,ebd302517543024f597d803ce8c3cbc2
test/Dent/36_15_JPG_jpg.rf.L4aW1Nps9UjUdVTqk4AH.jpg,Dent,2,P36,P36,test,15,1,train,test,val,train,train,7db417615e24e198dc43884724c74fe1
test/Dent/75_14_JPG_jpg.rf.bjL8TljLssY00A27u0pw.jpg,Dent,2,P75,P75,test,14,4,train,train,train,train,test,603e899f69c6137fa19d53c4c6b8a359
test/Dent/75_2_JPG_jpg.rf.oFfWwpqmdMpmdDKr95Gy.jpg,Dent,2,P75,P75,test,2,4,train,train,train,train,test,041f60fa0a7342771de233619b69fa91
test/Dent/75_8_JPG_jpg.rf.v6xHy4n7rjGKwnbjM5nx.jpg,Dent,2,P75,P75,test,8,4,train,train,train,train,test,306102cf62d4389ffd1fbe6bfdff9b1f
test/Dent/84_6_JPG_jpg.rf.kHqGjxkbWGWTrNFIEPz8.jpg,Dent,2,P84,P84,test,6,0,test,train,train,train,train,db7b7d5355f9293ee1bee0c4f3283aa7
test/Dent/bonnetdent5_jpg.rf.38JtdZZukN7H50PFcvX5.jpg,Dent,2,S_bonnetdent5_jpg,S_bonnetdent5_jpg,test,-1,3,train,val,train,test,train,6de234c3ff6f6f6594712b9758189400
test/Dent/IMG_20230512_123547_jpg.rf.ziSgk1hbEkRsjKGTL72b.jpg,Dent,2,S_IMG_20230512_123547_jpg,S_IMG_20230512_123547_jpg,test,-1,1,train,test,train,val,train,b673cb14d80e786c63ef87d0deb66523
test/Dent/IMG_20230512_125915_jpg.rf.QOuO7IecInGipYD2kgxV.jpg,Dent,2,S_IMG_20230512_125915_jpg,S_IMG_20230512_125915_jpg,test,-1,2,train,train,test,val,train,8c23ce6ee01a6ecba5eca6b9e376ff79
test/Dent/IMG_20230512_125945_jpg.rf.t0k16c7EYXEVMuowTcQo.jpg,Dent,2,S_IMG_20230512_125945_jpg,S_IMG_20230512_125945_jpg,test,-1,1,train,test,train,train,train,e42603624a0551304549a06c20b60c16
test/Dent/IMG_20230513_103416_jpg.rf.0Axh4ZO17Eys6CiuZYAi.jpg,Dent,2,S_IMG_20230513_103416_jpg,S_IMG_20230513_103416_jpg,test,-1,0,test,train,train,train,train,f02fa2c5196923c3ec4116250b83155e
test/Dent/IMG_20230513_103418_jpg.rf.nukSPZHdhVoMyWDZ2FdU.jpg,Dent,2,S_IMG_20230513_103418_jpg,S_IMG_20230513_103418_jpg,test,-1,1,train,test,val,train,train,98c11794b520cdc100e16a9616a31e8f
test/Dent/IMG_20230513_103458_jpg.rf.rX1FJVR4mGEp4Q5h46TP.jpg,Dent,2,S_IMG_20230513_103458_jpg,S_IMG_20230513_103458_jpg,test,-1,3,train,train,val,test,train,4808194130a8ad994ad0b532bfaf2806
test/Dent/IMG_20230513_103600_jpg.rf.ssuCI6BYfKsZdZ8X9Zg4.jpg,Dent,2,S_IMG_20230513_103600_jpg,S_IMG_20230513_103600_jpg,test,-1,2,train,train,test,train,train,198e3c101b915f39ddab2c89b4efcd1b
test/Dent/KWvFP_jpg.rf.mIm1DSoS6FIKQ4LfPdaW.jpg,Dent,2,P17,S_KWvFP_jpg,test,-1,2,val,val,test,val,val,6efcdf99e73e5eeeb566c1bd05b0dc7f
test/Dent/unnamed-1_jpg.rf.ZlRjUj8tRLzd2DKfn2ny.jpg,Dent,2,S_unnamed-1_jpg,S_unnamed-1_jpg,test,-1,0,test,val,train,train,val,ba70241e873b513a01ace58334ef0507
test/Missing Head/106_12_JPG_jpg.rf.Aijv0bqtX3HYrEMG1wsg.jpg,Missing Head,3,P106,P106,test,12,1,train,test,train,train,train,44cdd38c6d633ca5e33a9c3635b49c25
test/Missing Head/39_11_JPG_jpg.rf.TipM0qhlznlfEZvtEKjI.jpg,Missing Head,3,P39,P39,test,11,3,train,train,train,test,train,b49168a42143e23257a775da8bb3ec18
test/Missing Head/39_21_JPG_jpg.rf.ulYh9plxmKIfZxhczZp8.jpg,Missing Head,3,P39,P39,test,21,3,train,train,train,test,train,c875930d5a0525c117cd48831b51ac21
test/Missing Head/39_22_JPG_jpg.rf.7xWFItqyteD3l8bcab6e.jpg,Missing Head,3,P39,P39,test,22,3,train,train,train,test,train,5c4694ae747b463c212bf58105078879
test/Missing Head/IMG_20230511_101133_jpg.rf.BXtkPJ7KDtpBPpWhLw47.jpg,Missing Head,3,S_IMG_20230511_101133_jpg,S_IMG_20230511_101133_jpg,test,-1,4,train,train,val,val,test,f1656750b5555d84c9e673cc9bc13193
test/Missing Head/IMG_20230511_101930_jpg.rf.z2OZwHzh7CDlHzWScKzA.jpg,Missing Head,3,S_IMG_20230511_101930_jpg,S_IMG_20230511_101930_jpg,test,-1,4,train,train,train,train,test,be5c45c69ab09ced7a237f2d4f9878e5
test/Missing Head/IMG_20230512_121825_jpg.rf.2T25wC2Zu9YVYeUiASdv.jpg,Missing Head,3,S_IMG_20230512_121825_jpg,S_IMG_20230512_121825_jpg,test,-1,3,val,train,train,test,train,11f2f6f071d378ba97829efed3ea4461
test/Missing Head/IMG_20230512_123224_jpg.rf.XpDOeurASd3VN28sVrkP.jpg,Missing Head,3,S_IMG_20230512_123224_jpg,S_IMG_20230512_123224_jpg,test,-1,3,val,val,train,test,val,2d1c016f1602cc29b464addae8ceecb8
test/Missing Head/IMG_20230513_100623_jpg.rf.vTkXhIrNSyRpAc61TWIv.jpg,Missing Head,3,S_IMG_20230513_100623_jpg,S_IMG_20230513_100623_jpg,test,-1,3,train,train,train,test,train,b14a60295826cbb95dbe05204e7f7c70
test/Missing Head/IMG_20230513_102514_jpg.rf.AW1t6bWDBzzVV4Vafu4P.jpg,Missing Head,3,S_IMG_20230513_102514_jpg,S_IMG_20230513_102514_jpg,test,-1,2,train,train,test,train,train,4f5eacd53d9ea42fb530a8371a13ad77
test/Paint Off/173_22_JPG_jpg.rf.rSp9KBU0u3v4RcRJtor0.jpg,Paint Off,4,P173,P173,test,22,1,val,test,train,val,val,4950f03091e166a59e1734ff28070101
test/Paint Off/174_0_JPG_jpg.rf.C9IwdM57gl344sK3ChQO.jpg,Paint Off,4,P174,P174,test,0,4,train,train,train,train,test,cc21bc9382a75ac53a3cfdaa4f375b68
test/Paint Off/174_12_JPG_jpg.rf.uueiNQC2Man99b0ib5jV.jpg,Paint Off,4,P174,P174,test,12,4,train,train,train,train,test,edffb4ee63c89808daa5dea9aec73902
test/Paint Off/47_22_JPG_jpg.rf.foMr43q0Ag3FN9qyvDkM.jpg,Paint Off,4,P47,P47,test,22,1,train,test,train,train,train,79b6d2433d6f283ae895905f9024051a
test/Paint Off/47_23_JPG_jpg.rf.6womVDSDsl3kUkbdRuSP.jpg,Paint Off,4,P47,P47,test,23,1,train,test,train,train,train,719e76dab505036c47d339bb0286f2d4
test/Paint Off/81_0_JPG_jpg.rf.iJzb8OLqTGZV1vutubeX.jpg,Paint Off,4,P81,P81,test,0,0,test,val,train,train,train,5f2db2234ccf5d73b6f1129ced9f03e1
test/Paint Off/81_14_JPG_jpg.rf.DzJWEZYNiCroirldbhim.jpg,Paint Off,4,P81,P81,test,14,0,test,val,train,train,train,fdf1a3bfed638c932c0637ff5445f23d
test/Paint Off/90_23_JPG_jpg.rf.jhikaEBZRpWVYNoHno5O.jpg,Paint Off,4,P90,P90,test,23,0,test,train,train,train,train,14e9385408831745fa49d23f722ba296
test/Paint Off/91_4_JPG_jpg.rf.Xm8PfpL02z7vyfblSfDx.jpg,Paint Off,4,P91,P91,test,4,2,train,train,test,train,train,f4bf7731e6871ccfcc3dcf70cb3e7007
test/Paint Off/91_7_JPG_jpg.rf.59LQeVC3439GfgQcoxL2.jpg,Paint Off,4,P91,P91,test,7,2,train,train,test,train,train,366591bb44f13486e252bda554024070
test/Paint Off/99_11_JPG_jpg.rf.IotIZ2OncFhVqOqhHDpb.jpg,Paint Off,4,P99,P99,test,11,3,train,train,train,test,train,aef45f2627724804037ca5e119171a3c
test/Scratch/40_2_JPG_jpg.rf.t25xBDANWDnepDkQM5QS.jpg,Scratch,5,P40,P40,test,2,1,train,test,train,train,train,a34379599a0850c6ca700082ff634961
test/Scratch/86_19_JPG_jpg.rf.6U42aYLRIu1ek8l9h7Wo.jpg,Scratch,5,P86,P86,test,19,4,train,train,train,train,test,9cc2ac03a1f433a3cd535fa2bd80717f
